[LIN] NOTE: 3 client(s) hit DRAIN TIMEOUT during run → history may be INCOMPLETE (missing in-flight Put/Get); this often causes false 'not linearizable'

=== LINEARIZATION FAILED: operation history (total 2065 ops) ===
  [0] client=4  call=1773574927244ms return=1773574927432ms  put('k0', '{"Id":4,"V":0}', '0') -> ('OK')
       PUT key="k0" value="{\"Id\":4,\"V\":0}" version=0 -> err="OK"
  [1] client=5  call=1773574927244ms return=1773574927432ms  put('k0', '{"Id":5,"V":0}', '0') -> ('ErrMaybe')
       PUT key="k0" value="{\"Id\":5,\"V\":0}" version=0 -> err="ErrMaybe"
  [2] client=8  call=1773574927244ms return=1773574927442ms  put('k0', '{"Id":8,"V":0}', '0') -> ('ErrMaybe')
       PUT key="k0" value="{\"Id\":8,\"V\":0}" version=0 -> err="ErrMaybe"
  [3] client=0  call=1773574927244ms return=1773574927453ms  put('k0', '{"Id":0,"V":0}', '0') -> ('ErrMaybe')
       PUT key="k0" value="{\"Id\":0,\"V\":0}" version=0 -> err="ErrMaybe"
  [4] client=6  call=1773574927244ms return=1773574927463ms  put('k0', '{"Id":6,"V":0}', '0') -> ('ErrMaybe')
       PUT key="k0" value="{\"Id\":6,\"V\":0}" version=0 -> err="ErrMaybe"
  [5] client=1  call=1773574927244ms return=1773574927473ms  put('k0', '{"Id":1,"V":0}', '0') -> ('ErrMaybe')
       PUT key="k0" value="{\"Id\":1,\"V\":0}" version=0 -> err="ErrMaybe"
  [6] client=2  call=1773574927244ms return=1773574927493ms  put('k0', '{"Id":2,"V":0}', '0') -> ('ErrMaybe')
       PUT key="k0" value="{\"Id\":2,\"V\":0}" version=0 -> err="ErrMaybe"
  [7] client=7  call=1773574927244ms return=1773574927503ms  put('k0', '{"Id":7,"V":0}', '0') -> ('ErrMaybe')
       PUT key="k0" value="{\"Id\":7,\"V\":0}" version=0 -> err="ErrMaybe"
  [8] client=9  call=1773574927244ms return=1773574927503ms  put('k0', '{"Id":9,"V":0}', '0') -> ('ErrMaybe')
       PUT key="k0" value="{\"Id\":9,\"V\":0}" version=0 -> err="ErrMaybe"
  [9] client=3  call=1773574927244ms return=1773574927503ms  put('k0', '{"Id":3,"V":0}', '0') -> ('ErrMaybe')
       PUT key="k0" value="{\"Id\":3,\"V\":0}" version=0 -> err="ErrMaybe"
  [10] client=5  call=1773574927432ms return=1773574927503ms  get('k0') -> ('{"Id":4,"V":0}', '1', 'OK')
       GET key="k0" -> value="{\"Id\":4,\"V\":0}" version=1 err="OK"
  [11] client=4  call=1773574927432ms return=1773574927523ms  get('k0') -> ('{"Id":4,"V":0}', '1', 'OK')
       GET key="k0" -> value="{\"Id\":4,\"V\":0}" version=1 err="OK"
  [12] client=8  call=1773574927442ms return=1773574927543ms  get('k0') -> ('{"Id":4,"V":0}', '1', 'OK')
       GET key="k0" -> value="{\"Id\":4,\"V\":0}" version=1 err="OK"
  [13] client=6  call=1773574927463ms return=1773574927543ms  get('k0') -> ('{"Id":4,"V":0}', '1', 'OK')
       GET key="k0" -> value="{\"Id\":4,\"V\":0}" version=1 err="OK"
  [14] client=0  call=1773574927453ms return=1773574927543ms  get('k0') -> ('{"Id":4,"V":0}', '1', 'OK')
       GET key="k0" -> value="{\"Id\":4,\"V\":0}" version=1 err="OK"
  [15] client=1  call=1773574927473ms return=1773574927543ms  get('k0') -> ('{"Id":4,"V":0}', '1', 'OK')
       GET key="k0" -> value="{\"Id\":4,\"V\":0}" version=1 err="OK"
  [16] client=3  call=1773574927503ms return=1773574927574ms  get('k0') -> ('{"Id":5,"V":1}', '2', 'OK')
       GET key="k0" -> value="{\"Id\":5,\"V\":1}" version=2 err="OK"
  [17] client=7  call=1773574927503ms return=1773574927574ms  get('k0') -> ('{"Id":5,"V":1}', '2', 'OK')
       GET key="k0" -> value="{\"Id\":5,\"V\":1}" version=2 err="OK"
  [18] client=9  call=1773574927503ms return=1773574927574ms  get('k0') -> ('{"Id":5,"V":1}', '2', 'OK')
       GET key="k0" -> value="{\"Id\":5,\"V\":1}" version=2 err="OK"
  [19] client=2  call=1773574927493ms return=1773574927574ms  get('k0') -> ('{"Id":5,"V":1}', '2', 'OK')
       GET key="k0" -> value="{\"Id\":5,\"V\":1}" version=2 err="OK"
  [20] client=5  call=1773574927503ms return=1773574927574ms  put('k0', '{"Id":5,"V":1}', '1') -> ('OK')
       PUT key="k0" value="{\"Id\":5,\"V\":1}" version=1 -> err="OK"
  [21] client=1  call=1773574927543ms return=1773574927604ms  put('k0', '{"Id":1,"V":1}', '1') -> ('ErrMaybe')
       PUT key="k0" value="{\"Id\":1,\"V\":1}" version=1 -> err="ErrMaybe"
  [22] client=6  call=1773574927543ms return=1773574927614ms  put('k0', '{"Id":6,"V":1}', '1') -> ('ErrMaybe')
       PUT key="k0" value="{\"Id\":6,\"V\":1}" version=1 -> err="ErrMaybe"
  [23] client=0  call=1773574927543ms return=1773574927614ms  put('k0', '{"Id":0,"V":1}', '1') -> ('ErrMaybe')
       PUT key="k0" value="{\"Id\":0,\"V\":1}" version=1 -> err="ErrMaybe"
  [24] client=8  call=1773574927543ms return=1773574927614ms  put('k0', '{"Id":8,"V":1}', '1') -> ('ErrMaybe')
       PUT key="k0" value="{\"Id\":8,\"V\":1}" version=1 -> err="ErrMaybe"
  [25] client=9  call=1773574927574ms return=1773574927614ms  put('k0', '{"Id":9,"V":2}', '2') -> ('OK')
       PUT key="k0" value="{\"Id\":9,\"V\":2}" version=2 -> err="OK"
  [26] client=4  call=1773574927523ms return=1773574927634ms  put('k0', '{"Id":4,"V":1}', '1') -> ('ErrMaybe')
       PUT key="k0" value="{\"Id\":4,\"V\":1}" version=1 -> err="ErrMaybe"
  [27] client=7  call=1773574927574ms return=1773574927644ms  put('k0', '{"Id":7,"V":2}', '2') -> ('ErrMaybe')
       PUT key="k0" value="{\"Id\":7,\"V\":2}" version=2 -> err="ErrMaybe"
  [28] client=2  call=1773574927574ms return=1773574927654ms  put('k0', '{"Id":2,"V":2}', '2') -> ('ErrMaybe')
       PUT key="k0" value="{\"Id\":2,\"V\":2}" version=2 -> err="ErrMaybe"
  [29] client=5  call=1773574927574ms return=1773574927684ms  get('k0') -> ('{"Id":9,"V":2}', '3', 'OK')
       GET key="k0" -> value="{\"Id\":9,\"V\":2}" version=3 err="OK"
  [30] client=1  call=1773574927604ms return=1773574927684ms  get('k0') -> ('{"Id":9,"V":2}', '3', 'OK')
       GET key="k0" -> value="{\"Id\":9,\"V\":2}" version=3 err="OK"
  [31] client=9  call=1773574927614ms return=1773574927684ms  get('k0') -> ('{"Id":9,"V":2}', '3', 'OK')
       GET key="k0" -> value="{\"Id\":9,\"V\":2}" version=3 err="OK"
  [32] client=8  call=1773574927614ms return=1773574927684ms  get('k0') -> ('{"Id":9,"V":2}', '3', 'OK')
       GET key="k0" -> value="{\"Id\":9,\"V\":2}" version=3 err="OK"
  [33] client=6  call=1773574927614ms return=1773574927705ms  get('k0') -> ('{"Id":9,"V":2}', '3', 'OK')
       GET key="k0" -> value="{\"Id\":9,\"V\":2}" version=3 err="OK"
  [34] client=4  call=1773574927634ms return=1773574927705ms  get('k0') -> ('{"Id":9,"V":2}', '3', 'OK')
       GET key="k0" -> value="{\"Id\":9,\"V\":2}" version=3 err="OK"
  [35] client=1  call=1773574927684ms return=1773574927755ms  put('k0', '{"Id":1,"V":3}', '3') -> ('OK')
       PUT key="k0" value="{\"Id\":1,\"V\":3}" version=3 -> err="OK"
  [36] client=8  call=1773574927684ms return=1773574927755ms  put('k0', '{"Id":8,"V":3}', '3') -> ('ErrMaybe')
       PUT key="k0" value="{\"Id\":8,\"V\":3}" version=3 -> err="ErrMaybe"
  [37] client=9  call=1773574927684ms return=1773574927755ms  put('k0', '{"Id":9,"V":3}', '3') -> ('ErrMaybe')
       PUT key="k0" value="{\"Id\":9,\"V\":3}" version=3 -> err="ErrMaybe"
  [38] client=7  call=1773574927644ms return=1773574927755ms  get('k0') -> ('{"Id":9,"V":2}', '3', 'OK')
       GET key="k0" -> value="{\"Id\":9,\"V\":2}" version=3 err="OK"
  [39] client=4  call=1773574927705ms return=1773574927775ms  put('k0', '{"Id":4,"V":3}', '3') -> ('ErrMaybe')
       PUT key="k0" value="{\"Id\":4,\"V\":3}" version=3 -> err="ErrMaybe"
  [40] client=5  call=1773574927684ms return=1773574927786ms  put('k0', '{"Id":5,"V":3}', '3') -> ('ErrMaybe')
       PUT key="k0" value="{\"Id\":5,\"V\":3}" version=3 -> err="ErrMaybe"
  [41] client=0  call=1773574927614ms return=1773574927796ms  get('k0') -> ('{"Id":1,"V":3}', '4', 'OK')
       GET key="k0" -> value="{\"Id\":1,\"V\":3}" version=4 err="OK"
  [42] client=8  call=1773574927755ms return=1773574927816ms  get('k0') -> ('{"Id":1,"V":3}', '4', 'OK')
       GET key="k0" -> value="{\"Id\":1,\"V\":3}" version=4 err="OK"
  [43] client=7  call=1773574927755ms return=1773574927826ms  put('k0', '{"Id":7,"V":3}', '3') -> ('ErrMaybe')
       PUT key="k0" value="{\"Id\":7,\"V\":3}" version=3 -> err="ErrMaybe"
  [44] client=9  call=1773574927755ms return=1773574927826ms  get('k0') -> ('{"Id":1,"V":3}', '4', 'OK')
       GET key="k0" -> value="{\"Id\":1,\"V\":3}" version=4 err="OK"
  [45] client=5  call=1773574927786ms return=1773574927826ms  get('k0') -> ('{"Id":1,"V":3}', '4', 'OK')
       GET key="k0" -> value="{\"Id\":1,\"V\":3}" version=4 err="OK"
  [46] client=1  call=1773574927755ms return=1773574927826ms  get('k0') -> ('{"Id":1,"V":3}', '4', 'OK')
       GET key="k0" -> value="{\"Id\":1,\"V\":3}" version=4 err="OK"
  [47] client=3  call=1773574927574ms return=1773574927866ms  put('k0', '{"Id":3,"V":2}', '2') -> ('ErrMaybe')
       PUT key="k0" value="{\"Id\":3,\"V\":2}" version=2 -> err="ErrMaybe"
  [48] client=6  call=1773574927705ms return=1773574927866ms  put('k0', '{"Id":6,"V":3}', '3') -> ('ErrMaybe')
       PUT key="k0" value="{\"Id\":6,\"V\":3}" version=3 -> err="ErrMaybe"
  [49] client=9  call=1773574927826ms return=1773574927877ms  put('k0', '{"Id":9,"V":4}', '4') -> ('ErrMaybe')
       PUT key="k0" value="{\"Id\":9,\"V\":4}" version=4 -> err="ErrMaybe"
  [50] client=8  call=1773574927816ms return=1773574927877ms  put('k0', '{"Id":8,"V":4}', '4') -> ('OK')
       PUT key="k0" value="{\"Id\":8,\"V\":4}" version=4 -> err="OK"
  [51] client=1  call=1773574927826ms return=1773574927897ms  put('k0', '{"Id":1,"V":4}', '4') -> ('ErrMaybe')
       PUT key="k0" value="{\"Id\":1,\"V\":4}" version=4 -> err="ErrMaybe"
  [52] client=7  call=1773574927826ms return=1773574927897ms  get('k0') -> ('{"Id":8,"V":4}', '5', 'OK')
       GET key="k0" -> value="{\"Id\":8,\"V\":4}" version=5 err="OK"
  [53] client=2  call=1773574927654ms return=1773574927907ms  get('k0') -> ('{"Id":8,"V":4}', '5', 'OK')
       GET key="k0" -> value="{\"Id\":8,\"V\":4}" version=5 err="OK"
  [54] client=0  call=1773574927796ms return=1773574927917ms  put('k0', '{"Id":0,"V":4}', '4') -> ('ErrMaybe')
       PUT key="k0" value="{\"Id\":0,\"V\":4}" version=4 -> err="ErrMaybe"
  [55] client=5  call=1773574927826ms return=1773574927927ms  put('k0', '{"Id":5,"V":4}', '4') -> ('ErrMaybe')
       PUT key="k0" value="{\"Id\":5,\"V\":4}" version=4 -> err="ErrMaybe"
  [56] client=6  call=1773574927866ms return=1773574927927ms  get('k0') -> ('{"Id":8,"V":4}', '5', 'OK')
       GET key="k0" -> value="{\"Id\":8,\"V\":4}" version=5 err="OK"
  [57] client=1  call=1773574927897ms return=1773574927947ms  get('k0') -> ('{"Id":8,"V":4}', '5', 'OK')
       GET key="k0" -> value="{\"Id\":8,\"V\":4}" version=5 err="OK"
  [58] client=8  call=1773574927877ms return=1773574927947ms  get('k0') -> ('{"Id":8,"V":4}', '5', 'OK')
       GET key="k0" -> value="{\"Id\":8,\"V\":4}" version=5 err="OK"
  [59] client=9  call=1773574927877ms return=1773574927947ms  get('k0') -> ('{"Id":8,"V":4}', '5', 'OK')
       GET key="k0" -> value="{\"Id\":8,\"V\":4}" version=5 err="OK"
  [60] client=3  call=1773574927866ms return=1773574927967ms  get('k0') -> ('{"Id":8,"V":4}', '5', 'OK')
       GET key="k0" -> value="{\"Id\":8,\"V\":4}" version=5 err="OK"
  [61] client=6  call=1773574927927ms return=1773574927977ms  put('k0', '{"Id":6,"V":5}', '5') -> ('OK')
       PUT key="k0" value="{\"Id\":6,\"V\":5}" version=5 -> err="OK"
  [62] client=5  call=1773574927927ms return=1773574927977ms  get('k0') -> ('{"Id":6,"V":5}', '6', 'OK')
       GET key="k0" -> value="{\"Id\":6,\"V\":5}" version=6 err="OK"
  [63] client=4  call=1773574927775ms return=1773574927977ms  get('k0') -> ('{"Id":6,"V":5}', '6', 'OK')
       GET key="k0" -> value="{\"Id\":6,\"V\":5}" version=6 err="OK"
  [64] client=7  call=1773574927897ms return=1773574927977ms  put('k0', '{"Id":7,"V":5}', '5') -> ('ErrMaybe')
       PUT key="k0" value="{\"Id\":7,\"V\":5}" version=5 -> err="ErrMaybe"
  [65] client=4  call=1773574927977ms return=1773574927997ms  put('k0', '{"Id":4,"V":6}', '6') -> ('OK')
       PUT key="k0" value="{\"Id\":4,\"V\":6}" version=6 -> err="OK"
  [66] client=0  call=1773574927917ms return=1773574928018ms  get('k0') -> ('{"Id":4,"V":6}', '7', 'OK')
       GET key="k0" -> value="{\"Id\":4,\"V\":6}" version=7 err="OK"
  [67] client=1  call=1773574927947ms return=1773574928018ms  put('k0', '{"Id":1,"V":5}', '5') -> ('ErrMaybe')
       PUT key="k0" value="{\"Id\":1,\"V\":5}" version=5 -> err="ErrMaybe"
  [68] client=9  call=1773574927947ms return=1773574928028ms  put('k0', '{"Id":9,"V":5}', '5') -> ('ErrMaybe')
       PUT key="k0" value="{\"Id\":9,\"V\":5}" version=5 -> err="ErrMaybe"
  [69] client=2  call=1773574927907ms return=1773574928028ms  put('k0', '{"Id":2,"V":5}', '5') -> ('ErrMaybe')
       PUT key="k0" value="{\"Id\":2,\"V\":5}" version=5 -> err="ErrMaybe"
  [70] client=6  call=1773574927977ms return=1773574928028ms  get('k0') -> ('{"Id":4,"V":6}', '7', 'OK')
       GET key="k0" -> value="{\"Id\":4,\"V\":6}" version=7 err="OK"
  [71] client=1  call=1773574928018ms return=1773574928058ms  get('k0') -> ('{"Id":4,"V":6}', '7', 'OK')
       GET key="k0" -> value="{\"Id\":4,\"V\":6}" version=7 err="OK"
  [72] client=7  call=1773574927977ms return=1773574928058ms  get('k0') -> ('{"Id":4,"V":6}', '7', 'OK')
       GET key="k0" -> value="{\"Id\":4,\"V\":6}" version=7 err="OK"
  [73] client=3  call=1773574927967ms return=1773574928058ms  put('k0', '{"Id":3,"V":5}', '5') -> ('ErrMaybe')
       PUT key="k0" value="{\"Id\":3,\"V\":5}" version=5 -> err="ErrMaybe"
  [74] client=4  call=1773574927997ms return=1773574928068ms  get('k0') -> ('{"Id":4,"V":6}', '7', 'OK')
       GET key="k0" -> value="{\"Id\":4,\"V\":6}" version=7 err="OK"
  [75] client=8  call=1773574927947ms return=1773574928088ms  put('k0', '{"Id":8,"V":5}', '5') -> ('ErrMaybe')
       PUT key="k0" value="{\"Id\":8,\"V\":5}" version=5 -> err="ErrMaybe"
  [76] client=5  call=1773574927977ms return=1773574928119ms  put('k0', '{"Id":5,"V":6}', '6') -> ('ErrMaybe')
       PUT key="k0" value="{\"Id\":5,\"V\":6}" version=6 -> err="ErrMaybe"
  [77] client=0  call=1773574928018ms return=1773574928129ms  put('k0', '{"Id":0,"V":7}', '7') -> ('OK')
       PUT key="k0" value="{\"Id\":0,\"V\":7}" version=7 -> err="OK"
  [78] client=2  call=1773574928028ms return=1773574928129ms  get('k0') -> ('{"Id":0,"V":7}', '8', 'OK')
       GET key="k0" -> value="{\"Id\":0,\"V\":7}" version=8 err="OK"
  [79] client=4  call=1773574928068ms return=1773574928139ms  put('k0', '{"Id":4,"V":7}', '7') -> ('ErrMaybe')
       PUT key="k0" value="{\"Id\":4,\"V\":7}" version=7 -> err="ErrMaybe"
  [80] client=3  call=1773574928058ms return=1773574928139ms  get('k0') -> ('{"Id":0,"V":7}', '8', 'OK')
       GET key="k0" -> value="{\"Id\":0,\"V\":7}" version=8 err="OK"
  [81] client=7  call=1773574928058ms return=1773574928139ms  put('k0', '{"Id":7,"V":7}', '7') -> ('ErrMaybe')
       PUT key="k0" value="{\"Id\":7,\"V\":7}" version=7 -> err="ErrMaybe"
  [82] client=6  call=1773574928028ms return=1773574928139ms  put('k0', '{"Id":6,"V":7}', '7') -> ('ErrMaybe')
       PUT key="k0" value="{\"Id\":6,\"V\":7}" version=7 -> err="ErrMaybe"
  [83] client=9  call=1773574928028ms return=1773574928149ms  get('k0') -> ('{"Id":0,"V":7}', '8', 'OK')
       GET key="k0" -> value="{\"Id\":0,\"V\":7}" version=8 err="OK"
  [84] client=6  call=1773574928139ms return=1773574928189ms  get('k0') -> ('{"Id":0,"V":7}', '8', 'OK')
       GET key="k0" -> value="{\"Id\":0,\"V\":7}" version=8 err="OK"
  [85] client=1  call=1773574928058ms return=1773574928189ms  put('k0', '{"Id":1,"V":7}', '7') -> ('ErrMaybe')
       PUT key="k0" value="{\"Id\":1,\"V\":7}" version=7 -> err="ErrMaybe"
  [86] client=8  call=1773574928088ms return=1773574928189ms  get('k0') -> ('{"Id":0,"V":7}', '8', 'OK')
       GET key="k0" -> value="{\"Id\":0,\"V\":7}" version=8 err="OK"
  [87] client=2  call=1773574928129ms return=1773574928199ms  put('k0', '{"Id":2,"V":8}', '8') -> ('OK')
       PUT key="k0" value="{\"Id\":2,\"V\":8}" version=8 -> err="OK"
  [88] client=5  call=1773574928119ms return=1773574928199ms  get('k0') -> ('{"Id":2,"V":8}', '9', 'OK')
       GET key="k0" -> value="{\"Id\":2,\"V\":8}" version=9 err="OK"
  [89] client=9  call=1773574928149ms return=1773574928210ms  put('k0', '{"Id":9,"V":8}', '8') -> ('ErrMaybe')
       PUT key="k0" value="{\"Id\":9,\"V\":8}" version=8 -> err="ErrMaybe"
  [90] client=3  call=1773574928139ms return=1773574928210ms  put('k0', '{"Id":3,"V":8}', '8') -> ('ErrMaybe')
       PUT key="k0" value="{\"Id\":3,\"V\":8}" version=8 -> err="ErrMaybe"
  [91] client=7  call=1773574928139ms return=1773574928210ms  get('k0') -> ('{"Id":2,"V":8}', '9', 'OK')
       GET key="k0" -> value="{\"Id\":2,\"V\":8}" version=9 err="OK"
  [92] client=4  call=1773574928139ms return=1773574928260ms  get('k0') -> ('{"Id":2,"V":8}', '9', 'OK')
       GET key="k0" -> value="{\"Id\":2,\"V\":8}" version=9 err="OK"
  [93] client=0  call=1773574928129ms return=1773574928260ms  get('k0') -> ('{"Id":2,"V":8}', '9', 'OK')
       GET key="k0" -> value="{\"Id\":2,\"V\":8}" version=9 err="OK"
  [94] client=7  call=1773574928210ms return=1773574928260ms  put('k0', '{"Id":7,"V":9}', '9') -> ('OK')
       PUT key="k0" value="{\"Id\":7,\"V\":9}" version=9 -> err="OK"
  [95] client=3  call=1773574928210ms return=1773574928260ms  get('k0') -> ('{"Id":2,"V":8}', '9', 'OK')
       GET key="k0" -> value="{\"Id\":2,\"V\":8}" version=9 err="OK"
  [96] client=6  call=1773574928189ms return=1773574928270ms  put('k0', '{"Id":6,"V":8}', '8') -> ('ErrMaybe')
       PUT key="k0" value="{\"Id\":6,\"V\":8}" version=8 -> err="ErrMaybe"
  [97] client=2  call=1773574928199ms return=1773574928290ms  get('k0') -> ('{"Id":7,"V":9}', '10', 'OK')
       GET key="k0" -> value="{\"Id\":7,\"V\":9}" version=10 err="OK"
  [98] client=8  call=1773574928189ms return=1773574928310ms  put('k0', '{"Id":8,"V":8}', '8') -> ('ErrMaybe')
       PUT key="k0" value="{\"Id\":8,\"V\":8}" version=8 -> err="ErrMaybe"
  [99] client=7  call=1773574928260ms return=1773574928320ms  get('k0') -> ('{"Id":7,"V":9}', '10', 'OK')
       GET key="k0" -> value="{\"Id\":7,\"V\":9}" version=10 err="OK"
  [100] client=1  call=1773574928189ms return=1773574928320ms  get('k0') -> ('{"Id":7,"V":9}', '10', 'OK')
       GET key="k0" -> value="{\"Id\":7,\"V\":9}" version=10 err="OK"
  [101] client=3  call=1773574928260ms return=1773574928341ms  put('k0', '{"Id":3,"V":9}', '9') -> ('ErrMaybe')
       PUT key="k0" value="{\"Id\":3,\"V\":9}" version=9 -> err="ErrMaybe"
  [102] client=4  call=1773574928260ms return=1773574928341ms  put('k0', '{"Id":4,"V":9}', '9') -> ('ErrMaybe')
       PUT key="k0" value="{\"Id\":4,\"V\":9}" version=9 -> err="ErrMaybe"
  [103] client=5  call=1773574928199ms return=1773574928341ms  put('k0', '{"Id":5,"V":9}', '9') -> ('ErrMaybe')
       PUT key="k0" value="{\"Id\":5,\"V\":9}" version=9 -> err="ErrMaybe"
  [104] client=0  call=1773574928260ms return=1773574928350ms  put('k0', '{"Id":0,"V":9}', '9') -> ('ErrMaybe')
       PUT key="k0" value="{\"Id\":0,\"V\":9}" version=9 -> err="ErrMaybe"
  [105] client=6  call=1773574928270ms return=1773574928350ms  get('k0') -> ('{"Id":7,"V":9}', '10', 'OK')
       GET key="k0" -> value="{\"Id\":7,\"V\":9}" version=10 err="OK"
  [106] client=7  call=1773574928320ms return=1773574928370ms  put('k0', '{"Id":7,"V":10}', '10') -> ('OK')
       PUT key="k0" value="{\"Id\":7,\"V\":10}" version=10 -> err="OK"
  [107] client=4  call=1773574928341ms return=1773574928391ms  get('k0') -> ('{"Id":7,"V":10}', '11', 'OK')
       GET key="k0" -> value="{\"Id\":7,\"V\":10}" version=11 err="OK"
  [108] client=0  call=1773574928350ms return=1773574928391ms  get('k0') -> ('{"Id":7,"V":10}', '11', 'OK')
       GET key="k0" -> value="{\"Id\":7,\"V\":10}" version=11 err="OK"
  [109] client=2  call=1773574928290ms return=1773574928391ms  put('k0', '{"Id":2,"V":10}', '10') -> ('ErrMaybe')
       PUT key="k0" value="{\"Id\":2,\"V\":10}" version=10 -> err="ErrMaybe"
  [110] client=1  call=1773574928320ms return=1773574928401ms  put('k0', '{"Id":1,"V":10}', '10') -> ('ErrMaybe')
       PUT key="k0" value="{\"Id\":1,\"V\":10}" version=10 -> err="ErrMaybe"
  [111] client=8  call=1773574928310ms return=1773574928421ms  get('k0') -> ('{"Id":7,"V":10}', '11', 'OK')
       GET key="k0" -> value="{\"Id\":7,\"V\":10}" version=11 err="OK"
  [112] client=6  call=1773574928350ms return=1773574928431ms  put('k0', '{"Id":6,"V":10}', '10') -> ('ErrMaybe')
       PUT key="k0" value="{\"Id\":6,\"V\":10}" version=10 -> err="ErrMaybe"
  [113] client=3  call=1773574928341ms return=1773574928431ms  get('k0') -> ('{"Id":7,"V":10}', '11', 'OK')
       GET key="k0" -> value="{\"Id\":7,\"V\":10}" version=11 err="OK"
  [114] client=7  call=1773574928370ms return=1773574928431ms  get('k0') -> ('{"Id":7,"V":10}', '11', 'OK')
       GET key="k0" -> value="{\"Id\":7,\"V\":10}" version=11 err="OK"
  [115] client=5  call=1773574928341ms return=1773574928431ms  get('k0') -> ('{"Id":7,"V":10}', '11', 'OK')
       GET key="k0" -> value="{\"Id\":7,\"V\":10}" version=11 err="OK"
  [116] client=9  call=1773574928210ms return=1773574928451ms  get('k0') -> ('{"Id":7,"V":10}', '11', 'OK')
       GET key="k0" -> value="{\"Id\":7,\"V\":10}" version=11 err="OK"
  [117] client=4  call=1773574928391ms return=1773574928451ms  put('k0', '{"Id":4,"V":11}', '11') -> ('OK')
       PUT key="k0" value="{\"Id\":4,\"V\":11}" version=11 -> err="OK"
  [118] client=8  call=1773574928421ms return=1773574928491ms  put('k0', '{"Id":8,"V":11}', '11') -> ('ErrMaybe')
       PUT key="k0" value="{\"Id\":8,\"V\":11}" version=11 -> err="ErrMaybe"
  [119] client=2  call=1773574928391ms return=1773574928501ms  get('k0') -> ('{"Id":4,"V":11}', '12', 'OK')
       GET key="k0" -> value="{\"Id\":4,\"V\":11}" version=12 err="OK"
  [120] client=5  call=1773574928431ms return=1773574928521ms  put('k0', '{"Id":5,"V":11}', '11') -> ('ErrMaybe')
       PUT key="k0" value="{\"Id\":5,\"V\":11}" version=11 -> err="ErrMaybe"
  [121] client=7  call=1773574928431ms return=1773574928521ms  put('k0', '{"Id":7,"V":11}', '11') -> ('ErrMaybe')
       PUT key="k0" value="{\"Id\":7,\"V\":11}" version=11 -> err="ErrMaybe"
  [122] client=0  call=1773574928391ms return=1773574928531ms  put('k0', '{"Id":0,"V":11}', '11') -> ('ErrMaybe')
       PUT key="k0" value="{\"Id\":0,\"V\":11}" version=11 -> err="ErrMaybe"
  [123] client=9  call=1773574928451ms return=1773574928532ms  put('k0', '{"Id":9,"V":11}', '11') -> ('ErrMaybe')
       PUT key="k0" value="{\"Id\":9,\"V\":11}" version=11 -> err="ErrMaybe"
  [124] client=6  call=1773574928431ms return=1773574928541ms  get('k0') -> ('{"Id":4,"V":11}', '12', 'OK')
       GET key="k0" -> value="{\"Id\":4,\"V\":11}" version=12 err="OK"
  [125] client=3  call=1773574928431ms return=1773574928542ms  put('k0', '{"Id":3,"V":11}', '11') -> ('ErrMaybe')
       PUT key="k0" value="{\"Id\":3,\"V\":11}" version=11 -> err="ErrMaybe"
  [126] client=4  call=1773574928451ms return=1773574928542ms  get('k0') -> ('{"Id":4,"V":11}', '12', 'OK')
       GET key="k0" -> value="{\"Id\":4,\"V\":11}" version=12 err="OK"
  [127] client=2  call=1773574928501ms return=1773574928542ms  put('k0', '{"Id":2,"V":12}', '12') -> ('OK')
       PUT key="k0" value="{\"Id\":2,\"V\":12}" version=12 -> err="OK"
  [128] client=5  call=1773574928521ms return=1773574928542ms  get('k0') -> ('{"Id":4,"V":11}', '12', 'OK')
       GET key="k0" -> value="{\"Id\":4,\"V\":11}" version=12 err="OK"
  [129] client=1  call=1773574928401ms return=1773574928582ms  get('k0') -> ('{"Id":2,"V":12}', '13', 'OK')
       GET key="k0" -> value="{\"Id\":2,\"V\":12}" version=13 err="OK"
  [130] client=2  call=1773574928542ms return=1773574928602ms  get('k0') -> ('{"Id":2,"V":12}', '13', 'OK')
       GET key="k0" -> value="{\"Id\":2,\"V\":12}" version=13 err="OK"
  [131] client=7  call=1773574928521ms return=1773574928602ms  get('k0') -> ('{"Id":2,"V":12}', '13', 'OK')
       GET key="k0" -> value="{\"Id\":2,\"V\":12}" version=13 err="OK"
  [132] client=8  call=1773574928491ms return=1773574928602ms  get('k0') -> ('{"Id":2,"V":12}', '13', 'OK')
       GET key="k0" -> value="{\"Id\":2,\"V\":12}" version=13 err="OK"
  [133] client=0  call=1773574928532ms return=1773574928602ms  get('k0') -> ('{"Id":2,"V":12}', '13', 'OK')
       GET key="k0" -> value="{\"Id\":2,\"V\":12}" version=13 err="OK"
  [134] client=3  call=1773574928542ms return=1773574928642ms  get('k0') -> ('{"Id":2,"V":12}', '13', 'OK')
       GET key="k0" -> value="{\"Id\":2,\"V\":12}" version=13 err="OK"
  [135] client=4  call=1773574928542ms return=1773574928642ms  put('k0', '{"Id":4,"V":12}', '12') -> ('ErrMaybe')
       PUT key="k0" value="{\"Id\":4,\"V\":12}" version=12 -> err="ErrMaybe"
  [136] client=9  call=1773574928532ms return=1773574928642ms  get('k0') -> ('{"Id":2,"V":12}', '13', 'OK')
       GET key="k0" -> value="{\"Id\":2,\"V\":12}" version=13 err="OK"
  [137] client=6  call=1773574928542ms return=1773574928652ms  put('k0', '{"Id":6,"V":12}', '12') -> ('ErrMaybe')
       PUT key="k0" value="{\"Id\":6,\"V\":12}" version=12 -> err="ErrMaybe"
  [138] client=2  call=1773574928602ms return=1773574928662ms  put('k0', '{"Id":2,"V":13}', '13') -> ('ErrMaybe')
       PUT key="k0" value="{\"Id\":2,\"V\":13}" version=13 -> err="ErrMaybe"
  [139] client=0  call=1773574928602ms return=1773574928693ms  put('k0', '{"Id":0,"V":13}', '13') -> ('ErrMaybe')
       PUT key="k0" value="{\"Id\":0,\"V\":13}" version=13 -> err="ErrMaybe"
  [140] client=9  call=1773574928642ms return=1773574928693ms  put('k0', '{"Id":9,"V":13}', '13') -> ('ErrMaybe')
       PUT key="k0" value="{\"Id\":9,\"V\":13}" version=13 -> err="ErrMaybe"
  [141] client=7  call=1773574928602ms return=1773574928693ms  put('k0', '{"Id":7,"V":13}', '13') -> ('ErrMaybe')
       PUT key="k0" value="{\"Id\":7,\"V\":13}" version=13 -> err="ErrMaybe"
  [142] client=5  call=1773574928542ms return=1773574928703ms  put('k0', '{"Id":5,"V":12}', '12') -> ('ErrMaybe')
       PUT key="k0" value="{\"Id\":5,\"V\":12}" version=12 -> err="ErrMaybe"
  [143] client=8  call=1773574928602ms return=1773574928703ms  put('k0', '{"Id":8,"V":13}', '13') -> ('ErrMaybe')
       PUT key="k0" value="{\"Id\":8,\"V\":13}" version=13 -> err="ErrMaybe"
  [144] client=1  call=1773574928582ms return=1773574928723ms  put('k0', '{"Id":1,"V":13}', '13') -> ('ErrMaybe')
       PUT key="k0" value="{\"Id\":1,\"V\":13}" version=13 -> err="ErrMaybe"
  [145] client=3  call=1773574928642ms return=1773574928723ms  put('k0', '{"Id":3,"V":13}', '13') -> ('ErrMaybe')
       PUT key="k0" value="{\"Id\":3,\"V\":13}" version=13 -> err="ErrMaybe"
  [146] client=4  call=1773574928642ms return=1773574928723ms  get('k0') -> ('{"Id":1,"V":13}', '14', 'OK')
       GET key="k0" -> value="{\"Id\":1,\"V\":13}" version=14 err="OK"
  [147] client=2  call=1773574928662ms return=1773574928743ms  get('k0') -> ('{"Id":1,"V":13}', '14', 'OK')
       GET key="k0" -> value="{\"Id\":1,\"V\":13}" version=14 err="OK"
  [148] client=8  call=1773574928703ms return=1773574928743ms  get('k0') -> ('{"Id":1,"V":13}', '14', 'OK')
       GET key="k0" -> value="{\"Id\":1,\"V\":13}" version=14 err="OK"
  [149] client=5  call=1773574928703ms return=1773574928743ms  get('k0') -> ('{"Id":1,"V":13}', '14', 'OK')
       GET key="k0" -> value="{\"Id\":1,\"V\":13}" version=14 err="OK"
  [150] client=7  call=1773574928693ms return=1773574928743ms  get('k0') -> ('{"Id":1,"V":13}', '14', 'OK')
       GET key="k0" -> value="{\"Id\":1,\"V\":13}" version=14 err="OK"
  [151] client=9  call=1773574928693ms return=1773574928763ms  get('k0') -> ('{"Id":1,"V":13}', '14', 'OK')
       GET key="k0" -> value="{\"Id\":1,\"V\":13}" version=14 err="OK"
  [152] client=0  call=1773574928693ms return=1773574928763ms  get('k0') -> ('{"Id":1,"V":13}', '14', 'OK')
       GET key="k0" -> value="{\"Id\":1,\"V\":13}" version=14 err="OK"
  [153] client=2  call=1773574928743ms return=1773574928793ms  put('k0', '{"Id":2,"V":14}', '14') -> ('ErrMaybe')
       PUT key="k0" value="{\"Id\":2,\"V\":14}" version=14 -> err="ErrMaybe"
  [154] client=4  call=1773574928723ms return=1773574928793ms  put('k0', '{"Id":4,"V":14}', '14') -> ('OK')
       PUT key="k0" value="{\"Id\":4,\"V\":14}" version=14 -> err="OK"
  [155] client=3  call=1773574928723ms return=1773574928793ms  get('k0') -> ('{"Id":4,"V":14}', '15', 'OK')
       GET key="k0" -> value="{\"Id\":4,\"V\":14}" version=15 err="OK"
  [156] client=7  call=1773574928743ms return=1773574928824ms  put('k0', '{"Id":7,"V":14}', '14') -> ('ErrMaybe')
       PUT key="k0" value="{\"Id\":7,\"V\":14}" version=14 -> err="ErrMaybe"
  [157] client=5  call=1773574928743ms return=1773574928834ms  put('k0', '{"Id":5,"V":14}', '14') -> ('ErrMaybe')
       PUT key="k0" value="{\"Id\":5,\"V\":14}" version=14 -> err="ErrMaybe"
  [158] client=8  call=1773574928743ms return=1773574928834ms  put('k0', '{"Id":8,"V":14}', '14') -> ('ErrMaybe')
       PUT key="k0" value="{\"Id\":8,\"V\":14}" version=14 -> err="ErrMaybe"
  [159] client=9  call=1773574928763ms return=1773574928834ms  put('k0', '{"Id":9,"V":14}', '14') -> ('ErrMaybe')
       PUT key="k0" value="{\"Id\":9,\"V\":14}" version=14 -> err="ErrMaybe"
  [160] client=3  call=1773574928793ms return=1773574928854ms  put('k0', '{"Id":3,"V":15}', '15') -> ('OK')
       PUT key="k0" value="{\"Id\":3,\"V\":15}" version=15 -> err="OK"
  [161] client=6  call=1773574928652ms return=1773574928854ms  get('k0') -> ('{"Id":4,"V":14}', '15', 'OK')
       GET key="k0" -> value="{\"Id\":4,\"V\":14}" version=15 err="OK"
  [162] client=4  call=1773574928793ms return=1773574928854ms  get('k0') -> ('{"Id":3,"V":15}', '16', 'OK')
       GET key="k0" -> value="{\"Id\":3,\"V\":15}" version=16 err="OK"
  [163] client=2  call=1773574928793ms return=1773574928874ms  get('k0') -> ('{"Id":3,"V":15}', '16', 'OK')
       GET key="k0" -> value="{\"Id\":3,\"V\":15}" version=16 err="OK"
  [164] client=0  call=1773574928763ms return=1773574928874ms  put('k0', '{"Id":0,"V":14}', '14') -> ('ErrMaybe')
       PUT key="k0" value="{\"Id\":0,\"V\":14}" version=14 -> err="ErrMaybe"
  [165] client=1  call=1773574928723ms return=1773574928874ms  get('k0') -> ('{"Id":3,"V":15}', '16', 'OK')
       GET key="k0" -> value="{\"Id\":3,\"V\":15}" version=16 err="OK"
  [166] client=7  call=1773574928824ms return=1773574928914ms  get('k0') -> ('{"Id":3,"V":15}', '16', 'OK')
       GET key="k0" -> value="{\"Id\":3,\"V\":15}" version=16 err="OK"
  [167] client=9  call=1773574928834ms return=1773574928914ms  get('k0') -> ('{"Id":3,"V":15}', '16', 'OK')
       GET key="k0" -> value="{\"Id\":3,\"V\":15}" version=16 err="OK"
  [168] client=5  call=1773574928834ms return=1773574928914ms  get('k0') -> ('{"Id":3,"V":15}', '16', 'OK')
       GET key="k0" -> value="{\"Id\":3,\"V\":15}" version=16 err="OK"
  [169] client=8  call=1773574928834ms return=1773574928935ms  get('k0') -> ('{"Id":3,"V":15}', '16', 'OK')
       GET key="k0" -> value="{\"Id\":3,\"V\":15}" version=16 err="OK"
  [170] client=3  call=1773574928854ms return=1773574928935ms  get('k0') -> ('{"Id":3,"V":15}', '16', 'OK')
       GET key="k0" -> value="{\"Id\":3,\"V\":15}" version=16 err="OK"
  [171] client=5  call=1773574928914ms return=1773574928935ms  put('k0', '{"Id":5,"V":16}', '16') -> ('OK')
       PUT key="k0" value="{\"Id\":5,\"V\":16}" version=16 -> err="OK"
  [172] client=0  call=1773574928874ms return=1773574928935ms  get('k0') -> ('{"Id":3,"V":15}', '16', 'OK')
       GET key="k0" -> value="{\"Id\":3,\"V\":15}" version=16 err="OK"
  [173] client=1  call=1773574928874ms return=1773574928965ms  put('k0', '{"Id":1,"V":16}', '16') -> ('ErrMaybe')
       PUT key="k0" value="{\"Id\":1,\"V\":16}" version=16 -> err="ErrMaybe"
  [174] client=6  call=1773574928854ms return=1773574928965ms  put('k0', '{"Id":6,"V":15}', '15') -> ('ErrMaybe')
       PUT key="k0" value="{\"Id\":6,\"V\":15}" version=15 -> err="ErrMaybe"
  [175] client=2  call=1773574928874ms return=1773574928965ms  put('k0', '{"Id":2,"V":16}', '16') -> ('ErrMaybe')
       PUT key="k0" value="{\"Id\":2,\"V\":16}" version=16 -> err="ErrMaybe"
  [176] client=9  call=1773574928914ms return=1773574928995ms  put('k0', '{"Id":9,"V":16}', '16') -> ('ErrMaybe')
       PUT key="k0" value="{\"Id\":9,\"V\":16}" version=16 -> err="ErrMaybe"
  [177] client=4  call=1773574928854ms return=1773574929005ms  put('k0', '{"Id":4,"V":16}', '16') -> ('ErrMaybe')
       PUT key="k0" value="{\"Id\":4,\"V\":16}" version=16 -> err="ErrMaybe"
  [178] client=3  call=1773574928935ms return=1773574929005ms  put('k0', '{"Id":3,"V":16}', '16') -> ('ErrMaybe')
       PUT key="k0" value="{\"Id\":3,\"V\":16}" version=16 -> err="ErrMaybe"
  [179] client=0  call=1773574928935ms return=1773574929026ms  put('k0', '{"Id":0,"V":16}', '16') -> ('ErrMaybe')
       PUT key="k0" value="{\"Id\":0,\"V\":16}" version=16 -> err="ErrMaybe"
  [180] client=8  call=1773574928935ms return=1773574929026ms  put('k0', '{"Id":8,"V":16}', '16') -> ('ErrMaybe')
       PUT key="k0" value="{\"Id\":8,\"V\":16}" version=16 -> err="ErrMaybe"
  [181] client=5  call=1773574928935ms return=1773574929026ms  get('k0') -> ('{"Id":5,"V":16}', '17', 'OK')
       GET key="k0" -> value="{\"Id\":5,\"V\":16}" version=17 err="OK"
  [182] client=6  call=1773574928965ms return=1773574929056ms  get('k0') -> ('{"Id":5,"V":16}', '17', 'OK')
       GET key="k0" -> value="{\"Id\":5,\"V\":16}" version=17 err="OK"
  [183] client=9  call=1773574928995ms return=1773574929056ms  get('k0') -> ('{"Id":5,"V":16}', '17', 'OK')
       GET key="k0" -> value="{\"Id\":5,\"V\":16}" version=17 err="OK"
  [184] client=7  call=1773574928914ms return=1773574929066ms  put('k0', '{"Id":7,"V":16}', '16') -> ('ErrMaybe')
       PUT key="k0" value="{\"Id\":7,\"V\":16}" version=16 -> err="ErrMaybe"
  [185] client=3  call=1773574929005ms return=1773574929096ms  get('k0') -> ('{"Id":5,"V":16}', '17', 'OK')
       GET key="k0" -> value="{\"Id\":5,\"V\":16}" version=17 err="OK"
  [186] client=0  call=1773574929026ms return=1773574929106ms  get('k0') -> ('{"Id":5,"V":16}', '17', 'OK')
       GET key="k0" -> value="{\"Id\":5,\"V\":16}" version=17 err="OK"
  [187] client=4  call=1773574929005ms return=1773574929106ms  get('k0') -> ('{"Id":5,"V":17}', '18', 'OK')
       GET key="k0" -> value="{\"Id\":5,\"V\":17}" version=18 err="OK"
  [188] client=5  call=1773574929026ms return=1773574929106ms  put('k0', '{"Id":5,"V":17}', '17') -> ('OK')
       PUT key="k0" value="{\"Id\":5,\"V\":17}" version=17 -> err="OK"
  [189] client=9  call=1773574929056ms return=1773574929136ms  put('k0', '{"Id":9,"V":17}', '17') -> ('ErrMaybe')
       PUT key="k0" value="{\"Id\":9,\"V\":17}" version=17 -> err="ErrMaybe"
  [190] client=8  call=1773574929026ms return=1773574929137ms  get('k0') -> ('{"Id":5,"V":17}', '18', 'OK')
       GET key="k0" -> value="{\"Id\":5,\"V\":17}" version=18 err="OK"
  [191] client=7  call=1773574929066ms return=1773574929137ms  get('k0') -> ('{"Id":5,"V":17}', '18', 'OK')
       GET key="k0" -> value="{\"Id\":5,\"V\":17}" version=18 err="OK"
  [192] client=6  call=1773574929056ms return=1773574929147ms  put('k0', '{"Id":6,"V":17}', '17') -> ('ErrMaybe')
       PUT key="k0" value="{\"Id\":6,\"V\":17}" version=17 -> err="ErrMaybe"
  [193] client=2  call=1773574928965ms return=1773574929147ms  get('k0') -> ('{"Id":5,"V":17}', '18', 'OK')
       GET key="k0" -> value="{\"Id\":5,\"V\":17}" version=18 err="OK"
  [194] client=5  call=1773574929106ms return=1773574929157ms  get('k0') -> ('{"Id":5,"V":17}', '18', 'OK')
       GET key="k0" -> value="{\"Id\":5,\"V\":17}" version=18 err="OK"
  [195] client=3  call=1773574929096ms return=1773574929157ms  put('k0', '{"Id":3,"V":17}', '17') -> ('ErrMaybe')
       PUT key="k0" value="{\"Id\":3,\"V\":17}" version=17 -> err="ErrMaybe"
  [196] client=1  call=1773574928965ms return=1773574929197ms  get('k0') -> ('{"Id":5,"V":17}', '18', 'OK')
       GET key="k0" -> value="{\"Id\":5,\"V\":17}" version=18 err="OK"
  [197] client=4  call=1773574929106ms return=1773574929207ms  put('k0', '{"Id":4,"V":18}', '18') -> ('OK')
       PUT key="k0" value="{\"Id\":4,\"V\":18}" version=18 -> err="OK"
  [198] client=9  call=1773574929136ms return=1773574929227ms  get('k0') -> ('{"Id":4,"V":18}', '19', 'OK')
       GET key="k0" -> value="{\"Id\":4,\"V\":18}" version=19 err="OK"
  [199] client=8  call=1773574929137ms return=1773574929227ms  put('k0', '{"Id":8,"V":18}', '18') -> ('ErrMaybe')
       PUT key="k0" value="{\"Id\":8,\"V\":18}" version=18 -> err="ErrMaybe"
  [200] client=2  call=1773574929147ms return=1773574929227ms  put('k0', '{"Id":2,"V":18}', '18') -> ('ErrMaybe')
       PUT key="k0" value="{\"Id\":2,\"V\":18}" version=18 -> err="ErrMaybe"
  [201] client=6  call=1773574929147ms return=1773574929227ms  get('k0') -> ('{"Id":4,"V":18}', '19', 'OK')
       GET key="k0" -> value="{\"Id\":4,\"V\":18}" version=19 err="OK"
  [202] client=5  call=1773574929157ms return=1773574929227ms  put('k0', '{"Id":5,"V":18}', '18') -> ('ErrMaybe')
       PUT key="k0" value="{\"Id\":5,\"V\":18}" version=18 -> err="ErrMaybe"
  [203] client=3  call=1773574929157ms return=1773574929227ms  get('k0') -> ('{"Id":4,"V":18}', '19', 'OK')
       GET key="k0" -> value="{\"Id\":4,\"V\":18}" version=19 err="OK"
  [204] client=0  call=1773574929106ms return=1773574929247ms  put('k0', '{"Id":0,"V":17}', '17') -> ('ErrMaybe')
       PUT key="k0" value="{\"Id\":0,\"V\":17}" version=17 -> err="ErrMaybe"
  [205] client=4  call=1773574929207ms return=1773574929267ms  get('k0') -> ('{"Id":4,"V":18}', '19', 'OK')
       GET key="k0" -> value="{\"Id\":4,\"V\":18}" version=19 err="OK"
  [206] client=7  call=1773574929137ms return=1773574929277ms  put('k0', '{"Id":7,"V":18}', '18') -> ('ErrMaybe')
       PUT key="k0" value="{\"Id\":7,\"V\":18}" version=18 -> err="ErrMaybe"
  [207] client=1  call=1773574929197ms return=1773574929277ms  put('k0', '{"Id":1,"V":18}', '18') -> ('ErrMaybe')
       PUT key="k0" value="{\"Id\":1,\"V\":18}" version=18 -> err="ErrMaybe"
  [208] client=5  call=1773574929227ms return=1773574929277ms  get('k0') -> ('{"Id":4,"V":18}', '19', 'OK')
       GET key="k0" -> value="{\"Id\":4,\"V\":18}" version=19 err="OK"
  [209] client=2  call=1773574929227ms return=1773574929287ms  get('k0') -> ('{"Id":4,"V":18}', '19', 'OK')
       GET key="k0" -> value="{\"Id\":4,\"V\":18}" version=19 err="OK"
  [210] client=3  call=1773574929227ms return=1773574929307ms  put('k0', '{"Id":3,"V":19}', '19') -> ('ErrMaybe')
       PUT key="k0" value="{\"Id\":3,\"V\":19}" version=19 -> err="ErrMaybe"
  [211] client=8  call=1773574929227ms return=1773574929307ms  get('k0') -> ('{"Id":9,"V":19}', '20', 'OK')
       GET key="k0" -> value="{\"Id\":9,\"V\":19}" version=20 err="OK"
  [212] client=6  call=1773574929227ms return=1773574929307ms  put('k0', '{"Id":6,"V":19}', '19') -> ('ErrMaybe')
       PUT key="k0" value="{\"Id\":6,\"V\":19}" version=19 -> err="ErrMaybe"
  [213] client=5  call=1773574929277ms return=1773574929347ms  put('k0', '{"Id":5,"V":19}', '19') -> ('ErrMaybe')
       PUT key="k0" value="{\"Id\":5,\"V\":19}" version=19 -> err="ErrMaybe"
  [214] client=0  call=1773574929247ms return=1773574929347ms  get('k0') -> ('{"Id":9,"V":19}', '20', 'OK')
       GET key="k0" -> value="{\"Id\":9,\"V\":19}" version=20 err="OK"
  [215] client=1  call=1773574929277ms return=1773574929357ms  get('k0') -> ('{"Id":9,"V":19}', '20', 'OK')
       GET key="k0" -> value="{\"Id\":9,\"V\":19}" version=20 err="OK"
  [216] client=8  call=1773574929307ms return=1773574929368ms  put('k0', '{"Id":8,"V":20}', '20') -> ('OK')
       PUT key="k0" value="{\"Id\":8,\"V\":20}" version=20 -> err="OK"
  [217] client=4  call=1773574929267ms return=1773574929368ms  put('k0', '{"Id":4,"V":19}', '19') -> ('ErrMaybe')
       PUT key="k0" value="{\"Id\":4,\"V\":19}" version=19 -> err="ErrMaybe"
  [218] client=3  call=1773574929307ms return=1773574929398ms  get('k0') -> ('{"Id":8,"V":20}', '21', 'OK')
       GET key="k0" -> value="{\"Id\":8,\"V\":20}" version=21 err="OK"
  [219] client=9  call=1773574929227ms return=1773574929408ms  put('k0', '{"Id":9,"V":19}', '19') -> ('ErrMaybe')
       PUT key="k0" value="{\"Id\":9,\"V\":19}" version=19 -> err="ErrMaybe"
  [220] client=6  call=1773574929307ms return=1773574929408ms  get('k0') -> ('{"Id":8,"V":20}', '21', 'OK')
       GET key="k0" -> value="{\"Id\":8,\"V\":20}" version=21 err="OK"
  [221] client=0  call=1773574929347ms return=1773574929408ms  put('k0', '{"Id":0,"V":20}', '20') -> ('ErrMaybe')
       PUT key="k0" value="{\"Id\":0,\"V\":20}" version=20 -> err="ErrMaybe"
  [222] client=7  call=1773574929277ms return=1773574929408ms  get('k0') -> ('{"Id":8,"V":20}', '21', 'OK')
       GET key="k0" -> value="{\"Id\":8,\"V\":20}" version=21 err="OK"
  [223] client=4  call=1773574929368ms return=1773574929408ms  get('k0') -> ('{"Id":8,"V":20}', '21', 'OK')
       GET key="k0" -> value="{\"Id\":8,\"V\":20}" version=21 err="OK"
  [224] client=1  call=1773574929357ms return=1773574929428ms  put('k0', '{"Id":1,"V":20}', '20') -> ('ErrMaybe')
       PUT key="k0" value="{\"Id\":1,\"V\":20}" version=20 -> err="ErrMaybe"
  [225] client=8  call=1773574929368ms return=1773574929458ms  get('k0') -> ('{"Id":3,"V":21}', '22', 'OK')
       GET key="k0" -> value="{\"Id\":3,\"V\":21}" version=22 err="OK"
  [226] client=3  call=1773574929398ms return=1773574929458ms  put('k0', '{"Id":3,"V":21}', '21') -> ('OK')
       PUT key="k0" value="{\"Id\":3,\"V\":21}" version=21 -> err="OK"
  [227] client=2  call=1773574929287ms return=1773574929468ms  put('k0', '{"Id":2,"V":19}', '19') -> ('ErrMaybe')
       PUT key="k0" value="{\"Id\":2,\"V\":19}" version=19 -> err="ErrMaybe"
  [228] client=0  call=1773574929408ms return=1773574929468ms  get('k0') -> ('{"Id":3,"V":21}', '22', 'OK')
       GET key="k0" -> value="{\"Id\":3,\"V\":21}" version=22 err="OK"
  [229] client=9  call=1773574929408ms return=1773574929478ms  get('k0') -> ('{"Id":3,"V":21}', '22', 'OK')
       GET key="k0" -> value="{\"Id\":3,\"V\":21}" version=22 err="OK"
  [230] client=6  call=1773574929408ms return=1773574929488ms  put('k0', '{"Id":6,"V":21}', '21') -> ('ErrMaybe')
       PUT key="k0" value="{\"Id\":6,\"V\":21}" version=21 -> err="ErrMaybe"
  [231] client=4  call=1773574929408ms return=1773574929488ms  put('k0', '{"Id":4,"V":21}', '21') -> ('ErrMaybe')
       PUT key="k0" value="{\"Id\":4,\"V\":21}" version=21 -> err="ErrMaybe"
  [232] client=1  call=1773574929428ms return=1773574929509ms  get('k0') -> ('{"Id":3,"V":21}', '22', 'OK')
       GET key="k0" -> value="{\"Id\":3,\"V\":21}" version=22 err="OK"
  [233] client=5  call=1773574929347ms return=1773574929509ms  get('k0') -> ('{"Id":3,"V":21}', '22', 'OK')
       GET key="k0" -> value="{\"Id\":3,\"V\":21}" version=22 err="OK"
  [234] client=3  call=1773574929458ms return=1773574929519ms  get('k0') -> ('{"Id":3,"V":21}', '22', 'OK')
       GET key="k0" -> value="{\"Id\":3,\"V\":21}" version=22 err="OK"
  [235] client=7  call=1773574929408ms return=1773574929549ms  put('k0', '{"Id":7,"V":21}', '21') -> ('ErrMaybe')
       PUT key="k0" value="{\"Id\":7,\"V\":21}" version=21 -> err="ErrMaybe"
  [236] client=6  call=1773574929488ms return=1773574929559ms  get('k0') -> ('{"Id":8,"V":22}', '23', 'OK')
       GET key="k0" -> value="{\"Id\":8,\"V\":22}" version=23 err="OK"
  [237] client=5  call=1773574929509ms return=1773574929569ms  put('k0', '{"Id":5,"V":22}', '22') -> ('ErrMaybe')
       PUT key="k0" value="{\"Id\":5,\"V\":22}" version=22 -> err="ErrMaybe"
  [238] client=4  call=1773574929488ms return=1773574929569ms  get('k0') -> ('{"Id":8,"V":22}', '23', 'OK')
       GET key="k0" -> value="{\"Id\":8,\"V\":22}" version=23 err="OK"
  [239] client=9  call=1773574929478ms return=1773574929579ms  put('k0', '{"Id":9,"V":22}', '22') -> ('ErrMaybe')
       PUT key="k0" value="{\"Id\":9,\"V\":22}" version=22 -> err="ErrMaybe"
  [240] client=8  call=1773574929458ms return=1773574929589ms  put('k0', '{"Id":8,"V":22}', '22') -> ('ErrMaybe')
       PUT key="k0" value="{\"Id\":8,\"V\":22}" version=22 -> err="ErrMaybe"
  [241] client=0  call=1773574929468ms return=1773574929589ms  put('k0', '{"Id":0,"V":22}', '22') -> ('ErrMaybe')
       PUT key="k0" value="{\"Id\":0,\"V\":22}" version=22 -> err="ErrMaybe"
  [242] client=2  call=1773574929468ms return=1773574929599ms  get('k0') -> ('{"Id":8,"V":22}', '23', 'OK')
       GET key="k0" -> value="{\"Id\":8,\"V\":22}" version=23 err="OK"
  [243] client=1  call=1773574929509ms return=1773574929620ms  put('k0', '{"Id":1,"V":22}', '22') -> ('ErrMaybe')
       PUT key="k0" value="{\"Id\":1,\"V\":22}" version=22 -> err="ErrMaybe"
  [244] client=7  call=1773574929549ms return=1773574929620ms  get('k0') -> ('{"Id":8,"V":22}', '23', 'OK')
       GET key="k0" -> value="{\"Id\":8,\"V\":22}" version=23 err="OK"
  [245] client=5  call=1773574929569ms return=1773574929620ms  get('k0') -> ('{"Id":8,"V":22}', '23', 'OK')
       GET key="k0" -> value="{\"Id\":8,\"V\":22}" version=23 err="OK"
  [246] client=9  call=1773574929579ms return=1773574929630ms  get('k0') -> ('{"Id":6,"V":23}', '24', 'OK')
       GET key="k0" -> value="{\"Id\":6,\"V\":23}" version=24 err="OK"
  [247] client=6  call=1773574929559ms return=1773574929630ms  put('k0', '{"Id":6,"V":23}', '23') -> ('OK')
       PUT key="k0" value="{\"Id\":6,\"V\":23}" version=23 -> err="OK"
  [248] client=3  call=1773574929519ms return=1773574929670ms  put('k0', '{"Id":3,"V":22}', '22') -> ('ErrMaybe')
       PUT key="k0" value="{\"Id\":3,\"V\":22}" version=22 -> err="ErrMaybe"
  [249] client=0  call=1773574929589ms return=1773574929670ms  get('k0') -> ('{"Id":6,"V":23}', '24', 'OK')
       GET key="k0" -> value="{\"Id\":6,\"V\":23}" version=24 err="OK"
  [250] client=4  call=1773574929569ms return=1773574929670ms  put('k0', '{"Id":4,"V":23}', '23') -> ('ErrMaybe')
       PUT key="k0" value="{\"Id\":4,\"V\":23}" version=23 -> err="ErrMaybe"
  [251] client=8  call=1773574929589ms return=1773574929670ms  get('k0') -> ('{"Id":6,"V":23}', '24', 'OK')
       GET key="k0" -> value="{\"Id\":6,\"V\":23}" version=24 err="OK"
  [252] client=2  call=1773574929599ms return=1773574929690ms  put('k0', '{"Id":2,"V":23}', '23') -> ('ErrMaybe')
       PUT key="k0" value="{\"Id\":2,\"V\":23}" version=23 -> err="ErrMaybe"
  [253] client=5  call=1773574929620ms return=1773574929690ms  put('k0', '{"Id":5,"V":23}', '23') -> ('ErrMaybe')
       PUT key="k0" value="{\"Id\":5,\"V\":23}" version=23 -> err="ErrMaybe"
  [254] client=1  call=1773574929620ms return=1773574929700ms  get('k0') -> ('{"Id":6,"V":23}', '24', 'OK')
       GET key="k0" -> value="{\"Id\":6,\"V\":23}" version=24 err="OK"
  [255] client=6  call=1773574929630ms return=1773574929710ms  get('k0') -> ('{"Id":9,"V":24}', '25', 'OK')
       GET key="k0" -> value="{\"Id\":9,\"V\":24}" version=25 err="OK"
  [256] client=9  call=1773574929630ms return=1773574929711ms  put('k0', '{"Id":9,"V":24}', '24') -> ('OK')
       PUT key="k0" value="{\"Id\":9,\"V\":24}" version=24 -> err="OK"
  [257] client=3  call=1773574929670ms return=1773574929741ms  get('k0') -> ('{"Id":9,"V":24}', '25', 'OK')
       GET key="k0" -> value="{\"Id\":9,\"V\":24}" version=25 err="OK"
  [258] client=4  call=1773574929670ms return=1773574929751ms  get('k0') -> ('{"Id":9,"V":24}', '25', 'OK')
       GET key="k0" -> value="{\"Id\":9,\"V\":24}" version=25 err="OK"
  [259] client=8  call=1773574929670ms return=1773574929751ms  put('k0', '{"Id":8,"V":24}', '24') -> ('ErrMaybe')
       PUT key="k0" value="{\"Id\":8,\"V\":24}" version=24 -> err="ErrMaybe"
  [260] client=0  call=1773574929670ms return=1773574929751ms  put('k0', '{"Id":0,"V":24}', '24') -> ('ErrMaybe')
       PUT key="k0" value="{\"Id\":0,\"V\":24}" version=24 -> err="ErrMaybe"
  [261] client=6  call=1773574929711ms return=1773574929781ms  put('k0', '{"Id":6,"V":25}', '25') -> ('OK')
       PUT key="k0" value="{\"Id\":6,\"V\":25}" version=25 -> err="OK"
  [262] client=1  call=1773574929700ms return=1773574929781ms  put('k0', '{"Id":1,"V":24}', '24') -> ('ErrMaybe')
       PUT key="k0" value="{\"Id\":1,\"V\":24}" version=24 -> err="ErrMaybe"
  [263] client=0  call=1773574929751ms return=1773574929801ms  get('k0') -> ('{"Id":6,"V":25}', '26', 'OK')
       GET key="k0" -> value="{\"Id\":6,\"V\":25}" version=26 err="OK"
  [264] client=2  call=1773574929690ms return=1773574929801ms  get('k0') -> ('{"Id":6,"V":25}', '26', 'OK')
       GET key="k0" -> value="{\"Id\":6,\"V\":25}" version=26 err="OK"
  [265] client=5  call=1773574929690ms return=1773574929801ms  get('k0') -> ('{"Id":6,"V":25}', '26', 'OK')
       GET key="k0" -> value="{\"Id\":6,\"V\":25}" version=26 err="OK"
  [266] client=7  call=1773574929620ms return=1773574929801ms  put('k0', '{"Id":7,"V":23}', '23') -> ('ErrMaybe')
       PUT key="k0" value="{\"Id\":7,\"V\":23}" version=23 -> err="ErrMaybe"
  [267] client=4  call=1773574929751ms return=1773574929811ms  put('k0', '{"Id":4,"V":25}', '25') -> ('ErrMaybe')
       PUT key="k0" value="{\"Id\":4,\"V\":25}" version=25 -> err="ErrMaybe"
  [268] client=3  call=1773574929741ms return=1773574929811ms  put('k0', '{"Id":3,"V":25}', '25') -> ('ErrMaybe')
       PUT key="k0" value="{\"Id\":3,\"V\":25}" version=25 -> err="ErrMaybe"
  [269] client=9  call=1773574929711ms return=1773574929811ms  get('k0') -> ('{"Id":6,"V":25}', '26', 'OK')
       GET key="k0" -> value="{\"Id\":6,\"V\":25}" version=26 err="OK"
  [270] client=8  call=1773574929751ms return=1773574929821ms  get('k0') -> ('{"Id":6,"V":25}', '26', 'OK')
       GET key="k0" -> value="{\"Id\":6,\"V\":25}" version=26 err="OK"
  [271] client=6  call=1773574929781ms return=1773574929882ms  get('k0') -> ('{"Id":6,"V":25}', '26', 'OK')
       GET key="k0" -> value="{\"Id\":6,\"V\":25}" version=26 err="OK"
  [272] client=5  call=1773574929801ms return=1773574929892ms  put('k0', '{"Id":5,"V":26}', '26') -> ('ErrMaybe')
       PUT key="k0" value="{\"Id\":5,\"V\":26}" version=26 -> err="ErrMaybe"
  [273] client=2  call=1773574929801ms return=1773574929892ms  put('k0', '{"Id":2,"V":26}', '26') -> ('ErrMaybe')
       PUT key="k0" value="{\"Id\":2,\"V\":26}" version=26 -> err="ErrMaybe"
  [274] client=9  call=1773574929811ms return=1773574929892ms  put('k0', '{"Id":9,"V":26}', '26') -> ('ErrMaybe')
       PUT key="k0" value="{\"Id\":9,\"V\":26}" version=26 -> err="ErrMaybe"
  [275] client=7  call=1773574929801ms return=1773574929892ms  get('k0') -> ('{"Id":0,"V":26}', '27', 'OK')
       GET key="k0" -> value="{\"Id\":0,\"V\":26}" version=27 err="OK"
  [276] client=4  call=1773574929811ms return=1773574929892ms  get('k0') -> ('{"Id":0,"V":26}', '27', 'OK')
       GET key="k0" -> value="{\"Id\":0,\"V\":26}" version=27 err="OK"
  [277] client=1  call=1773574929781ms return=1773574929912ms  get('k0') -> ('{"Id":0,"V":26}', '27', 'OK')
       GET key="k0" -> value="{\"Id\":0,\"V\":26}" version=27 err="OK"
  [278] client=8  call=1773574929821ms return=1773574929932ms  put('k0', '{"Id":8,"V":26}', '26') -> ('ErrMaybe')
       PUT key="k0" value="{\"Id\":8,\"V\":26}" version=26 -> err="ErrMaybe"
  [279] client=6  call=1773574929882ms return=1773574929962ms  put('k0', '{"Id":6,"V":26}', '26') -> ('ErrMaybe')
       PUT key="k0" value="{\"Id\":6,\"V\":26}" version=26 -> err="ErrMaybe"
  [280] client=5  call=1773574929892ms return=1773574929984ms  get('k0') -> ('{"Id":0,"V":26}', '27', 'OK')
       GET key="k0" -> value="{\"Id\":0,\"V\":26}" version=27 err="OK"
  [281] client=0  call=1773574929801ms return=1773574929984ms  put('k0', '{"Id":0,"V":26}', '26') -> ('ErrMaybe')
       PUT key="k0" value="{\"Id\":0,\"V\":26}" version=26 -> err="ErrMaybe"
  [282] client=3  call=1773574929811ms return=1773574929985ms  get('k0') -> ('{"Id":7,"V":27}', '28', 'OK')
       GET key="k0" -> value="{\"Id\":7,\"V\":27}" version=28 err="OK"
  [283] client=2  call=1773574929892ms return=1773574929985ms  get('k0') -> ('{"Id":7,"V":27}', '28', 'OK')
       GET key="k0" -> value="{\"Id\":7,\"V\":27}" version=28 err="OK"
  [284] client=7  call=1773574929892ms return=1773574929985ms  put('k0', '{"Id":7,"V":27}', '27') -> ('OK')
       PUT key="k0" value="{\"Id\":7,\"V\":27}" version=27 -> err="OK"
  [285] client=4  call=1773574929892ms return=1773574930005ms  put('k0', '{"Id":4,"V":27}', '27') -> ('ErrMaybe')
       PUT key="k0" value="{\"Id\":4,\"V\":27}" version=27 -> err="ErrMaybe"
  [286] client=8  call=1773574929932ms return=1773574930005ms  get('k0') -> ('{"Id":7,"V":27}', '28', 'OK')
       GET key="k0" -> value="{\"Id\":7,\"V\":27}" version=28 err="OK"
  [287] client=9  call=1773574929892ms return=1773574930005ms  get('k0') -> ('{"Id":7,"V":27}', '28', 'OK')
       GET key="k0" -> value="{\"Id\":7,\"V\":27}" version=28 err="OK"
  [288] client=6  call=1773574929962ms return=1773574930045ms  get('k0') -> ('{"Id":7,"V":27}', '28', 'OK')
       GET key="k0" -> value="{\"Id\":7,\"V\":27}" version=28 err="OK"
  [289] client=0  call=1773574929984ms return=1773574930055ms  get('k0') -> ('{"Id":7,"V":27}', '28', 'OK')
       GET key="k0" -> value="{\"Id\":7,\"V\":27}" version=28 err="OK"
  [290] client=1  call=1773574929912ms return=1773574930055ms  put('k0', '{"Id":1,"V":27}', '27') -> ('ErrMaybe')
       PUT key="k0" value="{\"Id\":1,\"V\":27}" version=27 -> err="ErrMaybe"
  [291] client=3  call=1773574929985ms return=1773574930075ms  put('k0', '{"Id":3,"V":28}', '28') -> ('OK')
       PUT key="k0" value="{\"Id\":3,\"V\":28}" version=28 -> err="OK"
  [292] client=9  call=1773574930005ms return=1773574930085ms  put('k0', '{"Id":9,"V":28}', '28') -> ('ErrMaybe')
       PUT key="k0" value="{\"Id\":9,\"V\":28}" version=28 -> err="ErrMaybe"
  [293] client=7  call=1773574929985ms return=1773574930085ms  get('k0') -> ('{"Id":3,"V":28}', '29', 'OK')
       GET key="k0" -> value="{\"Id\":3,\"V\":28}" version=29 err="OK"
  [294] client=2  call=1773574929985ms return=1773574930085ms  put('k0', '{"Id":2,"V":28}', '28') -> ('ErrMaybe')
       PUT key="k0" value="{\"Id\":2,\"V\":28}" version=28 -> err="ErrMaybe"
  [295] client=8  call=1773574930005ms return=1773574930085ms  put('k0', '{"Id":8,"V":28}', '28') -> ('ErrMaybe')
       PUT key="k0" value="{\"Id\":8,\"V\":28}" version=28 -> err="ErrMaybe"
  [296] client=5  call=1773574929984ms return=1773574930085ms  put('k0', '{"Id":5,"V":27}', '27') -> ('ErrMaybe')
       PUT key="k0" value="{\"Id\":5,\"V\":27}" version=27 -> err="ErrMaybe"
  [297] client=8  call=1773574930085ms return=1773574930146ms  get('k0') -> ('{"Id":7,"V":29}', '30', 'OK')
       GET key="k0" -> value="{\"Id\":7,\"V\":29}" version=30 err="OK"
  [298] client=7  call=1773574930085ms return=1773574930146ms  put('k0', '{"Id":7,"V":29}', '29') -> ('OK')
       PUT key="k0" value="{\"Id\":7,\"V\":29}" version=29 -> err="OK"
  [299] client=0  call=1773574930055ms return=1773574930166ms  put('k0', '{"Id":0,"V":28}', '28') -> ('ErrMaybe')
       PUT key="k0" value="{\"Id\":0,\"V\":28}" version=28 -> err="ErrMaybe"
  [300] client=6  call=1773574930045ms return=1773574930166ms  put('k0', '{"Id":6,"V":28}', '28') -> ('ErrMaybe')
       PUT key="k0" value="{\"Id\":6,\"V\":28}" version=28 -> err="ErrMaybe"
  [301] client=1  call=1773574930055ms return=1773574930166ms  get('k0') -> ('{"Id":7,"V":29}', '30', 'OK')
       GET key="k0" -> value="{\"Id\":7,\"V\":29}" version=30 err="OK"
  [302] client=9  call=1773574930085ms return=1773574930166ms  get('k0') -> ('{"Id":7,"V":29}', '30', 'OK')
       GET key="k0" -> value="{\"Id\":7,\"V\":29}" version=30 err="OK"
  [303] client=2  call=1773574930085ms return=1773574930196ms  get('k0') -> ('{"Id":7,"V":29}', '30', 'OK')
       GET key="k0" -> value="{\"Id\":7,\"V\":29}" version=30 err="OK"
  [304] client=5  call=1773574930085ms return=1773574930196ms  get('k0') -> ('{"Id":7,"V":29}', '30', 'OK')
       GET key="k0" -> value="{\"Id\":7,\"V\":29}" version=30 err="OK"
  [305] client=6  call=1773574930166ms return=1773574930206ms  get('k0') -> ('{"Id":7,"V":29}', '30', 'OK')
       GET key="k0" -> value="{\"Id\":7,\"V\":29}" version=30 err="OK"
  [306] client=7  call=1773574930146ms return=1773574930206ms  get('k0') -> ('{"Id":7,"V":29}', '30', 'OK')
       GET key="k0" -> value="{\"Id\":7,\"V\":29}" version=30 err="OK"
  [307] client=9  call=1773574930166ms return=1773574930216ms  put('k0', '{"Id":9,"V":30}', '30') -> ('ErrMaybe')
       PUT key="k0" value="{\"Id\":9,\"V\":30}" version=30 -> err="ErrMaybe"
  [308] client=8  call=1773574930146ms return=1773574930216ms  put('k0', '{"Id":8,"V":30}', '30') -> ('OK')
       PUT key="k0" value="{\"Id\":8,\"V\":30}" version=30 -> err="OK"
  [309] client=0  call=1773574930166ms return=1773574930236ms  get('k0') -> ('{"Id":8,"V":30}', '31', 'OK')
       GET key="k0" -> value="{\"Id\":8,\"V\":30}" version=31 err="OK"
  [310] client=2  call=1773574930196ms return=1773574930236ms  put('k0', '{"Id":2,"V":30}', '30') -> ('ErrMaybe')
       PUT key="k0" value="{\"Id\":2,\"V\":30}" version=30 -> err="ErrMaybe"
  [311] client=5  call=1773574930196ms return=1773574930236ms  put('k0', '{"Id":5,"V":30}', '30') -> ('ErrMaybe')
       PUT key="k0" value="{\"Id\":5,\"V\":30}" version=30 -> err="ErrMaybe"
  [312] client=3  call=1773574930075ms return=1773574930236ms  get('k0') -> ('{"Id":8,"V":30}', '31', 'OK')
       GET key="k0" -> value="{\"Id\":8,\"V\":30}" version=31 err="OK"
  [313] client=1  call=1773574930166ms return=1773574930247ms  put('k0', '{"Id":1,"V":30}', '30') -> ('ErrMaybe')
       PUT key="k0" value="{\"Id\":1,\"V\":30}" version=30 -> err="ErrMaybe"
  [314] client=4  call=1773574930005ms return=1773574930247ms  get('k0') -> ('{"Id":8,"V":30}', '31', 'OK')
       GET key="k0" -> value="{\"Id\":8,\"V\":30}" version=31 err="OK"
  [315] client=7  call=1773574930206ms return=1773574930267ms  put('k0', '{"Id":7,"V":30}', '30') -> ('ErrMaybe')
       PUT key="k0" value="{\"Id\":7,\"V\":30}" version=30 -> err="ErrMaybe"
  [316] client=8  call=1773574930216ms return=1773574930297ms  get('k0') -> ('{"Id":8,"V":30}', '31', 'OK')
       GET key="k0" -> value="{\"Id\":8,\"V\":30}" version=31 err="OK"
  [317] client=6  call=1773574930206ms return=1773574930297ms  put('k0', '{"Id":6,"V":30}', '30') -> ('ErrMaybe')
       PUT key="k0" value="{\"Id\":6,\"V\":30}" version=30 -> err="ErrMaybe"
  [318] client=0  call=1773574930236ms return=1773574930297ms  put('k0', '{"Id":0,"V":31}', '31') -> ('ErrMaybe')
       PUT key="k0" value="{\"Id\":0,\"V\":31}" version=31 -> err="ErrMaybe"
  [319] client=9  call=1773574930216ms return=1773574930307ms  get('k0') -> ('{"Id":3,"V":31}', '32', 'OK')
       GET key="k0" -> value="{\"Id\":3,\"V\":31}" version=32 err="OK"
  [320] client=5  call=1773574930236ms return=1773574930327ms  get('k0') -> ('{"Id":3,"V":31}', '32', 'OK')
       GET key="k0" -> value="{\"Id\":3,\"V\":31}" version=32 err="OK"
  [321] client=1  call=1773574930247ms return=1773574930327ms  get('k0') -> ('{"Id":3,"V":31}', '32', 'OK')
       GET key="k0" -> value="{\"Id\":3,\"V\":31}" version=32 err="OK"
  [322] client=4  call=1773574930247ms return=1773574930327ms  put('k0', '{"Id":4,"V":31}', '31') -> ('ErrMaybe')
       PUT key="k0" value="{\"Id\":4,\"V\":31}" version=31 -> err="ErrMaybe"
  [323] client=2  call=1773574930236ms return=1773574930348ms  get('k0') -> ('{"Id":3,"V":31}', '32', 'OK')
       GET key="k0" -> value="{\"Id\":3,\"V\":31}" version=32 err="OK"
  [324] client=8  call=1773574930297ms return=1773574930378ms  put('k0', '{"Id":8,"V":31}', '31') -> ('ErrMaybe')
       PUT key="k0" value="{\"Id\":8,\"V\":31}" version=31 -> err="ErrMaybe"
  [325] client=1  call=1773574930327ms return=1773574930378ms  put('k0', '{"Id":1,"V":32}', '32') -> ('OK')
       PUT key="k0" value="{\"Id\":1,\"V\":32}" version=32 -> err="OK"
  [326] client=0  call=1773574930297ms return=1773574930378ms  get('k0') -> ('{"Id":3,"V":31}', '32', 'OK')
       GET key="k0" -> value="{\"Id\":3,\"V\":31}" version=32 err="OK"
  [327] client=9  call=1773574930308ms return=1773574930378ms  put('k0', '{"Id":9,"V":32}', '32') -> ('ErrMaybe')
       PUT key="k0" value="{\"Id\":9,\"V\":32}" version=32 -> err="ErrMaybe"
  [328] client=2  call=1773574930348ms return=1773574930408ms  put('k0', '{"Id":2,"V":32}', '32') -> ('ErrMaybe')
       PUT key="k0" value="{\"Id\":2,\"V\":32}" version=32 -> err="ErrMaybe"
  [329] client=5  call=1773574930327ms return=1773574930408ms  put('k0', '{"Id":5,"V":32}', '32') -> ('ErrMaybe')
       PUT key="k0" value="{\"Id\":5,\"V\":32}" version=32 -> err="ErrMaybe"
  [330] client=8  call=1773574930378ms return=1773574930438ms  get('k0') -> ('{"Id":1,"V":32}', '33', 'OK')
       GET key="k0" -> value="{\"Id\":1,\"V\":32}" version=33 err="OK"
  [331] client=4  call=1773574930327ms return=1773574930438ms  get('k0') -> ('{"Id":1,"V":32}', '33', 'OK')
       GET key="k0" -> value="{\"Id\":1,\"V\":32}" version=33 err="OK"
  [332] client=3  call=1773574930236ms return=1773574930438ms  put('k0', '{"Id":3,"V":31}', '31') -> ('ErrMaybe')
       PUT key="k0" value="{\"Id\":3,\"V\":31}" version=31 -> err="ErrMaybe"
  [333] client=5  call=1773574930408ms return=1773574930468ms  get('k0') -> ('{"Id":1,"V":32}', '33', 'OK')
       GET key="k0" -> value="{\"Id\":1,\"V\":32}" version=33 err="OK"
  [334] client=9  call=1773574930378ms return=1773574930478ms  get('k0') -> ('{"Id":1,"V":32}', '33', 'OK')
       GET key="k0" -> value="{\"Id\":1,\"V\":32}" version=33 err="OK"
  [335] client=1  call=1773574930378ms return=1773574930478ms  get('k0') -> ('{"Id":1,"V":32}', '33', 'OK')
       GET key="k0" -> value="{\"Id\":1,\"V\":32}" version=33 err="OK"
  [336] client=6  call=1773574930297ms return=1773574930478ms  get('k0') -> ('{"Id":1,"V":32}', '33', 'OK')
       GET key="k0" -> value="{\"Id\":1,\"V\":32}" version=33 err="OK"
  [337] client=2  call=1773574930408ms return=1773574930488ms  get('k0') -> ('{"Id":1,"V":32}', '33', 'OK')
       GET key="k0" -> value="{\"Id\":1,\"V\":32}" version=33 err="OK"
  [338] client=4  call=1773574930438ms return=1773574930498ms  put('k0', '{"Id":4,"V":33}', '33') -> ('OK')
       PUT key="k0" value="{\"Id\":4,\"V\":33}" version=33 -> err="OK"
  [339] client=8  call=1773574930438ms return=1773574930508ms  put('k0', '{"Id":8,"V":33}', '33') -> ('ErrMaybe')
       PUT key="k0" value="{\"Id\":8,\"V\":33}" version=33 -> err="ErrMaybe"
  [340] client=0  call=1773574930378ms return=1773574930518ms  put('k0', '{"Id":0,"V":32}', '32') -> ('ErrMaybe')
       PUT key="k0" value="{\"Id\":0,\"V\":32}" version=32 -> err="ErrMaybe"
  [341] client=5  call=1773574930468ms return=1773574930518ms  put('k0', '{"Id":5,"V":33}', '33') -> ('ErrMaybe')
       PUT key="k0" value="{\"Id\":5,\"V\":33}" version=33 -> err="ErrMaybe"
  [342] client=2  call=1773574930488ms return=1773574930538ms  put('k0', '{"Id":2,"V":33}', '33') -> ('ErrMaybe')
       PUT key="k0" value="{\"Id\":2,\"V\":33}" version=33 -> err="ErrMaybe"
  [343] client=6  call=1773574930478ms return=1773574930538ms  put('k0', '{"Id":6,"V":33}', '33') -> ('ErrMaybe')
       PUT key="k0" value="{\"Id\":6,\"V\":33}" version=33 -> err="ErrMaybe"
  [344] client=1  call=1773574930478ms return=1773574930558ms  put('k0', '{"Id":1,"V":33}', '33') -> ('ErrMaybe')
       PUT key="k0" value="{\"Id\":1,\"V\":33}" version=33 -> err="ErrMaybe"
  [345] client=7  call=1773574930267ms return=1773574930558ms  get('k0') -> ('{"Id":4,"V":33}', '34', 'OK')
       GET key="k0" -> value="{\"Id\":4,\"V\":33}" version=34 err="OK"
  [346] client=4  call=1773574930498ms return=1773574930578ms  get('k0') -> ('{"Id":4,"V":33}', '34', 'OK')
       GET key="k0" -> value="{\"Id\":4,\"V\":33}" version=34 err="OK"
  [347] client=5  call=1773574930518ms return=1773574930588ms  get('k0') -> ('{"Id":4,"V":33}', '34', 'OK')
       GET key="k0" -> value="{\"Id\":4,\"V\":33}" version=34 err="OK"
  [348] client=8  call=1773574930508ms return=1773574930608ms  get('k0') -> ('{"Id":4,"V":33}', '34', 'OK')
       GET key="k0" -> value="{\"Id\":4,\"V\":33}" version=34 err="OK"
  [349] client=3  call=1773574930438ms return=1773574930628ms  get('k0') -> ('{"Id":4,"V":33}', '34', 'OK')
       GET key="k0" -> value="{\"Id\":4,\"V\":33}" version=34 err="OK"
  [350] client=0  call=1773574930518ms return=1773574930628ms  get('k0') -> ('{"Id":4,"V":33}', '34', 'OK')
       GET key="k0" -> value="{\"Id\":4,\"V\":33}" version=34 err="OK"
  [351] client=9  call=1773574930478ms return=1773574930639ms  put('k0', '{"Id":9,"V":33}', '33') -> ('ErrMaybe')
       PUT key="k0" value="{\"Id\":9,\"V\":33}" version=33 -> err="ErrMaybe"
  [352] client=2  call=1773574930538ms return=1773574930639ms  get('k0') -> ('{"Id":4,"V":33}', '34', 'OK')
       GET key="k0" -> value="{\"Id\":4,\"V\":33}" version=34 err="OK"
  [353] client=1  call=1773574930558ms return=1773574930639ms  get('k0') -> ('{"Id":4,"V":33}', '34', 'OK')
       GET key="k0" -> value="{\"Id\":4,\"V\":33}" version=34 err="OK"
  [354] client=6  call=1773574930538ms return=1773574930649ms  get('k0') -> ('{"Id":4,"V":33}', '34', 'OK')
       GET key="k0" -> value="{\"Id\":4,\"V\":33}" version=34 err="OK"
  [355] client=7  call=1773574930558ms return=1773574930679ms  put('k0', '{"Id":7,"V":34}', '34') -> ('OK')
       PUT key="k0" value="{\"Id\":7,\"V\":34}" version=34 -> err="OK"
  [356] client=8  call=1773574930608ms return=1773574930699ms  put('k0', '{"Id":8,"V":34}', '34') -> ('ErrMaybe')
       PUT key="k0" value="{\"Id\":8,\"V\":34}" version=34 -> err="ErrMaybe"
  [357] client=2  call=1773574930639ms return=1773574930699ms  put('k0', '{"Id":2,"V":34}', '34') -> ('ErrMaybe')
       PUT key="k0" value="{\"Id\":2,\"V\":34}" version=34 -> err="ErrMaybe"
  [358] client=3  call=1773574930628ms return=1773574930729ms  put('k0', '{"Id":3,"V":34}', '34') -> ('ErrMaybe')
       PUT key="k0" value="{\"Id\":3,\"V\":34}" version=34 -> err="ErrMaybe"
  [359] client=1  call=1773574930639ms return=1773574930729ms  put('k0', '{"Id":1,"V":34}', '34') -> ('ErrMaybe')
       PUT key="k0" value="{\"Id\":1,\"V\":34}" version=34 -> err="ErrMaybe"
  [360] client=4  call=1773574930578ms return=1773574930729ms  put('k0', '{"Id":4,"V":34}', '34') -> ('ErrMaybe')
       PUT key="k0" value="{\"Id\":4,\"V\":34}" version=34 -> err="ErrMaybe"
  [361] client=9  call=1773574930639ms return=1773574930739ms  get('k0') -> ('{"Id":7,"V":34}', '35', 'OK')
       GET key="k0" -> value="{\"Id\":7,\"V\":34}" version=35 err="OK"
  [362] client=2  call=1773574930699ms return=1773574930749ms  get('k0') -> ('{"Id":7,"V":34}', '35', 'OK')
       GET key="k0" -> value="{\"Id\":7,\"V\":34}" version=35 err="OK"
  [363] client=7  call=1773574930679ms return=1773574930759ms  get('k0') -> ('{"Id":7,"V":34}', '35', 'OK')
       GET key="k0" -> value="{\"Id\":7,\"V\":34}" version=35 err="OK"
  [364] client=6  call=1773574930649ms return=1773574930819ms  put('k0', '{"Id":6,"V":34}', '34') -> ('ErrMaybe')
       PUT key="k0" value="{\"Id\":6,\"V\":34}" version=34 -> err="ErrMaybe"
  [365] client=4  call=1773574930729ms return=1773574930819ms  get('k0') -> ('{"Id":7,"V":34}', '35', 'OK')
       GET key="k0" -> value="{\"Id\":7,\"V\":34}" version=35 err="OK"
  [366] client=3  call=1773574930729ms return=1773574930819ms  get('k0') -> ('{"Id":7,"V":34}', '35', 'OK')
       GET key="k0" -> value="{\"Id\":7,\"V\":34}" version=35 err="OK"
  [367] client=0  call=1773574930628ms return=1773574930820ms  put('k0', '{"Id":0,"V":34}', '34') -> ('ErrMaybe')
       PUT key="k0" value="{\"Id\":0,\"V\":34}" version=34 -> err="ErrMaybe"
  [368] client=1  call=1773574930729ms return=1773574930820ms  get('k0') -> ('{"Id":7,"V":34}', '35', 'OK')
       GET key="k0" -> value="{\"Id\":7,\"V\":34}" version=35 err="OK"
  [369] client=5  call=1773574930588ms return=1773574930850ms  put('k0', '{"Id":5,"V":34}', '34') -> ('ErrMaybe')
       PUT key="k0" value="{\"Id\":5,\"V\":34}" version=34 -> err="ErrMaybe"
  [370] client=9  call=1773574930739ms return=1773574930860ms  put('k0', '{"Id":9,"V":35}', '35') -> ('ErrMaybe')
       PUT key="k0" value="{\"Id\":9,\"V\":35}" version=35 -> err="ErrMaybe"
  [371] client=2  call=1773574930749ms return=1773574930860ms  put('k0', '{"Id":2,"V":35}', '35') -> ('ErrMaybe')
       PUT key="k0" value="{\"Id\":2,\"V\":35}" version=35 -> err="ErrMaybe"
  [372] client=7  call=1773574930759ms return=1773574930860ms  put('k0', '{"Id":7,"V":35}', '35') -> ('OK')
       PUT key="k0" value="{\"Id\":7,\"V\":35}" version=35 -> err="OK"
  [373] client=6  call=1773574930819ms return=1773574930900ms  get('k0') -> ('{"Id":7,"V":35}', '36', 'OK')
       GET key="k0" -> value="{\"Id\":7,\"V\":35}" version=36 err="OK"
  [374] client=0  call=1773574930820ms return=1773574930900ms  get('k0') -> ('{"Id":7,"V":35}', '36', 'OK')
       GET key="k0" -> value="{\"Id\":7,\"V\":35}" version=36 err="OK"
  [375] client=5  call=1773574930850ms return=1773574930900ms  get('k0') -> ('{"Id":7,"V":35}', '36', 'OK')
       GET key="k0" -> value="{\"Id\":7,\"V\":35}" version=36 err="OK"
  [376] client=3  call=1773574930820ms return=1773574930900ms  put('k0', '{"Id":3,"V":35}', '35') -> ('ErrMaybe')
       PUT key="k0" value="{\"Id\":3,\"V\":35}" version=35 -> err="ErrMaybe"
  [377] client=4  call=1773574930820ms return=1773574930900ms  put('k0', '{"Id":4,"V":35}', '35') -> ('ErrMaybe')
       PUT key="k0" value="{\"Id\":4,\"V\":35}" version=35 -> err="ErrMaybe"
  [378] client=8  call=1773574930699ms return=1773574930920ms  get('k0') -> ('{"Id":7,"V":35}', '36', 'OK')
       GET key="k0" -> value="{\"Id\":7,\"V\":35}" version=36 err="OK"
  [379] client=7  call=1773574930860ms return=1773574930920ms  get('k0') -> ('{"Id":7,"V":35}', '36', 'OK')
       GET key="k0" -> value="{\"Id\":7,\"V\":35}" version=36 err="OK"
  [380] client=2  call=1773574930860ms return=1773574930930ms  get('k0') -> ('{"Id":7,"V":35}', '36', 'OK')
       GET key="k0" -> value="{\"Id\":7,\"V\":35}" version=36 err="OK"
  [381] client=1  call=1773574930820ms return=1773574930930ms  put('k0', '{"Id":1,"V":35}', '35') -> ('ErrMaybe')
       PUT key="k0" value="{\"Id\":1,\"V\":35}" version=35 -> err="ErrMaybe"
  [382] client=9  call=1773574930860ms return=1773574930950ms  get('k0') -> ('{"Id":5,"V":36}', '37', 'OK')
       GET key="k0" -> value="{\"Id\":5,\"V\":36}" version=37 err="OK"
  [383] client=0  call=1773574930900ms return=1773574930950ms  put('k0', '{"Id":0,"V":36}', '36') -> ('ErrMaybe')
       PUT key="k0" value="{\"Id\":0,\"V\":36}" version=36 -> err="ErrMaybe"
  [384] client=3  call=1773574930900ms return=1773574930980ms  get('k0') -> ('{"Id":5,"V":36}', '37', 'OK')
       GET key="k0" -> value="{\"Id\":5,\"V\":36}" version=37 err="OK"
  [385] client=1  call=1773574930930ms return=1773574931000ms  get('k0') -> ('{"Id":5,"V":36}', '37', 'OK')
       GET key="k0" -> value="{\"Id\":5,\"V\":36}" version=37 err="OK"
  [386] client=8  call=1773574930920ms return=1773574931000ms  put('k0', '{"Id":8,"V":36}', '36') -> ('ErrMaybe')
       PUT key="k0" value="{\"Id\":8,\"V\":36}" version=36 -> err="ErrMaybe"
  [387] client=4  call=1773574930900ms return=1773574931001ms  get('k0') -> ('{"Id":5,"V":36}', '37', 'OK')
       GET key="k0" -> value="{\"Id\":5,\"V\":36}" version=37 err="OK"
  [388] client=5  call=1773574930900ms return=1773574931001ms  put('k0', '{"Id":5,"V":36}', '36') -> ('ErrMaybe')
       PUT key="k0" value="{\"Id\":5,\"V\":36}" version=36 -> err="ErrMaybe"
  [389] client=7  call=1773574930920ms return=1773574931021ms  put('k0', '{"Id":7,"V":36}', '36') -> ('ErrMaybe')
       PUT key="k0" value="{\"Id\":7,\"V\":36}" version=36 -> err="ErrMaybe"
  [390] client=6  call=1773574930900ms return=1773574931021ms  put('k0', '{"Id":6,"V":36}', '36') -> ('ErrMaybe')
       PUT key="k0" value="{\"Id\":6,\"V\":36}" version=36 -> err="ErrMaybe"
  [391] client=9  call=1773574930950ms return=1773574931021ms  put('k0', '{"Id":9,"V":37}', '37') -> ('OK')
       PUT key="k0" value="{\"Id\":9,\"V\":37}" version=37 -> err="OK"
  [392] client=0  call=1773574930950ms return=1773574931051ms  get('k0') -> ('{"Id":9,"V":37}', '38', 'OK')
       GET key="k0" -> value="{\"Id\":9,\"V\":37}" version=38 err="OK"
  [393] client=5  call=1773574931001ms return=1773574931061ms  get('k0') -> ('{"Id":9,"V":37}', '38', 'OK')
       GET key="k0" -> value="{\"Id\":9,\"V\":37}" version=38 err="OK"
  [394] client=2  call=1773574930930ms return=1773574931061ms  put('k0', '{"Id":2,"V":36}', '36') -> ('ErrMaybe')
       PUT key="k0" value="{\"Id\":2,\"V\":36}" version=36 -> err="ErrMaybe"
  [395] client=4  call=1773574931001ms return=1773574931081ms  put('k0', '{"Id":4,"V":37}', '37') -> ('ErrMaybe')
       PUT key="k0" value="{\"Id\":4,\"V\":37}" version=37 -> err="ErrMaybe"
  [396] client=9  call=1773574931021ms return=1773574931081ms  get('k0') -> ('{"Id":9,"V":37}', '38', 'OK')
       GET key="k0" -> value="{\"Id\":9,\"V\":37}" version=38 err="OK"
  [397] client=7  call=1773574931021ms return=1773574931081ms  get('k0') -> ('{"Id":9,"V":37}', '38', 'OK')
       GET key="k0" -> value="{\"Id\":9,\"V\":37}" version=38 err="OK"
  [398] client=1  call=1773574931001ms return=1773574931081ms  put('k0', '{"Id":1,"V":37}', '37') -> ('ErrMaybe')
       PUT key="k0" value="{\"Id\":1,\"V\":37}" version=37 -> err="ErrMaybe"
  [399] client=3  call=1773574930980ms return=1773574931111ms  put('k0', '{"Id":3,"V":37}', '37') -> ('ErrMaybe')
       PUT key="k0" value="{\"Id\":3,\"V\":37}" version=37 -> err="ErrMaybe"
  [400] client=0  call=1773574931051ms return=1773574931111ms  put('k0', '{"Id":0,"V":38}', '38') -> ('OK')
       PUT key="k0" value="{\"Id\":0,\"V\":38}" version=38 -> err="OK"
  [401] client=9  call=1773574931081ms return=1773574931121ms  put('k0', '{"Id":9,"V":38}', '38') -> ('ErrMaybe')
       PUT key="k0" value="{\"Id\":9,\"V\":38}" version=38 -> err="ErrMaybe"
  [402] client=6  call=1773574931021ms return=1773574931141ms  get('k0') -> ('{"Id":0,"V":38}', '39', 'OK')
       GET key="k0" -> value="{\"Id\":0,\"V\":38}" version=39 err="OK"
  [403] client=2  call=1773574931061ms return=1773574931141ms  get('k0') -> ('{"Id":0,"V":38}', '39', 'OK')
       GET key="k0" -> value="{\"Id\":0,\"V\":38}" version=39 err="OK"
  [404] client=8  call=1773574931000ms return=1773574931141ms  get('k0') -> ('{"Id":0,"V":38}', '39', 'OK')
       GET key="k0" -> value="{\"Id\":0,\"V\":38}" version=39 err="OK"
  [405] client=5  call=1773574931061ms return=1773574931141ms  put('k0', '{"Id":5,"V":38}', '38') -> ('ErrMaybe')
       PUT key="k0" value="{\"Id\":5,\"V\":38}" version=38 -> err="ErrMaybe"
  [406] client=0  call=1773574931111ms return=1773574931141ms  get('k0') -> ('{"Id":0,"V":38}', '39', 'OK')
       GET key="k0" -> value="{\"Id\":0,\"V\":38}" version=39 err="OK"
  [407] client=4  call=1773574931081ms return=1773574931161ms  get('k0') -> ('{"Id":0,"V":38}', '39', 'OK')
       GET key="k0" -> value="{\"Id\":0,\"V\":38}" version=39 err="OK"
  [408] client=1  call=1773574931081ms return=1773574931161ms  get('k0') -> ('{"Id":0,"V":38}', '39', 'OK')
       GET key="k0" -> value="{\"Id\":0,\"V\":38}" version=39 err="OK"
  [409] client=5  call=1773574931141ms return=1773574931191ms  get('k0') -> ('{"Id":0,"V":38}', '39', 'OK')
       GET key="k0" -> value="{\"Id\":0,\"V\":38}" version=39 err="OK"
  [410] client=9  call=1773574931121ms return=1773574931191ms  get('k0') -> ('{"Id":0,"V":38}', '39', 'OK')
       GET key="k0" -> value="{\"Id\":0,\"V\":38}" version=39 err="OK"
  [411] client=2  call=1773574931141ms return=1773574931212ms  put('k0', '{"Id":2,"V":39}', '39') -> ('OK')
       PUT key="k0" value="{\"Id\":2,\"V\":39}" version=39 -> err="OK"
  [412] client=3  call=1773574931111ms return=1773574931212ms  get('k0') -> ('{"Id":2,"V":39}', '40', 'OK')
       GET key="k0" -> value="{\"Id\":2,\"V\":39}" version=40 err="OK"
  [413] client=0  call=1773574931141ms return=1773574931222ms  put('k0', '{"Id":0,"V":39}', '39') -> ('ErrMaybe')
       PUT key="k0" value="{\"Id\":0,\"V\":39}" version=39 -> err="ErrMaybe"
  [414] client=6  call=1773574931141ms return=1773574931232ms  put('k0', '{"Id":6,"V":39}', '39') -> ('ErrMaybe')
       PUT key="k0" value="{\"Id\":6,\"V\":39}" version=39 -> err="ErrMaybe"
  [415] client=8  call=1773574931141ms return=1773574931232ms  put('k0', '{"Id":8,"V":39}', '39') -> ('ErrMaybe')
       PUT key="k0" value="{\"Id\":8,\"V\":39}" version=39 -> err="ErrMaybe"
  [416] client=9  call=1773574931191ms return=1773574931232ms  put('k0', '{"Id":9,"V":39}', '39') -> ('ErrMaybe')
       PUT key="k0" value="{\"Id\":9,\"V\":39}" version=39 -> err="ErrMaybe"
  [417] client=4  call=1773574931161ms return=1773574931242ms  put('k0', '{"Id":4,"V":39}', '39') -> ('ErrMaybe')
       PUT key="k0" value="{\"Id\":4,\"V\":39}" version=39 -> err="ErrMaybe"
  [418] client=1  call=1773574931161ms return=1773574931242ms  put('k0', '{"Id":1,"V":39}', '39') -> ('ErrMaybe')
       PUT key="k0" value="{\"Id\":1,\"V\":39}" version=39 -> err="ErrMaybe"
  [419] client=0  call=1773574931222ms return=1773574931292ms  get('k0') -> ('{"Id":2,"V":39}', '40', 'OK')
       GET key="k0" -> value="{\"Id\":2,\"V\":39}" version=40 err="OK"
  [420] client=5  call=1773574931191ms return=1773574931292ms  put('k0', '{"Id":5,"V":39}', '39') -> ('ErrMaybe')
       PUT key="k0" value="{\"Id\":5,\"V\":39}" version=39 -> err="ErrMaybe"
  [421] client=8  call=1773574931232ms return=1773574931292ms  get('k0') -> ('{"Id":3,"V":40}', '41', 'OK')
       GET key="k0" -> value="{\"Id\":3,\"V\":40}" version=41 err="OK"
  [422] client=3  call=1773574931212ms return=1773574931292ms  put('k0', '{"Id":3,"V":40}', '40') -> ('OK')
       PUT key="k0" value="{\"Id\":3,\"V\":40}" version=40 -> err="OK"
  [423] client=7  call=1773574931081ms return=1773574931302ms  put('k0', '{"Id":7,"V":38}', '38') -> ('ErrMaybe')
       PUT key="k0" value="{\"Id\":7,\"V\":38}" version=38 -> err="ErrMaybe"
  [424] client=4  call=1773574931242ms return=1773574931312ms  get('k0') -> ('{"Id":3,"V":40}', '41', 'OK')
       GET key="k0" -> value="{\"Id\":3,\"V\":40}" version=41 err="OK"
  [425] client=1  call=1773574931242ms return=1773574931332ms  get('k0') -> ('{"Id":3,"V":40}', '41', 'OK')
       GET key="k0" -> value="{\"Id\":3,\"V\":40}" version=41 err="OK"
  [426] client=9  call=1773574931232ms return=1773574931332ms  get('k0') -> ('{"Id":3,"V":40}', '41', 'OK')
       GET key="k0" -> value="{\"Id\":3,\"V\":40}" version=41 err="OK"
  [427] client=3  call=1773574931292ms return=1773574931342ms  get('k0') -> ('{"Id":3,"V":40}', '41', 'OK')
       GET key="k0" -> value="{\"Id\":3,\"V\":40}" version=41 err="OK"
  [428] client=2  call=1773574931212ms return=1773574931342ms  get('k0') -> ('{"Id":3,"V":40}', '41', 'OK')
       GET key="k0" -> value="{\"Id\":3,\"V\":40}" version=41 err="OK"
  [429] client=8  call=1773574931292ms return=1773574931362ms  put('k0', '{"Id":8,"V":41}', '41') -> ('OK')
       PUT key="k0" value="{\"Id\":8,\"V\":41}" version=41 -> err="OK"
  [430] client=5  call=1773574931292ms return=1773574931362ms  get('k0') -> ('{"Id":8,"V":41}', '42', 'OK')
       GET key="k0" -> value="{\"Id\":8,\"V\":41}" version=42 err="OK"
  [431] client=4  call=1773574931312ms return=1773574931362ms  put('k0', '{"Id":4,"V":41}', '41') -> ('ErrMaybe')
       PUT key="k0" value="{\"Id\":4,\"V\":41}" version=41 -> err="ErrMaybe"
  [432] client=6  call=1773574931232ms return=1773574931362ms  get('k0') -> ('{"Id":8,"V":41}', '42', 'OK')
       GET key="k0" -> value="{\"Id\":8,\"V\":41}" version=42 err="OK"
  [433] client=0  call=1773574931292ms return=1773574931393ms  put('k0', '{"Id":0,"V":40}', '40') -> ('ErrMaybe')
       PUT key="k0" value="{\"Id\":0,\"V\":40}" version=40 -> err="ErrMaybe"
  [434] client=2  call=1773574931342ms return=1773574931403ms  put('k0', '{"Id":2,"V":41}', '41') -> ('ErrMaybe')
       PUT key="k0" value="{\"Id\":2,\"V\":41}" version=41 -> err="ErrMaybe"
  [435] client=1  call=1773574931332ms return=1773574931403ms  put('k0', '{"Id":1,"V":41}', '41') -> ('ErrMaybe')
       PUT key="k0" value="{\"Id\":1,\"V\":41}" version=41 -> err="ErrMaybe"
  [436] client=7  call=1773574931302ms return=1773574931413ms  get('k0') -> ('{"Id":8,"V":41}', '42', 'OK')
       GET key="k0" -> value="{\"Id\":8,\"V\":41}" version=42 err="OK"
  [437] client=3  call=1773574931342ms return=1773574931423ms  put('k0', '{"Id":3,"V":41}', '41') -> ('ErrMaybe')
       PUT key="k0" value="{\"Id\":3,\"V\":41}" version=41 -> err="ErrMaybe"
  [438] client=4  call=1773574931362ms return=1773574931433ms  get('k0') -> ('{"Id":8,"V":41}', '42', 'OK')
       GET key="k0" -> value="{\"Id\":8,\"V\":41}" version=42 err="OK"
  [439] client=0  call=1773574931393ms return=1773574931443ms  get('k0') -> ('{"Id":8,"V":41}', '42', 'OK')
       GET key="k0" -> value="{\"Id\":8,\"V\":41}" version=42 err="OK"
  [440] client=9  call=1773574931332ms return=1773574931443ms  put('k0', '{"Id":9,"V":41}', '41') -> ('ErrMaybe')
       PUT key="k0" value="{\"Id\":9,\"V\":41}" version=41 -> err="ErrMaybe"
  [441] client=7  call=1773574931413ms return=1773574931473ms  put('k0', '{"Id":7,"V":42}', '42') -> ('OK')
       PUT key="k0" value="{\"Id\":7,\"V\":42}" version=42 -> err="OK"
  [442] client=1  call=1773574931403ms return=1773574931493ms  get('k0') -> ('{"Id":7,"V":42}', '43', 'OK')
       GET key="k0" -> value="{\"Id\":7,\"V\":42}" version=43 err="OK"
  [443] client=6  call=1773574931363ms return=1773574931493ms  put('k0', '{"Id":6,"V":42}', '42') -> ('ErrMaybe')
       PUT key="k0" value="{\"Id\":6,\"V\":42}" version=42 -> err="ErrMaybe"
  [444] client=2  call=1773574931403ms return=1773574931503ms  get('k0') -> ('{"Id":7,"V":42}', '43', 'OK')
       GET key="k0" -> value="{\"Id\":7,\"V\":42}" version=43 err="OK"
  [445] client=3  call=1773574931423ms return=1773574931503ms  get('k0') -> ('{"Id":7,"V":42}', '43', 'OK')
       GET key="k0" -> value="{\"Id\":7,\"V\":42}" version=43 err="OK"
  [446] client=8  call=1773574931362ms return=1773574931503ms  get('k0') -> ('{"Id":7,"V":42}', '43', 'OK')
       GET key="k0" -> value="{\"Id\":7,\"V\":42}" version=43 err="OK"
  [447] client=8  call=1773574931503ms return=1773574931553ms  put('k0', '{"Id":8,"V":43}', '43') -> ('OK')
       PUT key="k0" value="{\"Id\":8,\"V\":43}" version=43 -> err="OK"
  [448] client=0  call=1773574931443ms return=1773574931563ms  put('k0', '{"Id":0,"V":42}', '42') -> ('ErrMaybe')
       PUT key="k0" value="{\"Id\":0,\"V\":42}" version=42 -> err="ErrMaybe"
  [449] client=6  call=1773574931493ms return=1773574931563ms  get('k0') -> ('{"Id":8,"V":43}', '44', 'OK')
       GET key="k0" -> value="{\"Id\":8,\"V\":43}" version=44 err="OK"
  [450] client=1  call=1773574931493ms return=1773574931563ms  put('k0', '{"Id":1,"V":43}', '43') -> ('ErrMaybe')
       PUT key="k0" value="{\"Id\":1,\"V\":43}" version=43 -> err="ErrMaybe"
  [451] client=7  call=1773574931473ms return=1773574931564ms  get('k0') -> ('{"Id":8,"V":43}', '44', 'OK')
       GET key="k0" -> value="{\"Id\":8,\"V\":43}" version=44 err="OK"
  [452] client=5  call=1773574931362ms return=1773574931564ms  put('k0', '{"Id":5,"V":42}', '42') -> ('ErrMaybe')
       PUT key="k0" value="{\"Id\":5,\"V\":42}" version=42 -> err="ErrMaybe"
  [453] client=2  call=1773574931503ms return=1773574931594ms  put('k0', '{"Id":2,"V":43}', '43') -> ('ErrMaybe')
       PUT key="k0" value="{\"Id\":2,\"V\":43}" version=43 -> err="ErrMaybe"
  [454] client=3  call=1773574931503ms return=1773574931604ms  put('k0', '{"Id":3,"V":43}', '43') -> ('ErrMaybe')
       PUT key="k0" value="{\"Id\":3,\"V\":43}" version=43 -> err="ErrMaybe"
  [455] client=0  call=1773574931563ms return=1773574931604ms  get('k0') -> ('{"Id":8,"V":43}', '44', 'OK')
       GET key="k0" -> value="{\"Id\":8,\"V\":43}" version=44 err="OK"
  [456] client=8  call=1773574931553ms return=1773574931624ms  get('k0') -> ('{"Id":8,"V":43}', '44', 'OK')
       GET key="k0" -> value="{\"Id\":8,\"V\":43}" version=44 err="OK"
  [457] client=4  call=1773574931433ms return=1773574931624ms  put('k0', '{"Id":4,"V":42}', '42') -> ('ErrMaybe')
       PUT key="k0" value="{\"Id\":4,\"V\":42}" version=42 -> err="ErrMaybe"
  [458] client=9  call=1773574931443ms return=1773574931624ms  get('k0') -> ('{"Id":8,"V":43}', '44', 'OK')
       GET key="k0" -> value="{\"Id\":8,\"V\":43}" version=44 err="OK"
  [459] client=5  call=1773574931564ms return=1773574931644ms  get('k0') -> ('{"Id":8,"V":43}', '44', 'OK')
       GET key="k0" -> value="{\"Id\":8,\"V\":43}" version=44 err="OK"
  [460] client=2  call=1773574931594ms return=1773574931654ms  get('k0') -> ('{"Id":8,"V":43}', '44', 'OK')
       GET key="k0" -> value="{\"Id\":8,\"V\":43}" version=44 err="OK"
  [461] client=7  call=1773574931564ms return=1773574931654ms  put('k0', '{"Id":7,"V":44}', '44') -> ('OK')
       PUT key="k0" value="{\"Id\":7,\"V\":44}" version=44 -> err="OK"
  [462] client=6  call=1773574931563ms return=1773574931654ms  put('k0', '{"Id":6,"V":44}', '44') -> ('ErrMaybe')
       PUT key="k0" value="{\"Id\":6,\"V\":44}" version=44 -> err="ErrMaybe"
  [463] client=0  call=1773574931604ms return=1773574931684ms  put('k0', '{"Id":0,"V":44}', '44') -> ('ErrMaybe')
       PUT key="k0" value="{\"Id\":0,\"V\":44}" version=44 -> err="ErrMaybe"
  [464] client=9  call=1773574931624ms return=1773574931704ms  put('k0', '{"Id":9,"V":44}', '44') -> ('ErrMaybe')
       PUT key="k0" value="{\"Id\":9,\"V\":44}" version=44 -> err="ErrMaybe"
  [465] client=8  call=1773574931624ms return=1773574931704ms  put('k0', '{"Id":8,"V":44}', '44') -> ('ErrMaybe')
       PUT key="k0" value="{\"Id\":8,\"V\":44}" version=44 -> err="ErrMaybe"
  [466] client=4  call=1773574931624ms return=1773574931704ms  get('k0') -> ('{"Id":7,"V":44}', '45', 'OK')
       GET key="k0" -> value="{\"Id\":7,\"V\":44}" version=45 err="OK"
  [467] client=5  call=1773574931645ms return=1773574931704ms  put('k0', '{"Id":5,"V":44}', '44') -> ('ErrMaybe')
       PUT key="k0" value="{\"Id\":5,\"V\":44}" version=44 -> err="ErrMaybe"
  [468] client=1  call=1773574931563ms return=1773574931714ms  get('k0') -> ('{"Id":7,"V":44}', '45', 'OK')
       GET key="k0" -> value="{\"Id\":7,\"V\":44}" version=45 err="OK"
  [469] client=2  call=1773574931654ms return=1773574931724ms  put('k0', '{"Id":2,"V":44}', '44') -> ('ErrMaybe')
       PUT key="k0" value="{\"Id\":2,\"V\":44}" version=44 -> err="ErrMaybe"
  [470] client=6  call=1773574931654ms return=1773574931724ms  get('k0') -> ('{"Id":7,"V":44}', '45', 'OK')
       GET key="k0" -> value="{\"Id\":7,\"V\":44}" version=45 err="OK"
  [471] client=0  call=1773574931684ms return=1773574931734ms  get('k0') -> ('{"Id":7,"V":44}', '45', 'OK')
       GET key="k0" -> value="{\"Id\":7,\"V\":44}" version=45 err="OK"
  [472] client=1  call=1773574931714ms return=1773574931775ms  put('k0', '{"Id":1,"V":45}', '45') -> ('OK')
       PUT key="k0" value="{\"Id\":1,\"V\":45}" version=45 -> err="OK"
  [473] client=3  call=1773574931604ms return=1773574931795ms  get('k0') -> ('{"Id":1,"V":45}', '46', 'OK')
       GET key="k0" -> value="{\"Id\":1,\"V\":45}" version=46 err="OK"
  [474] client=7  call=1773574931654ms return=1773574931795ms  get('k0') -> ('{"Id":1,"V":45}', '46', 'OK')
       GET key="k0" -> value="{\"Id\":1,\"V\":45}" version=46 err="OK"
  [475] client=2  call=1773574931724ms return=1773574931795ms  get('k0') -> ('{"Id":1,"V":45}', '46', 'OK')
       GET key="k0" -> value="{\"Id\":1,\"V\":45}" version=46 err="OK"
  [476] client=5  call=1773574931704ms return=1773574931795ms  get('k0') -> ('{"Id":1,"V":45}', '46', 'OK')
       GET key="k0" -> value="{\"Id\":1,\"V\":45}" version=46 err="OK"
  [477] client=8  call=1773574931704ms return=1773574931795ms  get('k0') -> ('{"Id":1,"V":45}', '46', 'OK')
       GET key="k0" -> value="{\"Id\":1,\"V\":45}" version=46 err="OK"
  [478] client=6  call=1773574931724ms return=1773574931795ms  put('k0', '{"Id":6,"V":45}', '45') -> ('ErrMaybe')
       PUT key="k0" value="{\"Id\":6,\"V\":45}" version=45 -> err="ErrMaybe"
  [479] client=9  call=1773574931704ms return=1773574931805ms  get('k0') -> ('{"Id":1,"V":45}', '46', 'OK')
       GET key="k0" -> value="{\"Id\":1,\"V\":45}" version=46 err="OK"
  [480] client=4  call=1773574931704ms return=1773574931815ms  put('k0', '{"Id":4,"V":45}', '45') -> ('ErrMaybe')
       PUT key="k0" value="{\"Id\":4,\"V\":45}" version=45 -> err="ErrMaybe"
  [481] client=0  call=1773574931735ms return=1773574931845ms  put('k0', '{"Id":0,"V":45}', '45') -> ('ErrMaybe')
       PUT key="k0" value="{\"Id\":0,\"V\":45}" version=45 -> err="ErrMaybe"
  [482] client=8  call=1773574931795ms return=1773574931845ms  put('k0', '{"Id":8,"V":46}', '46') -> ('OK')
       PUT key="k0" value="{\"Id\":8,\"V\":46}" version=46 -> err="OK"
  [483] client=1  call=1773574931775ms return=1773574931845ms  get('k0') -> ('{"Id":8,"V":46}', '47', 'OK')
       GET key="k0" -> value="{\"Id\":8,\"V\":46}" version=47 err="OK"
  [484] client=5  call=1773574931795ms return=1773574931865ms  put('k0', '{"Id":5,"V":46}', '46') -> ('ErrMaybe')
       PUT key="k0" value="{\"Id\":5,\"V\":46}" version=46 -> err="ErrMaybe"
  [485] client=6  call=1773574931795ms return=1773574931865ms  get('k0') -> ('{"Id":8,"V":46}', '47', 'OK')
       GET key="k0" -> value="{\"Id\":8,\"V\":46}" version=47 err="OK"
  [486] client=7  call=1773574931795ms return=1773574931865ms  put('k0', '{"Id":7,"V":46}', '46') -> ('ErrMaybe')
       PUT key="k0" value="{\"Id\":7,\"V\":46}" version=46 -> err="ErrMaybe"
  [487] client=4  call=1773574931815ms return=1773574931885ms  get('k0') -> ('{"Id":8,"V":46}', '47', 'OK')
       GET key="k0" -> value="{\"Id\":8,\"V\":46}" version=47 err="OK"
  [488] client=3  call=1773574931795ms return=1773574931885ms  put('k0', '{"Id":3,"V":46}', '46') -> ('ErrMaybe')
       PUT key="k0" value="{\"Id\":3,\"V\":46}" version=46 -> err="ErrMaybe"
  [489] client=8  call=1773574931845ms return=1773574931885ms  get('k0') -> ('{"Id":8,"V":46}', '47', 'OK')
       GET key="k0" -> value="{\"Id\":8,\"V\":46}" version=47 err="OK"
  [490] client=2  call=1773574931795ms return=1773574931916ms  put('k0', '{"Id":2,"V":46}', '46') -> ('ErrMaybe')
       PUT key="k0" value="{\"Id\":2,\"V\":46}" version=46 -> err="ErrMaybe"
  [491] client=1  call=1773574931845ms return=1773574931916ms  put('k0', '{"Id":1,"V":47}', '47') -> ('OK')
       PUT key="k0" value="{\"Id\":1,\"V\":47}" version=47 -> err="OK"
  [492] client=7  call=1773574931865ms return=1773574931936ms  get('k0') -> ('{"Id":1,"V":47}', '48', 'OK')
       GET key="k0" -> value="{\"Id\":1,\"V\":47}" version=48 err="OK"
  [493] client=6  call=1773574931865ms return=1773574931956ms  put('k0', '{"Id":6,"V":47}', '47') -> ('ErrMaybe')
       PUT key="k0" value="{\"Id\":6,\"V\":47}" version=47 -> err="ErrMaybe"
  [494] client=0  call=1773574931845ms return=1773574931956ms  get('k0') -> ('{"Id":1,"V":47}', '48', 'OK')
       GET key="k0" -> value="{\"Id\":1,\"V\":47}" version=48 err="OK"
  [495] client=9  call=1773574931805ms return=1773574931956ms  put('k0', '{"Id":9,"V":46}', '46') -> ('ErrMaybe')
       PUT key="k0" value="{\"Id\":9,\"V\":46}" version=46 -> err="ErrMaybe"
  [496] client=3  call=1773574931885ms return=1773574931956ms  get('k0') -> ('{"Id":1,"V":47}', '48', 'OK')
       GET key="k0" -> value="{\"Id\":1,\"V\":47}" version=48 err="OK"
  [497] client=5  call=1773574931865ms return=1773574931956ms  get('k0') -> ('{"Id":1,"V":47}', '48', 'OK')
       GET key="k0" -> value="{\"Id\":1,\"V\":47}" version=48 err="OK"
  [498] client=1  call=1773574931916ms return=1773574931986ms  get('k0') -> ('{"Id":1,"V":47}', '48', 'OK')
       GET key="k0" -> value="{\"Id\":1,\"V\":47}" version=48 err="OK"
  [499] client=8  call=1773574931885ms return=1773574932007ms  put('k0', '{"Id":8,"V":47}', '47') -> ('ErrMaybe')
       PUT key="k0" value="{\"Id\":8,\"V\":47}" version=47 -> err="ErrMaybe"
  [500] client=2  call=1773574931916ms return=1773574932017ms  get('k0') -> ('{"Id":1,"V":47}', '48', 'OK')
       GET key="k0" -> value="{\"Id\":1,\"V\":47}" version=48 err="OK"
  [501] client=6  call=1773574931956ms return=1773574932027ms  get('k0') -> ('{"Id":1,"V":47}', '48', 'OK')
       GET key="k0" -> value="{\"Id\":1,\"V\":47}" version=48 err="OK"
  [502] client=9  call=1773574931956ms return=1773574932027ms  get('k0') -> ('{"Id":1,"V":47}', '48', 'OK')
       GET key="k0" -> value="{\"Id\":1,\"V\":47}" version=48 err="OK"
  [503] client=7  call=1773574931936ms return=1773574932047ms  put('k0', '{"Id":7,"V":48}', '48') -> ('ErrMaybe')
       PUT key="k0" value="{\"Id\":7,\"V\":48}" version=48 -> err="ErrMaybe"
  [504] client=3  call=1773574931956ms return=1773574932047ms  put('k0', '{"Id":3,"V":48}', '48') -> ('OK')
       PUT key="k0" value="{\"Id\":3,\"V\":48}" version=48 -> err="OK"
  [505] client=5  call=1773574931956ms return=1773574932057ms  put('k0', '{"Id":5,"V":48}', '48') -> ('ErrMaybe')
       PUT key="k0" value="{\"Id\":5,\"V\":48}" version=48 -> err="ErrMaybe"
  [506] client=1  call=1773574931986ms return=1773574932077ms  put('k0', '{"Id":1,"V":48}', '48') -> ('ErrMaybe')
       PUT key="k0" value="{\"Id\":1,\"V\":48}" version=48 -> err="ErrMaybe"
  [507] client=4  call=1773574931885ms return=1773574932077ms  put('k0', '{"Id":4,"V":47}', '47') -> ('ErrMaybe')
       PUT key="k0" value="{\"Id\":4,\"V\":47}" version=47 -> err="ErrMaybe"
  [508] client=8  call=1773574932007ms return=1773574932087ms  get('k0') -> ('{"Id":3,"V":48}', '49', 'OK')
       GET key="k0" -> value="{\"Id\":3,\"V\":48}" version=49 err="OK"
  [509] client=0  call=1773574931956ms return=1773574932087ms  put('k0', '{"Id":0,"V":48}', '48') -> ('ErrMaybe')
       PUT key="k0" value="{\"Id\":0,\"V\":48}" version=48 -> err="ErrMaybe"
  [510] client=2  call=1773574932017ms return=1773574932087ms  put('k0', '{"Id":2,"V":48}', '48') -> ('ErrMaybe')
       PUT key="k0" value="{\"Id\":2,\"V\":48}" version=48 -> err="ErrMaybe"
  [511] client=5  call=1773574932057ms return=1773574932117ms  get('k0') -> ('{"Id":3,"V":48}', '49', 'OK')
       GET key="k0" -> value="{\"Id\":3,\"V\":48}" version=49 err="OK"
  [512] client=6  call=1773574932027ms return=1773574932117ms  put('k0', '{"Id":6,"V":48}', '48') -> ('ErrMaybe')
       PUT key="k0" value="{\"Id\":6,\"V\":48}" version=48 -> err="ErrMaybe"
  [513] client=7  call=1773574932047ms return=1773574932117ms  get('k0') -> ('{"Id":3,"V":48}', '49', 'OK')
       GET key="k0" -> value="{\"Id\":3,\"V\":48}" version=49 err="OK"
  [514] client=9  call=1773574932027ms return=1773574932138ms  put('k0', '{"Id":9,"V":48}', '48') -> ('ErrMaybe')
       PUT key="k0" value="{\"Id\":9,\"V\":48}" version=48 -> err="ErrMaybe"
  [515] client=3  call=1773574932047ms return=1773574932138ms  get('k0') -> ('{"Id":3,"V":48}', '49', 'OK')
       GET key="k0" -> value="{\"Id\":3,\"V\":48}" version=49 err="OK"
  [516] client=2  call=1773574932087ms return=1773574932158ms  get('k0') -> ('{"Id":3,"V":48}', '49', 'OK')
       GET key="k0" -> value="{\"Id\":3,\"V\":48}" version=49 err="OK"
  [517] client=6  call=1773574932117ms return=1773574932158ms  get('k0') -> ('{"Id":3,"V":48}', '49', 'OK')
       GET key="k0" -> value="{\"Id\":3,\"V\":48}" version=49 err="OK"
  [518] client=0  call=1773574932087ms return=1773574932188ms  get('k0') -> ('{"Id":3,"V":48}', '49', 'OK')
       GET key="k0" -> value="{\"Id\":3,\"V\":48}" version=49 err="OK"
  [519] client=3  call=1773574932138ms return=1773574932188ms  put('k0', '{"Id":3,"V":49}', '49') -> ('ErrMaybe')
       PUT key="k0" value="{\"Id\":3,\"V\":49}" version=49 -> err="ErrMaybe"
  [520] client=8  call=1773574932087ms return=1773574932188ms  put('k0', '{"Id":8,"V":49}', '49') -> ('OK')
       PUT key="k0" value="{\"Id\":8,\"V\":49}" version=49 -> err="OK"
  [521] client=5  call=1773574932117ms return=1773574932208ms  put('k0', '{"Id":5,"V":49}', '49') -> ('ErrMaybe')
       PUT key="k0" value="{\"Id\":5,\"V\":49}" version=49 -> err="ErrMaybe"
  [522] client=9  call=1773574932138ms return=1773574932218ms  get('k0') -> ('{"Id":8,"V":49}', '50', 'OK')
       GET key="k0" -> value="{\"Id\":8,\"V\":49}" version=50 err="OK"
  [523] client=4  call=1773574932077ms return=1773574932218ms  get('k0') -> ('{"Id":8,"V":49}', '50', 'OK')
       GET key="k0" -> value="{\"Id\":8,\"V\":49}" version=50 err="OK"
  [524] client=2  call=1773574932158ms return=1773574932228ms  put('k0', '{"Id":2,"V":49}', '49') -> ('ErrMaybe')
       PUT key="k0" value="{\"Id\":2,\"V\":49}" version=49 -> err="ErrMaybe"
  [525] client=6  call=1773574932158ms return=1773574932248ms  put('k0', '{"Id":6,"V":49}', '49') -> ('ErrMaybe')
       PUT key="k0" value="{\"Id\":6,\"V\":49}" version=49 -> err="ErrMaybe"
  [526] client=0  call=1773574932188ms return=1773574932248ms  put('k0', '{"Id":0,"V":49}', '49') -> ('ErrMaybe')
       PUT key="k0" value="{\"Id\":0,\"V\":49}" version=49 -> err="ErrMaybe"
  [527] client=8  call=1773574932188ms return=1773574932279ms  get('k0') -> ('{"Id":8,"V":49}', '50', 'OK')
       GET key="k0" -> value="{\"Id\":8,\"V\":49}" version=50 err="OK"
  [528] client=1  call=1773574932077ms return=1773574932279ms  get('k0') -> ('{"Id":8,"V":49}', '50', 'OK')
       GET key="k0" -> value="{\"Id\":8,\"V\":49}" version=50 err="OK"
  [529] client=9  call=1773574932218ms return=1773574932279ms  put('k0', '{"Id":9,"V":50}', '50') -> ('OK')
       PUT key="k0" value="{\"Id\":9,\"V\":50}" version=50 -> err="OK"
  [530] client=7  call=1773574932117ms return=1773574932299ms  put('k0', '{"Id":7,"V":49}', '49') -> ('ErrMaybe')
       PUT key="k0" value="{\"Id\":7,\"V\":49}" version=49 -> err="ErrMaybe"
  [531] client=5  call=1773574932208ms return=1773574932299ms  get('k0') -> ('{"Id":9,"V":50}', '51', 'OK')
       GET key="k0" -> value="{\"Id\":9,\"V\":50}" version=51 err="OK"
  [532] client=3  call=1773574932188ms return=1773574932299ms  get('k0') -> ('{"Id":9,"V":50}', '51', 'OK')
       GET key="k0" -> value="{\"Id\":9,\"V\":50}" version=51 err="OK"
  [533] client=2  call=1773574932228ms return=1773574932319ms  get('k0') -> ('{"Id":9,"V":50}', '51', 'OK')
       GET key="k0" -> value="{\"Id\":9,\"V\":50}" version=51 err="OK"
  [534] client=6  call=1773574932248ms return=1773574932319ms  get('k0') -> ('{"Id":9,"V":50}', '51', 'OK')
       GET key="k0" -> value="{\"Id\":9,\"V\":50}" version=51 err="OK"
  [535] client=0  call=1773574932248ms return=1773574932319ms  get('k0') -> ('{"Id":9,"V":50}', '51', 'OK')
       GET key="k0" -> value="{\"Id\":9,\"V\":50}" version=51 err="OK"
  [536] client=7  call=1773574932299ms return=1773574932369ms  get('k0') -> ('{"Id":9,"V":50}', '51', 'OK')
       GET key="k0" -> value="{\"Id\":9,\"V\":50}" version=51 err="OK"
  [537] client=9  call=1773574932279ms return=1773574932370ms  get('k0') -> ('{"Id":9,"V":50}', '51', 'OK')
       GET key="k0" -> value="{\"Id\":9,\"V\":50}" version=51 err="OK"
  [538] client=4  call=1773574932218ms return=1773574932370ms  put('k0', '{"Id":4,"V":50}', '50') -> ('ErrMaybe')
       PUT key="k0" value="{\"Id\":4,\"V\":50}" version=50 -> err="ErrMaybe"
  [539] client=1  call=1773574932279ms return=1773574932370ms  put('k0', '{"Id":1,"V":50}', '50') -> ('ErrMaybe')
       PUT key="k0" value="{\"Id\":1,\"V\":50}" version=50 -> err="ErrMaybe"
  [540] client=3  call=1773574932299ms return=1773574932370ms  put('k0', '{"Id":3,"V":51}', '51') -> ('OK')
       PUT key="k0" value="{\"Id\":3,\"V\":51}" version=51 -> err="OK"
  [541] client=8  call=1773574932279ms return=1773574932380ms  put('k0', '{"Id":8,"V":50}', '50') -> ('ErrMaybe')
       PUT key="k0" value="{\"Id\":8,\"V\":50}" version=50 -> err="ErrMaybe"
  [542] client=2  call=1773574932319ms return=1773574932390ms  put('k0', '{"Id":2,"V":51}', '51') -> ('ErrMaybe')
       PUT key="k0" value="{\"Id\":2,\"V\":51}" version=51 -> err="ErrMaybe"
  [543] client=0  call=1773574932319ms return=1773574932390ms  put('k0', '{"Id":0,"V":51}', '51') -> ('ErrMaybe')
       PUT key="k0" value="{\"Id\":0,\"V\":51}" version=51 -> err="ErrMaybe"
  [544] client=1  call=1773574932370ms return=1773574932420ms  get('k0') -> ('{"Id":3,"V":51}', '52', 'OK')
       GET key="k0" -> value="{\"Id\":3,\"V\":51}" version=52 err="OK"
  [545] client=4  call=1773574932370ms return=1773574932420ms  get('k0') -> ('{"Id":3,"V":51}', '52', 'OK')
       GET key="k0" -> value="{\"Id\":3,\"V\":51}" version=52 err="OK"
  [546] client=3  call=1773574932370ms return=1773574932430ms  get('k0') -> ('{"Id":3,"V":51}', '52', 'OK')
       GET key="k0" -> value="{\"Id\":3,\"V\":51}" version=52 err="OK"
  [547] client=5  call=1773574932299ms return=1773574932440ms  put('k0', '{"Id":5,"V":51}', '51') -> ('ErrMaybe')
       PUT key="k0" value="{\"Id\":5,\"V\":51}" version=51 -> err="ErrMaybe"
  [548] client=9  call=1773574932370ms return=1773574932440ms  put('k0', '{"Id":9,"V":51}', '51') -> ('ErrMaybe')
       PUT key="k0" value="{\"Id\":9,\"V\":51}" version=51 -> err="ErrMaybe"
  [549] client=8  call=1773574932380ms return=1773574932460ms  get('k0') -> ('{"Id":3,"V":51}', '52', 'OK')
       GET key="k0" -> value="{\"Id\":3,\"V\":51}" version=52 err="OK"
  [550] client=7  call=1773574932370ms return=1773574932470ms  put('k0', '{"Id":7,"V":51}', '51') -> ('ErrMaybe')
       PUT key="k0" value="{\"Id\":7,\"V\":51}" version=51 -> err="ErrMaybe"
  [551] client=0  call=1773574932390ms return=1773574932470ms  get('k0') -> ('{"Id":3,"V":51}', '52', 'OK')
       GET key="k0" -> value="{\"Id\":3,\"V\":51}" version=52 err="OK"
  [552] client=2  call=1773574932390ms return=1773574932470ms  get('k0') -> ('{"Id":3,"V":51}', '52', 'OK')
       GET key="k0" -> value="{\"Id\":3,\"V\":51}" version=52 err="OK"
  [553] client=6  call=1773574932319ms return=1773574932490ms  put('k0', '{"Id":6,"V":51}', '51') -> ('ErrMaybe')
       PUT key="k0" value="{\"Id\":6,\"V\":51}" version=51 -> err="ErrMaybe"
  [554] client=1  call=1773574932420ms return=1773574932490ms  put('k0', '{"Id":1,"V":52}', '52') -> ('OK')
       PUT key="k0" value="{\"Id\":1,\"V\":52}" version=52 -> err="OK"
  [555] client=4  call=1773574932420ms return=1773574932520ms  put('k0', '{"Id":4,"V":52}', '52') -> ('ErrMaybe')
       PUT key="k0" value="{\"Id\":4,\"V\":52}" version=52 -> err="ErrMaybe"
  [556] client=9  call=1773574932440ms return=1773574932520ms  get('k0') -> ('{"Id":1,"V":52}', '53', 'OK')
       GET key="k0" -> value="{\"Id\":1,\"V\":52}" version=53 err="OK"
  [557] client=3  call=1773574932430ms return=1773574932561ms  put('k0', '{"Id":3,"V":52}', '52') -> ('ErrMaybe')
       PUT key="k0" value="{\"Id\":3,\"V\":52}" version=52 -> err="ErrMaybe"
  [558] client=0  call=1773574932470ms return=1773574932561ms  put('k0', '{"Id":0,"V":52}', '52') -> ('ErrMaybe')
       PUT key="k0" value="{\"Id\":0,\"V\":52}" version=52 -> err="ErrMaybe"
  [559] client=8  call=1773574932460ms return=1773574932561ms  put('k0', '{"Id":8,"V":52}', '52') -> ('ErrMaybe')
       PUT key="k0" value="{\"Id\":8,\"V\":52}" version=52 -> err="ErrMaybe"
  [560] client=7  call=1773574932470ms return=1773574932561ms  get('k0') -> ('{"Id":1,"V":52}', '53', 'OK')
       GET key="k0" -> value="{\"Id\":1,\"V\":52}" version=53 err="OK"
  [561] client=1  call=1773574932490ms return=1773574932581ms  get('k0') -> ('{"Id":1,"V":52}', '53', 'OK')
       GET key="k0" -> value="{\"Id\":1,\"V\":52}" version=53 err="OK"
  [562] client=6  call=1773574932490ms return=1773574932581ms  get('k0') -> ('{"Id":1,"V":52}', '53', 'OK')
       GET key="k0" -> value="{\"Id\":1,\"V\":52}" version=53 err="OK"
  [563] client=5  call=1773574932440ms return=1773574932581ms  get('k0') -> ('{"Id":1,"V":52}', '53', 'OK')
       GET key="k0" -> value="{\"Id\":1,\"V\":52}" version=53 err="OK"
  [564] client=2  call=1773574932470ms return=1773574932581ms  put('k0', '{"Id":2,"V":52}', '52') -> ('ErrMaybe')
       PUT key="k0" value="{\"Id\":2,\"V\":52}" version=52 -> err="ErrMaybe"
  [565] client=9  call=1773574932520ms return=1773574932611ms  put('k0', '{"Id":9,"V":53}', '53') -> ('OK')
       PUT key="k0" value="{\"Id\":9,\"V\":53}" version=53 -> err="OK"
  [566] client=7  call=1773574932561ms return=1773574932621ms  put('k0', '{"Id":7,"V":53}', '53') -> ('ErrMaybe')
       PUT key="k0" value="{\"Id\":7,\"V\":53}" version=53 -> err="ErrMaybe"
  [567] client=8  call=1773574932561ms return=1773574932651ms  get('k0') -> ('{"Id":9,"V":53}', '54', 'OK')
       GET key="k0" -> value="{\"Id\":9,\"V\":53}" version=54 err="OK"
  [568] client=5  call=1773574932581ms return=1773574932651ms  put('k0', '{"Id":5,"V":53}', '53') -> ('ErrMaybe')
       PUT key="k0" value="{\"Id\":5,\"V\":53}" version=53 -> err="ErrMaybe"
  [569] client=2  call=1773574932581ms return=1773574932661ms  get('k0') -> ('{"Id":9,"V":53}', '54', 'OK')
       GET key="k0" -> value="{\"Id\":9,\"V\":53}" version=54 err="OK"
  [570] client=6  call=1773574932581ms return=1773574932661ms  put('k0', '{"Id":6,"V":53}', '53') -> ('ErrMaybe')
       PUT key="k0" value="{\"Id\":6,\"V\":53}" version=53 -> err="ErrMaybe"
  [571] client=0  call=1773574932561ms return=1773574932662ms  get('k0') -> ('{"Id":9,"V":53}', '54', 'OK')
       GET key="k0" -> value="{\"Id\":9,\"V\":53}" version=54 err="OK"
  [572] client=4  call=1773574932520ms return=1773574932672ms  get('k0') -> ('{"Id":9,"V":53}', '54', 'OK')
       GET key="k0" -> value="{\"Id\":9,\"V\":53}" version=54 err="OK"
  [573] client=9  call=1773574932611ms return=1773574932672ms  get('k0') -> ('{"Id":9,"V":53}', '54', 'OK')
       GET key="k0" -> value="{\"Id\":9,\"V\":53}" version=54 err="OK"
  [574] client=3  call=1773574932561ms return=1773574932702ms  get('k0') -> ('{"Id":9,"V":53}', '54', 'OK')
       GET key="k0" -> value="{\"Id\":9,\"V\":53}" version=54 err="OK"
  [575] client=7  call=1773574932621ms return=1773574932702ms  get('k0') -> ('{"Id":9,"V":53}', '54', 'OK')
       GET key="k0" -> value="{\"Id\":9,\"V\":53}" version=54 err="OK"
  [576] client=1  call=1773574932581ms return=1773574932702ms  put('k0', '{"Id":1,"V":53}', '53') -> ('ErrMaybe')
       PUT key="k0" value="{\"Id\":1,\"V\":53}" version=53 -> err="ErrMaybe"
  [577] client=5  call=1773574932651ms return=1773574932702ms  get('k0') -> ('{"Id":9,"V":53}', '54', 'OK')
       GET key="k0" -> value="{\"Id\":9,\"V\":53}" version=54 err="OK"
  [578] client=6  call=1773574932661ms return=1773574932752ms  get('k0') -> ('{"Id":0,"V":54}', '55', 'OK')
       GET key="k0" -> value="{\"Id\":0,\"V\":54}" version=55 err="OK"
  [579] client=8  call=1773574932651ms return=1773574932752ms  put('k0', '{"Id":8,"V":54}', '54') -> ('ErrMaybe')
       PUT key="k0" value="{\"Id\":8,\"V\":54}" version=54 -> err="ErrMaybe"
  [580] client=9  call=1773574932672ms return=1773574932762ms  put('k0', '{"Id":9,"V":54}', '54') -> ('ErrMaybe')
       PUT key="k0" value="{\"Id\":9,\"V\":54}" version=54 -> err="ErrMaybe"
  [581] client=4  call=1773574932672ms return=1773574932762ms  put('k0', '{"Id":4,"V":54}', '54') -> ('ErrMaybe')
       PUT key="k0" value="{\"Id\":4,\"V\":54}" version=54 -> err="ErrMaybe"
  [582] client=7  call=1773574932702ms return=1773574932782ms  put('k0', '{"Id":7,"V":54}', '54') -> ('ErrMaybe')
       PUT key="k0" value="{\"Id\":7,\"V\":54}" version=54 -> err="ErrMaybe"
  [583] client=8  call=1773574932752ms return=1773574932824ms  get('k0') -> ('{"Id":0,"V":54}', '55', 'OK')
       GET key="k0" -> value="{\"Id\":0,\"V\":54}" version=55 err="OK"
  [584] client=2  call=1773574932662ms return=1773574932824ms  put('k0', '{"Id":2,"V":54}', '54') -> ('ErrMaybe')
       PUT key="k0" value="{\"Id\":2,\"V\":54}" version=54 -> err="ErrMaybe"
  [585] client=0  call=1773574932662ms return=1773574932845ms  put('k0', '{"Id":0,"V":54}', '54') -> ('ErrMaybe')
       PUT key="k0" value="{\"Id\":0,\"V\":54}" version=54 -> err="ErrMaybe"
  [586] client=7  call=1773574932782ms return=1773574932845ms  get('k0') -> ('{"Id":0,"V":54}', '55', 'OK')
       GET key="k0" -> value="{\"Id\":0,\"V\":54}" version=55 err="OK"
  [587] client=3  call=1773574932702ms return=1773574932886ms  put('k0', '{"Id":3,"V":54}', '54') -> ('ErrMaybe')
       PUT key="k0" value="{\"Id\":3,\"V\":54}" version=54 -> err="ErrMaybe"
  [588] client=1  call=1773574932702ms return=1773574932886ms  get('k0') -> ('{"Id":8,"V":55}', '56', 'OK')
       GET key="k0" -> value="{\"Id\":8,\"V\":55}" version=56 err="OK"
  [589] client=8  call=1773574932824ms return=1773574932886ms  put('k0', '{"Id":8,"V":55}', '55') -> ('OK')
       PUT key="k0" value="{\"Id\":8,\"V\":55}" version=55 -> err="OK"
  [590] client=5  call=1773574932702ms return=1773574932887ms  put('k0', '{"Id":5,"V":54}', '54') -> ('ErrMaybe')
       PUT key="k0" value="{\"Id\":5,\"V\":54}" version=54 -> err="ErrMaybe"
  [591] client=1  call=1773574932887ms return=1773574933180ms  put('k0', '{"Id":1,"V":56}', '56') -> ('OK')
       PUT key="k0" value="{\"Id\":1,\"V\":56}" version=56 -> err="OK"
  [592] client=8  call=1773574932886ms return=1773574933180ms  get('k0') -> ('{"Id":8,"V":55}', '56', 'OK')
       GET key="k0" -> value="{\"Id\":8,\"V\":55}" version=56 err="OK"
  [593] client=1  call=1773574933180ms return=1773574933230ms  get('k0') -> ('{"Id":1,"V":56}', '57', 'OK')
       GET key="k0" -> value="{\"Id\":1,\"V\":56}" version=57 err="OK"
  [594] client=8  call=1773574933180ms return=1773574933240ms  put('k0', '{"Id":8,"V":56}', '56') -> ('ErrVersion')
       PUT key="k0" value="{\"Id\":8,\"V\":56}" version=56 -> err="ErrVersion"
  [595] client=7  call=1773574932846ms return=1773574933241ms  put('k0', '{"Id":7,"V":55}', '55') -> ('ErrVersion')
       PUT key="k0" value="{\"Id\":7,\"V\":55}" version=55 -> err="ErrVersion"
  [596] client=6  call=1773574932752ms return=1773574933260ms  put('k0', '{"Id":6,"V":55}', '55') -> ('ErrVersion')
       PUT key="k0" value="{\"Id\":6,\"V\":55}" version=55 -> err="ErrVersion"
  [597] client=8  call=1773574933240ms return=1773574933271ms  get('k0') -> ('{"Id":1,"V":56}', '57', 'OK')
       GET key="k0" -> value="{\"Id\":1,\"V\":56}" version=57 err="OK"
  [598] client=3  call=1773574932886ms return=1773574933281ms  get('k0') -> ('{"Id":1,"V":56}', '57', 'OK')
       GET key="k0" -> value="{\"Id\":1,\"V\":56}" version=57 err="OK"
  [599] client=9  call=1773574932762ms return=1773574933281ms  get('k0') -> ('{"Id":1,"V":56}', '57', 'OK')
       GET key="k0" -> value="{\"Id\":1,\"V\":56}" version=57 err="OK"
  [600] client=0  call=1773574932845ms return=1773574933291ms  get('k0') -> ('{"Id":1,"V":56}', '57', 'OK')
       GET key="k0" -> value="{\"Id\":1,\"V\":56}" version=57 err="OK"
  [601] client=6  call=1773574933260ms return=1773574933311ms  get('k0') -> ('{"Id":1,"V":57}', '58', 'OK')
       GET key="k0" -> value="{\"Id\":1,\"V\":57}" version=58 err="OK"
  [602] client=3  call=1773574933281ms return=1773574933311ms  put('k0', '{"Id":3,"V":57}', '57') -> ('ErrVersion')
       PUT key="k0" value="{\"Id\":3,\"V\":57}" version=57 -> err="ErrVersion"
  [603] client=7  call=1773574933241ms return=1773574933321ms  get('k0') -> ('{"Id":1,"V":57}', '58', 'OK')
       GET key="k0" -> value="{\"Id\":1,\"V\":57}" version=58 err="OK"
  [604] client=8  call=1773574933271ms return=1773574933321ms  put('k0', '{"Id":8,"V":57}', '57') -> ('ErrVersion')
       PUT key="k0" value="{\"Id\":8,\"V\":57}" version=57 -> err="ErrVersion"
  [605] client=9  call=1773574933281ms return=1773574933321ms  put('k0', '{"Id":9,"V":57}', '57') -> ('ErrVersion')
       PUT key="k0" value="{\"Id\":9,\"V\":57}" version=57 -> err="ErrVersion"
  [606] client=4  call=1773574932762ms return=1773574933321ms  get('k0') -> ('{"Id":1,"V":57}', '58', 'OK')
       GET key="k0" -> value="{\"Id\":1,\"V\":57}" version=58 err="OK"
  [607] client=6  call=1773574933311ms return=1773574933331ms  put('k0', '{"Id":6,"V":58}', '58') -> ('OK')
       PUT key="k0" value="{\"Id\":6,\"V\":58}" version=58 -> err="OK"
  [608] client=5  call=1773574932887ms return=1773574933351ms  get('k0') -> ('{"Id":6,"V":58}', '59', 'OK')
       GET key="k0" -> value="{\"Id\":6,\"V\":58}" version=59 err="OK"
  [609] client=0  call=1773574933291ms return=1773574933351ms  put('k0', '{"Id":0,"V":57}', '57') -> ('ErrVersion')
       PUT key="k0" value="{\"Id\":0,\"V\":57}" version=57 -> err="ErrVersion"
  [610] client=2  call=1773574932824ms return=1773574933371ms  get('k0') -> ('{"Id":6,"V":58}', '59', 'OK')
       GET key="k0" -> value="{\"Id\":6,\"V\":58}" version=59 err="OK"
  [611] client=6  call=1773574933331ms return=1773574933371ms  get('k0') -> ('{"Id":6,"V":58}', '59', 'OK')
       GET key="k0" -> value="{\"Id\":6,\"V\":58}" version=59 err="OK"
  [612] client=4  call=1773574933321ms return=1773574933371ms  put('k0', '{"Id":4,"V":58}', '58') -> ('ErrVersion')
       PUT key="k0" value="{\"Id\":4,\"V\":58}" version=58 -> err="ErrVersion"
  [613] client=7  call=1773574933321ms return=1773574933371ms  put('k0', '{"Id":7,"V":58}', '58') -> ('ErrVersion')
       PUT key="k0" value="{\"Id\":7,\"V\":58}" version=58 -> err="ErrVersion"
  [614] client=8  call=1773574933321ms return=1773574933371ms  get('k0') -> ('{"Id":6,"V":58}', '59', 'OK')
       GET key="k0" -> value="{\"Id\":6,\"V\":58}" version=59 err="OK"
  [615] client=3  call=1773574933311ms return=1773574933371ms  get('k0') -> ('{"Id":6,"V":58}', '59', 'OK')
       GET key="k0" -> value="{\"Id\":6,\"V\":58}" version=59 err="OK"
  [616] client=9  call=1773574933321ms return=1773574933371ms  get('k0') -> ('{"Id":6,"V":58}', '59', 'OK')
       GET key="k0" -> value="{\"Id\":6,\"V\":58}" version=59 err="OK"
  [617] client=9  call=1773574933371ms return=1773574933391ms  put('k0', '{"Id":9,"V":59}', '59') -> ('ErrVersion')
       PUT key="k0" value="{\"Id\":9,\"V\":59}" version=59 -> err="ErrVersion"
  [618] client=5  call=1773574933351ms return=1773574933391ms  put('k0', '{"Id":5,"V":59}', '59') -> ('OK')
       PUT key="k0" value="{\"Id\":5,\"V\":59}" version=59 -> err="OK"
  [619] client=6  call=1773574933371ms return=1773574933411ms  put('k0', '{"Id":6,"V":59}', '59') -> ('ErrVersion')
       PUT key="k0" value="{\"Id\":6,\"V\":59}" version=59 -> err="ErrVersion"
  [620] client=0  call=1773574933351ms return=1773574933411ms  get('k0') -> ('{"Id":5,"V":59}', '60', 'OK')
       GET key="k0" -> value="{\"Id\":5,\"V\":59}" version=60 err="OK"
  [621] client=2  call=1773574933371ms return=1773574933421ms  put('k0', '{"Id":2,"V":59}', '59') -> ('ErrVersion')
       PUT key="k0" value="{\"Id\":2,\"V\":59}" version=59 -> err="ErrVersion"
  [622] client=3  call=1773574933371ms return=1773574933421ms  put('k0', '{"Id":3,"V":59}', '59') -> ('ErrVersion')
       PUT key="k0" value="{\"Id\":3,\"V\":59}" version=59 -> err="ErrVersion"
  [623] client=8  call=1773574933371ms return=1773574933431ms  put('k0', '{"Id":8,"V":59}', '59') -> ('ErrVersion')
       PUT key="k0" value="{\"Id\":8,\"V\":59}" version=59 -> err="ErrVersion"
  [624] client=1  call=1773574933230ms return=1773574933441ms  put('k0', '{"Id":1,"V":57}', '57') -> ('ErrMaybe')
       PUT key="k0" value="{\"Id\":1,\"V\":57}" version=57 -> err="ErrMaybe"
  [625] client=0  call=1773574933411ms return=1773574933441ms  put('k0', '{"Id":0,"V":60}', '60') -> ('OK')
       PUT key="k0" value="{\"Id\":0,\"V\":60}" version=60 -> err="OK"
  [626] client=3  call=1773574933421ms return=1773574933441ms  get('k0') -> ('{"Id":5,"V":59}', '60', 'OK')
       GET key="k0" -> value="{\"Id\":5,\"V\":59}" version=60 err="OK"
  [627] client=5  call=1773574933391ms return=1773574933441ms  get('k0') -> ('{"Id":5,"V":59}', '60', 'OK')
       GET key="k0" -> value="{\"Id\":5,\"V\":59}" version=60 err="OK"
  [628] client=9  call=1773574933391ms return=1773574933471ms  get('k0') -> ('{"Id":0,"V":60}', '61', 'OK')
       GET key="k0" -> value="{\"Id\":0,\"V\":60}" version=61 err="OK"
  [629] client=2  call=1773574933421ms return=1773574933471ms  get('k0') -> ('{"Id":0,"V":60}', '61', 'OK')
       GET key="k0" -> value="{\"Id\":0,\"V\":60}" version=61 err="OK"
  [630] client=3  call=1773574933441ms return=1773574933471ms  put('k0', '{"Id":3,"V":60}', '60') -> ('ErrVersion')
       PUT key="k0" value="{\"Id\":3,\"V\":60}" version=60 -> err="ErrVersion"
  [631] client=8  call=1773574933431ms return=1773574933481ms  get('k0') -> ('{"Id":0,"V":60}', '61', 'OK')
       GET key="k0" -> value="{\"Id\":0,\"V\":60}" version=61 err="OK"
  [632] client=0  call=1773574933441ms return=1773574933481ms  get('k0') -> ('{"Id":0,"V":60}', '61', 'OK')
       GET key="k0" -> value="{\"Id\":0,\"V\":60}" version=61 err="OK"
  [633] client=5  call=1773574933441ms return=1773574933501ms  put('k0', '{"Id":5,"V":60}', '60') -> ('ErrVersion')
       PUT key="k0" value="{\"Id\":5,\"V\":60}" version=60 -> err="ErrVersion"
  [634] client=1  call=1773574933441ms return=1773574933501ms  get('k0') -> ('{"Id":0,"V":60}', '61', 'OK')
       GET key="k0" -> value="{\"Id\":0,\"V\":60}" version=61 err="OK"
  [635] client=2  call=1773574933471ms return=1773574933512ms  put('k0', '{"Id":2,"V":61}', '61') -> ('OK')
       PUT key="k0" value="{\"Id\":2,\"V\":61}" version=61 -> err="OK"
  [636] client=0  call=1773574933481ms return=1773574933522ms  put('k0', '{"Id":0,"V":61}', '61') -> ('ErrVersion')
       PUT key="k0" value="{\"Id\":0,\"V\":61}" version=61 -> err="ErrVersion"
  [637] client=8  call=1773574933481ms return=1773574933532ms  put('k0', '{"Id":8,"V":61}', '61') -> ('ErrVersion')
       PUT key="k0" value="{\"Id\":8,\"V\":61}" version=61 -> err="ErrVersion"
  [638] client=3  call=1773574933471ms return=1773574933532ms  get('k0') -> ('{"Id":2,"V":61}', '62', 'OK')
       GET key="k0" -> value="{\"Id\":2,\"V\":61}" version=62 err="OK"
  [639] client=9  call=1773574933471ms return=1773574933532ms  put('k0', '{"Id":9,"V":61}', '61') -> ('ErrVersion')
       PUT key="k0" value="{\"Id\":9,\"V\":61}" version=61 -> err="ErrVersion"
  [640] client=5  call=1773574933501ms return=1773574933542ms  get('k0') -> ('{"Id":2,"V":61}', '62', 'OK')
       GET key="k0" -> value="{\"Id\":2,\"V\":61}" version=62 err="OK"
  [641] client=1  call=1773574933501ms return=1773574933562ms  put('k0', '{"Id":1,"V":61}', '61') -> ('ErrVersion')
       PUT key="k0" value="{\"Id\":1,\"V\":61}" version=61 -> err="ErrVersion"
  [642] client=7  call=1773574933371ms return=1773574933562ms  get('k0') -> ('{"Id":2,"V":61}', '62', 'OK')
       GET key="k0" -> value="{\"Id\":2,\"V\":61}" version=62 err="OK"
  [643] client=3  call=1773574933532ms return=1773574933562ms  put('k0', '{"Id":3,"V":62}', '62') -> ('OK')
       PUT key="k0" value="{\"Id\":3,\"V\":62}" version=62 -> err="OK"
  [644] client=0  call=1773574933522ms return=1773574933562ms  get('k0') -> ('{"Id":3,"V":62}', '63', 'OK')
       GET key="k0" -> value="{\"Id\":3,\"V\":62}" version=63 err="OK"
  [645] client=6  call=1773574933411ms return=1773574933582ms  get('k0') -> ('{"Id":3,"V":62}', '63', 'OK')
       GET key="k0" -> value="{\"Id\":3,\"V\":62}" version=63 err="OK"
  [646] client=2  call=1773574933512ms return=1773574933582ms  get('k0') -> ('{"Id":3,"V":62}', '63', 'OK')
       GET key="k0" -> value="{\"Id\":3,\"V\":62}" version=63 err="OK"
  [647] client=8  call=1773574933532ms return=1773574933582ms  get('k0') -> ('{"Id":3,"V":62}', '63', 'OK')
       GET key="k0" -> value="{\"Id\":3,\"V\":62}" version=63 err="OK"
  [648] client=5  call=1773574933542ms return=1773574933582ms  put('k0', '{"Id":5,"V":62}', '62') -> ('ErrVersion')
       PUT key="k0" value="{\"Id\":5,\"V\":62}" version=62 -> err="ErrVersion"
  [649] client=4  call=1773574933371ms return=1773574933612ms  get('k0') -> ('{"Id":3,"V":62}', '63', 'OK')
       GET key="k0" -> value="{\"Id\":3,\"V\":62}" version=63 err="OK"
  [650] client=1  call=1773574933562ms return=1773574933612ms  get('k0') -> ('{"Id":3,"V":62}', '63', 'OK')
       GET key="k0" -> value="{\"Id\":3,\"V\":62}" version=63 err="OK"
  [651] client=3  call=1773574933562ms return=1773574933622ms  get('k0') -> ('{"Id":0,"V":63}', '64', 'OK')
       GET key="k0" -> value="{\"Id\":0,\"V\":63}" version=64 err="OK"
  [652] client=0  call=1773574933562ms return=1773574933622ms  put('k0', '{"Id":0,"V":63}', '63') -> ('OK')
       PUT key="k0" value="{\"Id\":0,\"V\":63}" version=63 -> err="OK"
  [653] client=8  call=1773574933582ms return=1773574933622ms  put('k0', '{"Id":8,"V":63}', '63') -> ('ErrVersion')
       PUT key="k0" value="{\"Id\":8,\"V\":63}" version=63 -> err="ErrVersion"
  [654] client=7  call=1773574933562ms return=1773574933662ms  put('k0', '{"Id":7,"V":62}', '62') -> ('ErrMaybe')
       PUT key="k0" value="{\"Id\":7,\"V\":62}" version=62 -> err="ErrMaybe"
  [655] client=3  call=1773574933622ms return=1773574933662ms  put('k0', '{"Id":3,"V":64}', '64') -> ('OK')
       PUT key="k0" value="{\"Id\":3,\"V\":64}" version=64 -> err="OK"
  [656] client=4  call=1773574933612ms return=1773574933672ms  put('k0', '{"Id":4,"V":63}', '63') -> ('ErrVersion')
       PUT key="k0" value="{\"Id\":4,\"V\":63}" version=63 -> err="ErrVersion"
  [657] client=8  call=1773574933622ms return=1773574933672ms  get('k0') -> ('{"Id":3,"V":64}', '65', 'OK')
       GET key="k0" -> value="{\"Id\":3,\"V\":64}" version=65 err="OK"
  [658] client=6  call=1773574933582ms return=1773574933702ms  put('k0', '{"Id":6,"V":63}', '63') -> ('ErrMaybe')
       PUT key="k0" value="{\"Id\":6,\"V\":63}" version=63 -> err="ErrMaybe"
  [659] client=4  call=1773574933672ms return=1773574933702ms  get('k0') -> ('{"Id":3,"V":64}', '65', 'OK')
       GET key="k0" -> value="{\"Id\":3,\"V\":64}" version=65 err="OK"
  [660] client=7  call=1773574933662ms return=1773574933702ms  get('k0') -> ('{"Id":3,"V":64}', '65', 'OK')
       GET key="k0" -> value="{\"Id\":3,\"V\":64}" version=65 err="OK"
  [661] client=3  call=1773574933662ms return=1773574933733ms  get('k0') -> ('{"Id":3,"V":64}', '65', 'OK')
       GET key="k0" -> value="{\"Id\":3,\"V\":64}" version=65 err="OK"
  [662] client=2  call=1773574933582ms return=1773574933733ms  put('k0', '{"Id":2,"V":63}', '63') -> ('ErrMaybe')
       PUT key="k0" value="{\"Id\":2,\"V\":63}" version=63 -> err="ErrMaybe"
  [663] client=8  call=1773574933672ms return=1773574933733ms  put('k0', '{"Id":8,"V":65}', '65') -> ('OK')
       PUT key="k0" value="{\"Id\":8,\"V\":65}" version=65 -> err="OK"
  [664] client=4  call=1773574933702ms return=1773574933753ms  put('k0', '{"Id":4,"V":65}', '65') -> ('ErrVersion')
       PUT key="k0" value="{\"Id\":4,\"V\":65}" version=65 -> err="ErrVersion"
  [665] client=2  call=1773574933733ms return=1773574933773ms  get('k0') -> ('{"Id":8,"V":65}', '66', 'OK')
       GET key="k0" -> value="{\"Id\":8,\"V\":65}" version=66 err="OK"
  [666] client=6  call=1773574933702ms return=1773574933773ms  get('k0') -> ('{"Id":8,"V":65}', '66', 'OK')
       GET key="k0" -> value="{\"Id\":8,\"V\":65}" version=66 err="OK"
  [667] client=3  call=1773574933733ms return=1773574933793ms  put('k0', '{"Id":3,"V":65}', '65') -> ('ErrVersion')
       PUT key="k0" value="{\"Id\":3,\"V\":65}" version=65 -> err="ErrVersion"
  [668] client=5  call=1773574933582ms return=1773574933793ms  get('k0') -> ('{"Id":8,"V":65}', '66', 'OK')
       GET key="k0" -> value="{\"Id\":8,\"V\":65}" version=66 err="OK"
  [669] client=8  call=1773574933733ms return=1773574933803ms  get('k0') -> ('{"Id":8,"V":65}', '66', 'OK')
       GET key="k0" -> value="{\"Id\":8,\"V\":65}" version=66 err="OK"
  [670] client=4  call=1773574933753ms return=1773574933803ms  get('k0') -> ('{"Id":8,"V":65}', '66', 'OK')
       GET key="k0" -> value="{\"Id\":8,\"V\":65}" version=66 err="OK"
  [671] client=7  call=1773574933702ms return=1773574933803ms  put('k0', '{"Id":7,"V":65}', '65') -> ('ErrVersion')
       PUT key="k0" value="{\"Id\":7,\"V\":65}" version=65 -> err="ErrVersion"
  [672] client=1  call=1773574933612ms return=1773574933813ms  put('k0', '{"Id":1,"V":63}', '63') -> ('ErrMaybe')
       PUT key="k0" value="{\"Id\":1,\"V\":63}" version=63 -> err="ErrMaybe"
  [673] client=9  call=1773574933532ms return=1773574933813ms  get('k0') -> ('{"Id":8,"V":65}', '66', 'OK')
       GET key="k0" -> value="{\"Id\":8,\"V\":65}" version=66 err="OK"
  [674] client=0  call=1773574933622ms return=1773574933813ms  get('k0') -> ('{"Id":8,"V":65}', '66', 'OK')
       GET key="k0" -> value="{\"Id\":8,\"V\":65}" version=66 err="OK"
  [675] client=6  call=1773574933773ms return=1773574933813ms  put('k0', '{"Id":6,"V":66}', '66') -> ('OK')
       PUT key="k0" value="{\"Id\":6,\"V\":66}" version=66 -> err="OK"
  [676] client=5  call=1773574933793ms return=1773574933823ms  put('k0', '{"Id":5,"V":66}', '66') -> ('ErrVersion')
       PUT key="k0" value="{\"Id\":5,\"V\":66}" version=66 -> err="ErrVersion"
  [677] client=3  call=1773574933793ms return=1773574933833ms  get('k0') -> ('{"Id":6,"V":66}', '67', 'OK')
       GET key="k0" -> value="{\"Id\":6,\"V\":66}" version=67 err="OK"
  [678] client=7  call=1773574933803ms return=1773574933853ms  get('k0') -> ('{"Id":6,"V":66}', '67', 'OK')
       GET key="k0" -> value="{\"Id\":6,\"V\":66}" version=67 err="OK"
  [679] client=2  call=1773574933773ms return=1773574933863ms  put('k0', '{"Id":2,"V":66}', '66') -> ('ErrVersion')
       PUT key="k0" value="{\"Id\":2,\"V\":66}" version=66 -> err="ErrVersion"
  [680] client=4  call=1773574933803ms return=1773574933863ms  put('k0', '{"Id":4,"V":66}', '66') -> ('ErrVersion')
       PUT key="k0" value="{\"Id\":4,\"V\":66}" version=66 -> err="ErrVersion"
  [681] client=1  call=1773574933813ms return=1773574933873ms  get('k0') -> ('{"Id":6,"V":66}', '67', 'OK')
       GET key="k0" -> value="{\"Id\":6,\"V\":66}" version=67 err="OK"
  [682] client=8  call=1773574933803ms return=1773574933884ms  put('k0', '{"Id":8,"V":66}', '66') -> ('ErrMaybe')
       PUT key="k0" value="{\"Id\":8,\"V\":66}" version=66 -> err="ErrMaybe"
  [683] client=3  call=1773574933833ms return=1773574933904ms  put('k0', '{"Id":3,"V":67}', '67') -> ('OK')
       PUT key="k0" value="{\"Id\":3,\"V\":67}" version=67 -> err="OK"
  [684] client=7  call=1773574933853ms return=1773574933904ms  put('k0', '{"Id":7,"V":67}', '67') -> ('ErrVersion')
       PUT key="k0" value="{\"Id\":7,\"V\":67}" version=67 -> err="ErrVersion"
  [685] client=4  call=1773574933863ms return=1773574933904ms  get('k0') -> ('{"Id":3,"V":67}', '68', 'OK')
       GET key="k0" -> value="{\"Id\":3,\"V\":67}" version=68 err="OK"
  [686] client=0  call=1773574933813ms return=1773574933904ms  put('k0', '{"Id":0,"V":66}', '66') -> ('ErrVersion')
       PUT key="k0" value="{\"Id\":0,\"V\":66}" version=66 -> err="ErrVersion"
  [687] client=2  call=1773574933863ms return=1773574933914ms  get('k0') -> ('{"Id":3,"V":67}', '68', 'OK')
       GET key="k0" -> value="{\"Id\":3,\"V\":67}" version=68 err="OK"
  [688] client=1  call=1773574933873ms return=1773574933914ms  put('k0', '{"Id":1,"V":67}', '67') -> ('ErrVersion')
       PUT key="k0" value="{\"Id\":1,\"V\":67}" version=67 -> err="ErrVersion"
  [689] client=5  call=1773574933823ms return=1773574933914ms  get('k0') -> ('{"Id":3,"V":67}', '68', 'OK')
       GET key="k0" -> value="{\"Id\":3,\"V\":67}" version=68 err="OK"
  [690] client=8  call=1773574933884ms return=1773574933914ms  get('k0') -> ('{"Id":3,"V":67}', '68', 'OK')
       GET key="k0" -> value="{\"Id\":3,\"V\":67}" version=68 err="OK"
  [691] client=9  call=1773574933813ms return=1773574933924ms  put('k0', '{"Id":9,"V":66}', '66') -> ('ErrMaybe')
       PUT key="k0" value="{\"Id\":9,\"V\":66}" version=66 -> err="ErrMaybe"
  [692] client=4  call=1773574933904ms return=1773574933924ms  put('k0', '{"Id":4,"V":68}', '68') -> ('OK')
       PUT key="k0" value="{\"Id\":4,\"V\":68}" version=68 -> err="OK"
  [693] client=6  call=1773574933813ms return=1773574933944ms  get('k0') -> ('{"Id":4,"V":68}', '69', 'OK')
       GET key="k0" -> value="{\"Id\":4,\"V\":68}" version=69 err="OK"
  [694] client=3  call=1773574933904ms return=1773574933944ms  get('k0') -> ('{"Id":4,"V":68}', '69', 'OK')
       GET key="k0" -> value="{\"Id\":4,\"V\":68}" version=69 err="OK"
  [695] client=2  call=1773574933914ms return=1773574933944ms  put('k0', '{"Id":2,"V":68}', '68') -> ('ErrVersion')
       PUT key="k0" value="{\"Id\":2,\"V\":68}" version=68 -> err="ErrVersion"
  [696] client=1  call=1773574933914ms return=1773574933944ms  get('k0') -> ('{"Id":4,"V":68}', '69', 'OK')
       GET key="k0" -> value="{\"Id\":4,\"V\":68}" version=69 err="OK"
  [697] client=5  call=1773574933914ms return=1773574933964ms  put('k0', '{"Id":5,"V":68}', '68') -> ('ErrVersion')
       PUT key="k0" value="{\"Id\":5,\"V\":68}" version=68 -> err="ErrVersion"
  [698] client=0  call=1773574933904ms return=1773574933964ms  get('k0') -> ('{"Id":4,"V":68}', '69', 'OK')
       GET key="k0" -> value="{\"Id\":4,\"V\":68}" version=69 err="OK"
  [699] client=9  call=1773574933924ms return=1773574933964ms  get('k0') -> ('{"Id":4,"V":68}', '69', 'OK')
       GET key="k0" -> value="{\"Id\":4,\"V\":68}" version=69 err="OK"
  [700] client=6  call=1773574933944ms return=1773574933984ms  put('k0', '{"Id":6,"V":69}', '69') -> ('ErrVersion')
       PUT key="k0" value="{\"Id\":6,\"V\":69}" version=69 -> err="ErrVersion"
  [701] client=4  call=1773574933924ms return=1773574933984ms  get('k0') -> ('{"Id":1,"V":69}', '70', 'OK')
       GET key="k0" -> value="{\"Id\":1,\"V\":69}" version=70 err="OK"
  [702] client=9  call=1773574933964ms return=1773574933994ms  put('k0', '{"Id":9,"V":69}', '69') -> ('ErrVersion')
       PUT key="k0" value="{\"Id\":9,\"V\":69}" version=69 -> err="ErrVersion"
  [703] client=5  call=1773574933964ms return=1773574933994ms  get('k0') -> ('{"Id":1,"V":69}', '70', 'OK')
       GET key="k0" -> value="{\"Id\":1,\"V\":69}" version=70 err="OK"
  [704] client=3  call=1773574933944ms return=1773574934024ms  put('k0', '{"Id":3,"V":69}', '69') -> ('ErrVersion')
       PUT key="k0" value="{\"Id\":3,\"V\":69}" version=69 -> err="ErrVersion"
  [705] client=4  call=1773574933984ms return=1773574934024ms  put('k0', '{"Id":4,"V":70}', '70') -> ('OK')
       PUT key="k0" value="{\"Id\":4,\"V\":70}" version=70 -> err="OK"
  [706] client=8  call=1773574933914ms return=1773574934034ms  put('k0', '{"Id":8,"V":68}', '68') -> ('ErrMaybe')
       PUT key="k0" value="{\"Id\":8,\"V\":68}" version=68 -> err="ErrMaybe"
  [707] client=6  call=1773574933984ms return=1773574934034ms  get('k0') -> ('{"Id":4,"V":70}', '71', 'OK')
       GET key="k0" -> value="{\"Id\":4,\"V\":70}" version=71 err="OK"
  [708] client=1  call=1773574933944ms return=1773574934054ms  put('k0', '{"Id":1,"V":69}', '69') -> ('ErrMaybe')
       PUT key="k0" value="{\"Id\":1,\"V\":69}" version=69 -> err="ErrMaybe"
  [709] client=2  call=1773574933944ms return=1773574934054ms  get('k0') -> ('{"Id":4,"V":70}', '71', 'OK')
       GET key="k0" -> value="{\"Id\":4,\"V\":70}" version=71 err="OK"
  [710] client=9  call=1773574933994ms return=1773574934054ms  get('k0') -> ('{"Id":4,"V":70}', '71', 'OK')
       GET key="k0" -> value="{\"Id\":4,\"V\":70}" version=71 err="OK"
  [711] client=5  call=1773574933994ms return=1773574934054ms  put('k0', '{"Id":5,"V":70}', '70') -> ('ErrVersion')
       PUT key="k0" value="{\"Id\":5,\"V\":70}" version=70 -> err="ErrVersion"
  [712] client=8  call=1773574934034ms return=1773574934064ms  get('k0') -> ('{"Id":4,"V":70}', '71', 'OK')
       GET key="k0" -> value="{\"Id\":4,\"V\":70}" version=71 err="OK"
  [713] client=7  call=1773574933904ms return=1773574934084ms  get('k0') -> ('{"Id":4,"V":70}', '71', 'OK')
       GET key="k0" -> value="{\"Id\":4,\"V\":70}" version=71 err="OK"
  [714] client=5  call=1773574934054ms return=1773574934104ms  get('k0') -> ('{"Id":4,"V":70}', '71', 'OK')
       GET key="k0" -> value="{\"Id\":4,\"V\":70}" version=71 err="OK"
  [715] client=2  call=1773574934054ms return=1773574934104ms  put('k0', '{"Id":2,"V":71}', '71') -> ('OK')
       PUT key="k0" value="{\"Id\":2,\"V\":71}" version=71 -> err="OK"
  [716] client=6  call=1773574934034ms return=1773574934104ms  put('k0', '{"Id":6,"V":71}', '71') -> ('ErrVersion')
       PUT key="k0" value="{\"Id\":6,\"V\":71}" version=71 -> err="ErrVersion"
  [717] client=1  call=1773574934054ms return=1773574934104ms  get('k0') -> ('{"Id":2,"V":71}', '72', 'OK')
       GET key="k0" -> value="{\"Id\":2,\"V\":71}" version=72 err="OK"
  [718] client=8  call=1773574934064ms return=1773574934104ms  put('k0', '{"Id":8,"V":71}', '71') -> ('ErrVersion')
       PUT key="k0" value="{\"Id\":8,\"V\":71}" version=71 -> err="ErrVersion"
  [719] client=9  call=1773574934054ms return=1773574934114ms  put('k0', '{"Id":9,"V":71}', '71') -> ('ErrVersion')
       PUT key="k0" value="{\"Id\":9,\"V\":71}" version=71 -> err="ErrVersion"
  [720] client=0  call=1773574933964ms return=1773574934135ms  put('k0', '{"Id":0,"V":69}', '69') -> ('ErrMaybe')
       PUT key="k0" value="{\"Id\":0,\"V\":69}" version=69 -> err="ErrMaybe"
  [721] client=8  call=1773574934104ms return=1773574934135ms  get('k0') -> ('{"Id":2,"V":71}', '72', 'OK')
       GET key="k0" -> value="{\"Id\":2,\"V\":71}" version=72 err="OK"
  [722] client=4  call=1773574934024ms return=1773574934135ms  get('k0') -> ('{"Id":2,"V":71}', '72', 'OK')
       GET key="k0" -> value="{\"Id\":2,\"V\":71}" version=72 err="OK"
  [723] client=3  call=1773574934024ms return=1773574934155ms  get('k0') -> ('{"Id":2,"V":71}', '72', 'OK')
       GET key="k0" -> value="{\"Id\":2,\"V\":71}" version=72 err="OK"
  [724] client=2  call=1773574934104ms return=1773574934165ms  get('k0') -> ('{"Id":2,"V":71}', '72', 'OK')
       GET key="k0" -> value="{\"Id\":2,\"V\":71}" version=72 err="OK"
  [725] client=9  call=1773574934114ms return=1773574934165ms  get('k0') -> ('{"Id":2,"V":71}', '72', 'OK')
       GET key="k0" -> value="{\"Id\":2,\"V\":71}" version=72 err="OK"
  [726] client=8  call=1773574934135ms return=1773574934195ms  put('k0', '{"Id":8,"V":72}', '72') -> ('ErrVersion')
       PUT key="k0" value="{\"Id\":8,\"V\":72}" version=72 -> err="ErrVersion"
  [727] client=4  call=1773574934135ms return=1773574934195ms  put('k0', '{"Id":4,"V":72}', '72') -> ('OK')
       PUT key="k0" value="{\"Id\":4,\"V\":72}" version=72 -> err="OK"
  [728] client=0  call=1773574934135ms return=1773574934195ms  get('k0') -> ('{"Id":4,"V":72}', '73', 'OK')
       GET key="k0" -> value="{\"Id\":4,\"V\":72}" version=73 err="OK"
  [729] client=3  call=1773574934155ms return=1773574934195ms  put('k0', '{"Id":3,"V":72}', '72') -> ('ErrVersion')
       PUT key="k0" value="{\"Id\":3,\"V\":72}" version=72 -> err="ErrVersion"
  [730] client=6  call=1773574934104ms return=1773574934205ms  get('k0') -> ('{"Id":4,"V":72}', '73', 'OK')
       GET key="k0" -> value="{\"Id\":4,\"V\":72}" version=73 err="OK"
  [731] client=7  call=1773574934084ms return=1773574934205ms  put('k0', '{"Id":7,"V":71}', '71') -> ('ErrMaybe')
       PUT key="k0" value="{\"Id\":7,\"V\":71}" version=71 -> err="ErrMaybe"
  [732] client=2  call=1773574934165ms return=1773574934225ms  put('k0', '{"Id":2,"V":72}', '72') -> ('ErrVersion')
       PUT key="k0" value="{\"Id\":2,\"V\":72}" version=72 -> err="ErrVersion"
  [733] client=3  call=1773574934195ms return=1773574934225ms  get('k0') -> ('{"Id":4,"V":72}', '73', 'OK')
       GET key="k0" -> value="{\"Id\":4,\"V\":72}" version=73 err="OK"
  [734] client=9  call=1773574934165ms return=1773574934225ms  put('k0', '{"Id":9,"V":72}', '72') -> ('ErrVersion')
       PUT key="k0" value="{\"Id\":9,\"V\":72}" version=72 -> err="ErrVersion"
  [735] client=7  call=1773574934205ms return=1773574934235ms  get('k0') -> ('{"Id":0,"V":73}', '74', 'OK')
       GET key="k0" -> value="{\"Id\":0,\"V\":73}" version=74 err="OK"
  [736] client=0  call=1773574934195ms return=1773574934235ms  put('k0', '{"Id":0,"V":73}', '73') -> ('OK')
       PUT key="k0" value="{\"Id\":0,\"V\":73}" version=73 -> err="OK"
  [737] client=0  call=1773574934235ms return=1773574934245ms  get('k0') -> ('{"Id":0,"V":73}', '74', 'OK')
       GET key="k0" -> value="{\"Id\":0,\"V\":73}" version=74 err="OK"
  [738] client=6  call=1773574934205ms return=1773574934245ms  put('k0', '{"Id":6,"V":73}', '73') -> ('ErrVersion')
       PUT key="k0" value="{\"Id\":6,\"V\":73}" version=73 -> err="ErrVersion"
  [739] client=5  call=1773574934104ms return=1773574934245ms  put('k0', '{"Id":5,"V":71}', '71') -> ('ErrMaybe')
       PUT key="k0" value="{\"Id\":5,\"V\":71}" version=71 -> err="ErrMaybe"
  [740] client=4  call=1773574934195ms return=1773574934245ms  get('k0') -> ('{"Id":0,"V":73}', '74', 'OK')
       GET key="k0" -> value="{\"Id\":0,\"V\":73}" version=74 err="OK"
  [741] client=7  call=1773574934235ms return=1773574934275ms  put('k0', '{"Id":7,"V":74}', '74') -> ('OK')
       PUT key="k0" value="{\"Id\":7,\"V\":74}" version=74 -> err="OK"
  [742] client=6  call=1773574934245ms return=1773574934285ms  get('k0') -> ('{"Id":7,"V":74}', '75', 'OK')
       GET key="k0" -> value="{\"Id\":7,\"V\":74}" version=75 err="OK"
  [743] client=9  call=1773574934225ms return=1773574934285ms  get('k0') -> ('{"Id":7,"V":74}', '75', 'OK')
       GET key="k0" -> value="{\"Id\":7,\"V\":74}" version=75 err="OK"
  [744] client=5  call=1773574934245ms return=1773574934285ms  get('k0') -> ('{"Id":7,"V":74}', '75', 'OK')
       GET key="k0" -> value="{\"Id\":7,\"V\":74}" version=75 err="OK"
  [745] client=2  call=1773574934225ms return=1773574934285ms  get('k0') -> ('{"Id":7,"V":74}', '75', 'OK')
       GET key="k0" -> value="{\"Id\":7,\"V\":74}" version=75 err="OK"
  [746] client=8  call=1773574934195ms return=1773574934295ms  get('k0') -> ('{"Id":7,"V":74}', '75', 'OK')
       GET key="k0" -> value="{\"Id\":7,\"V\":74}" version=75 err="OK"
  [747] client=1  call=1773574934104ms return=1773574934296ms  put('k0', '{"Id":1,"V":72}', '72') -> ('ErrMaybe')
       PUT key="k0" value="{\"Id\":1,\"V\":72}" version=72 -> err="ErrMaybe"
  [748] client=0  call=1773574934245ms return=1773574934315ms  put('k0', '{"Id":0,"V":74}', '74') -> ('ErrVersion')
       PUT key="k0" value="{\"Id\":0,\"V\":74}" version=74 -> err="ErrVersion"
  [749] client=7  call=1773574934275ms return=1773574934325ms  get('k0') -> ('{"Id":7,"V":74}', '75', 'OK')
       GET key="k0" -> value="{\"Id\":7,\"V\":74}" version=75 err="OK"
  [750] client=3  call=1773574934225ms return=1773574934325ms  put('k0', '{"Id":3,"V":73}', '73') -> ('ErrVersion')
       PUT key="k0" value="{\"Id\":3,\"V\":73}" version=73 -> err="ErrVersion"
  [751] client=2  call=1773574934285ms return=1773574934345ms  put('k0', '{"Id":2,"V":75}', '75') -> ('ErrVersion')
       PUT key="k0" value="{\"Id\":2,\"V\":75}" version=75 -> err="ErrVersion"
  [752] client=8  call=1773574934295ms return=1773574934346ms  put('k0', '{"Id":8,"V":75}', '75') -> ('ErrVersion')
       PUT key="k0" value="{\"Id\":8,\"V\":75}" version=75 -> err="ErrVersion"
  [753] client=9  call=1773574934285ms return=1773574934346ms  put('k0', '{"Id":9,"V":75}', '75') -> ('ErrVersion')
       PUT key="k0" value="{\"Id\":9,\"V\":75}" version=75 -> err="ErrVersion"
  [754] client=1  call=1773574934296ms return=1773574934356ms  get('k0') -> ('{"Id":5,"V":75}', '76', 'OK')
       GET key="k0" -> value="{\"Id\":5,\"V\":75}" version=76 err="OK"
  [755] client=3  call=1773574934325ms return=1773574934356ms  get('k0') -> ('{"Id":5,"V":75}', '76', 'OK')
       GET key="k0" -> value="{\"Id\":5,\"V\":75}" version=76 err="OK"
  [756] client=4  call=1773574934245ms return=1773574934356ms  put('k0', '{"Id":4,"V":74}', '74') -> ('ErrMaybe')
       PUT key="k0" value="{\"Id\":4,\"V\":74}" version=74 -> err="ErrMaybe"
  [757] client=8  call=1773574934346ms return=1773574934386ms  get('k0') -> ('{"Id":5,"V":75}', '76', 'OK')
       GET key="k0" -> value="{\"Id\":5,\"V\":75}" version=76 err="OK"
  [758] client=2  call=1773574934345ms return=1773574934386ms  get('k0') -> ('{"Id":5,"V":75}', '76', 'OK')
       GET key="k0" -> value="{\"Id\":5,\"V\":75}" version=76 err="OK"
  [759] client=1  call=1773574934356ms return=1773574934386ms  put('k0', '{"Id":1,"V":76}', '76') -> ('OK')
       PUT key="k0" value="{\"Id\":1,\"V\":76}" version=76 -> err="OK"
  [760] client=4  call=1773574934356ms return=1773574934386ms  get('k0') -> ('{"Id":1,"V":76}', '77', 'OK')
       GET key="k0" -> value="{\"Id\":1,\"V\":76}" version=77 err="OK"
  [761] client=9  call=1773574934346ms return=1773574934386ms  get('k0') -> ('{"Id":1,"V":76}', '77', 'OK')
       GET key="k0" -> value="{\"Id\":1,\"V\":76}" version=77 err="OK"
  [762] client=6  call=1773574934285ms return=1773574934386ms  put('k0', '{"Id":6,"V":75}', '75') -> ('ErrMaybe')
       PUT key="k0" value="{\"Id\":6,\"V\":75}" version=75 -> err="ErrMaybe"
  [763] client=5  call=1773574934285ms return=1773574934396ms  put('k0', '{"Id":5,"V":75}', '75') -> ('ErrMaybe')
       PUT key="k0" value="{\"Id\":5,\"V\":75}" version=75 -> err="ErrMaybe"
  [764] client=3  call=1773574934356ms return=1773574934396ms  put('k0', '{"Id":3,"V":76}', '76') -> ('ErrVersion')
       PUT key="k0" value="{\"Id\":3,\"V\":76}" version=76 -> err="ErrVersion"
  [765] client=0  call=1773574934315ms return=1773574934416ms  get('k0') -> ('{"Id":1,"V":76}', '77', 'OK')
       GET key="k0" -> value="{\"Id\":1,\"V\":76}" version=77 err="OK"
  [766] client=8  call=1773574934386ms return=1773574934426ms  put('k0', '{"Id":8,"V":76}', '76') -> ('ErrVersion')
       PUT key="k0" value="{\"Id\":8,\"V\":76}" version=76 -> err="ErrVersion"
  [767] client=4  call=1773574934386ms return=1773574934426ms  put('k0', '{"Id":4,"V":77}', '77') -> ('OK')
       PUT key="k0" value="{\"Id\":4,\"V\":77}" version=77 -> err="OK"
  [768] client=6  call=1773574934386ms return=1773574934426ms  get('k0') -> ('{"Id":4,"V":77}', '78', 'OK')
       GET key="k0" -> value="{\"Id\":4,\"V\":77}" version=78 err="OK"
  [769] client=7  call=1773574934325ms return=1773574934436ms  put('k0', '{"Id":7,"V":75}', '75') -> ('ErrMaybe')
       PUT key="k0" value="{\"Id\":7,\"V\":75}" version=75 -> err="ErrMaybe"
  [770] client=9  call=1773574934386ms return=1773574934436ms  put('k0', '{"Id":9,"V":77}', '77') -> ('ErrVersion')
       PUT key="k0" value="{\"Id\":9,\"V\":77}" version=77 -> err="ErrVersion"
  [771] client=0  call=1773574934416ms return=1773574934436ms  put('k0', '{"Id":0,"V":77}', '77') -> ('ErrVersion')
       PUT key="k0" value="{\"Id\":0,\"V\":77}" version=77 -> err="ErrVersion"
  [772] client=2  call=1773574934386ms return=1773574934436ms  put('k0', '{"Id":2,"V":76}', '76') -> ('ErrVersion')
       PUT key="k0" value="{\"Id\":2,\"V\":76}" version=76 -> err="ErrVersion"
  [773] client=5  call=1773574934396ms return=1773574934436ms  get('k0') -> ('{"Id":4,"V":77}', '78', 'OK')
       GET key="k0" -> value="{\"Id\":4,\"V\":77}" version=78 err="OK"
  [774] client=2  call=1773574934436ms return=1773574934456ms  get('k0') -> ('{"Id":6,"V":78}', '79', 'OK')
       GET key="k0" -> value="{\"Id\":6,\"V\":78}" version=79 err="OK"
  [775] client=6  call=1773574934426ms return=1773574934456ms  put('k0', '{"Id":6,"V":78}', '78') -> ('OK')
       PUT key="k0" value="{\"Id\":6,\"V\":78}" version=78 -> err="OK"
  [776] client=4  call=1773574934426ms return=1773574934456ms  get('k0') -> ('{"Id":6,"V":78}', '79', 'OK')
       GET key="k0" -> value="{\"Id\":6,\"V\":78}" version=79 err="OK"
  [777] client=1  call=1773574934386ms return=1773574934456ms  get('k0') -> ('{"Id":4,"V":77}', '78', 'OK')
       GET key="k0" -> value="{\"Id\":4,\"V\":77}" version=78 err="OK"
  [778] client=0  call=1773574934436ms return=1773574934456ms  get('k0') -> ('{"Id":6,"V":78}', '79', 'OK')
       GET key="k0" -> value="{\"Id\":6,\"V\":78}" version=79 err="OK"
  [779] client=3  call=1773574934396ms return=1773574934456ms  get('k0') -> ('{"Id":6,"V":78}', '79', 'OK')
       GET key="k0" -> value="{\"Id\":6,\"V\":78}" version=79 err="OK"
  [780] client=7  call=1773574934436ms return=1773574934476ms  get('k0') -> ('{"Id":6,"V":78}', '79', 'OK')
       GET key="k0" -> value="{\"Id\":6,\"V\":78}" version=79 err="OK"
  [781] client=9  call=1773574934436ms return=1773574934496ms  get('k0') -> ('{"Id":3,"V":79}', '80', 'OK')
       GET key="k0" -> value="{\"Id\":3,\"V\":79}" version=80 err="OK"
  [782] client=5  call=1773574934436ms return=1773574934496ms  put('k0', '{"Id":5,"V":78}', '78') -> ('ErrVersion')
       PUT key="k0" value="{\"Id\":5,\"V\":78}" version=78 -> err="ErrVersion"
  [783] client=8  call=1773574934426ms return=1773574934496ms  get('k0') -> ('{"Id":3,"V":79}', '80', 'OK')
       GET key="k0" -> value="{\"Id\":3,\"V\":79}" version=80 err="OK"
  [784] client=1  call=1773574934456ms return=1773574934496ms  put('k0', '{"Id":1,"V":78}', '78') -> ('ErrVersion')
       PUT key="k0" value="{\"Id\":1,\"V\":78}" version=78 -> err="ErrVersion"
  [785] client=2  call=1773574934456ms return=1773574934516ms  put('k0', '{"Id":2,"V":79}', '79') -> ('ErrVersion')
       PUT key="k0" value="{\"Id\":2,\"V\":79}" version=79 -> err="ErrVersion"
  [786] client=6  call=1773574934456ms return=1773574934516ms  get('k0') -> ('{"Id":3,"V":79}', '80', 'OK')
       GET key="k0" -> value="{\"Id\":3,\"V\":79}" version=80 err="OK"
  [787] client=4  call=1773574934456ms return=1773574934516ms  put('k0', '{"Id":4,"V":79}', '79') -> ('ErrVersion')
       PUT key="k0" value="{\"Id\":4,\"V\":79}" version=79 -> err="ErrVersion"
  [788] client=0  call=1773574934456ms return=1773574934526ms  put('k0', '{"Id":0,"V":79}', '79') -> ('ErrVersion')
       PUT key="k0" value="{\"Id\":0,\"V\":79}" version=79 -> err="ErrVersion"
  [789] client=7  call=1773574934476ms return=1773574934536ms  put('k0', '{"Id":7,"V":79}', '79') -> ('ErrVersion')
       PUT key="k0" value="{\"Id\":7,\"V\":79}" version=79 -> err="ErrVersion"
  [790] client=9  call=1773574934496ms return=1773574934536ms  put('k0', '{"Id":9,"V":80}', '80') -> ('OK')
       PUT key="k0" value="{\"Id\":9,\"V\":80}" version=80 -> err="OK"
  [791] client=1  call=1773574934496ms return=1773574934536ms  get('k0') -> ('{"Id":3,"V":79}', '80', 'OK')
       GET key="k0" -> value="{\"Id\":3,\"V\":79}" version=80 err="OK"
  [792] client=3  call=1773574934456ms return=1773574934557ms  put('k0', '{"Id":3,"V":79}', '79') -> ('ErrMaybe')
       PUT key="k0" value="{\"Id\":3,\"V\":79}" version=79 -> err="ErrMaybe"
  [793] client=5  call=1773574934496ms return=1773574934557ms  get('k0') -> ('{"Id":9,"V":80}', '81', 'OK')
       GET key="k0" -> value="{\"Id\":9,\"V\":80}" version=81 err="OK"
  [794] client=1  call=1773574934536ms return=1773574934567ms  put('k0', '{"Id":1,"V":80}', '80') -> ('ErrVersion')
       PUT key="k0" value="{\"Id\":1,\"V\":80}" version=80 -> err="ErrVersion"
  [795] client=0  call=1773574934526ms return=1773574934567ms  get('k0') -> ('{"Id":9,"V":80}', '81', 'OK')
       GET key="k0" -> value="{\"Id\":9,\"V\":80}" version=81 err="OK"
  [796] client=9  call=1773574934536ms return=1773574934587ms  get('k0') -> ('{"Id":0,"V":81}', '82', 'OK')
       GET key="k0" -> value="{\"Id\":0,\"V\":81}" version=82 err="OK"
  [797] client=0  call=1773574934567ms return=1773574934587ms  put('k0', '{"Id":0,"V":81}', '81') -> ('OK')
       PUT key="k0" value="{\"Id\":0,\"V\":81}" version=81 -> err="OK"
  [798] client=2  call=1773574934516ms return=1773574934597ms  get('k0') -> ('{"Id":0,"V":81}', '82', 'OK')
       GET key="k0" -> value="{\"Id\":0,\"V\":81}" version=82 err="OK"
  [799] client=1  call=1773574934567ms return=1773574934597ms  get('k0') -> ('{"Id":0,"V":81}', '82', 'OK')
       GET key="k0" -> value="{\"Id\":0,\"V\":81}" version=82 err="OK"
  [800] client=5  call=1773574934557ms return=1773574934617ms  put('k0', '{"Id":5,"V":81}', '81') -> ('ErrVersion')
       PUT key="k0" value="{\"Id\":5,\"V\":81}" version=81 -> err="ErrVersion"
  [801] client=6  call=1773574934516ms return=1773574934617ms  put('k0', '{"Id":6,"V":80}', '80') -> ('ErrMaybe')
       PUT key="k0" value="{\"Id\":6,\"V\":80}" version=80 -> err="ErrMaybe"
  [802] client=8  call=1773574934496ms return=1773574934617ms  put('k0', '{"Id":8,"V":80}', '80') -> ('ErrMaybe')
       PUT key="k0" value="{\"Id\":8,\"V\":80}" version=80 -> err="ErrMaybe"
  [803] client=0  call=1773574934587ms return=1773574934617ms  get('k0') -> ('{"Id":0,"V":81}', '82', 'OK')
       GET key="k0" -> value="{\"Id\":0,\"V\":81}" version=82 err="OK"
  [804] client=2  call=1773574934597ms return=1773574934647ms  put('k0', '{"Id":2,"V":82}', '82') -> ('OK')
       PUT key="k0" value="{\"Id\":2,\"V\":82}" version=82 -> err="OK"
  [805] client=3  call=1773574934557ms return=1773574934677ms  get('k0') -> ('{"Id":2,"V":82}', '83', 'OK')
       GET key="k0" -> value="{\"Id\":2,\"V\":82}" version=83 err="OK"
  [806] client=1  call=1773574934597ms return=1773574934677ms  put('k0', '{"Id":1,"V":82}', '82') -> ('ErrVersion')
       PUT key="k0" value="{\"Id\":1,\"V\":82}" version=82 -> err="ErrVersion"
  [807] client=8  call=1773574934617ms return=1773574934677ms  get('k0') -> ('{"Id":2,"V":82}', '83', 'OK')
       GET key="k0" -> value="{\"Id\":2,\"V\":82}" version=83 err="OK"
  [808] client=6  call=1773574934617ms return=1773574934677ms  get('k0') -> ('{"Id":2,"V":82}', '83', 'OK')
       GET key="k0" -> value="{\"Id\":2,\"V\":82}" version=83 err="OK"
  [809] client=4  call=1773574934516ms return=1773574934687ms  get('k0') -> ('{"Id":2,"V":82}', '83', 'OK')
       GET key="k0" -> value="{\"Id\":2,\"V\":82}" version=83 err="OK"
  [810] client=7  call=1773574934536ms return=1773574934697ms  get('k0') -> ('{"Id":2,"V":82}', '83', 'OK')
       GET key="k0" -> value="{\"Id\":2,\"V\":82}" version=83 err="OK"
  [811] client=1  call=1773574934677ms return=1773574934727ms  get('k0') -> ('{"Id":2,"V":82}', '83', 'OK')
       GET key="k0" -> value="{\"Id\":2,\"V\":82}" version=83 err="OK"
  [812] client=2  call=1773574934647ms return=1773574934727ms  get('k0') -> ('{"Id":2,"V":82}', '83', 'OK')
       GET key="k0" -> value="{\"Id\":2,\"V\":82}" version=83 err="OK"
  [813] client=9  call=1773574934587ms return=1773574934727ms  put('k0', '{"Id":9,"V":82}', '82') -> ('ErrMaybe')
       PUT key="k0" value="{\"Id\":9,\"V\":82}" version=82 -> err="ErrMaybe"
  [814] client=6  call=1773574934677ms return=1773574934728ms  put('k0', '{"Id":6,"V":83}', '83') -> ('ErrVersion')
       PUT key="k0" value="{\"Id\":6,\"V\":83}" version=83 -> err="ErrVersion"
  [815] client=8  call=1773574934677ms return=1773574934728ms  put('k0', '{"Id":8,"V":83}', '83') -> ('OK')
       PUT key="k0" value="{\"Id\":8,\"V\":83}" version=83 -> err="OK"
  [816] client=3  call=1773574934677ms return=1773574934728ms  put('k0', '{"Id":3,"V":83}', '83') -> ('ErrVersion')
       PUT key="k0" value="{\"Id\":3,\"V\":83}" version=83 -> err="ErrVersion"
  [817] client=2  call=1773574934727ms return=1773574934758ms  put('k0', '{"Id":2,"V":83}', '83') -> ('ErrVersion')
       PUT key="k0" value="{\"Id\":2,\"V\":83}" version=83 -> err="ErrVersion"
  [818] client=8  call=1773574934728ms return=1773574934758ms  get('k0') -> ('{"Id":8,"V":83}', '84', 'OK')
       GET key="k0" -> value="{\"Id\":8,\"V\":83}" version=84 err="OK"
  [819] client=7  call=1773574934697ms return=1773574934758ms  put('k0', '{"Id":7,"V":83}', '83') -> ('ErrVersion')
       PUT key="k0" value="{\"Id\":7,\"V\":83}" version=83 -> err="ErrVersion"
  [820] client=5  call=1773574934617ms return=1773574934758ms  get('k0') -> ('{"Id":8,"V":83}', '84', 'OK')
       GET key="k0" -> value="{\"Id\":8,\"V\":83}" version=84 err="OK"
  [821] client=3  call=1773574934728ms return=1773574934758ms  get('k0') -> ('{"Id":8,"V":83}', '84', 'OK')
       GET key="k0" -> value="{\"Id\":8,\"V\":83}" version=84 err="OK"
  [822] client=9  call=1773574934727ms return=1773574934768ms  get('k0') -> ('{"Id":8,"V":83}', '84', 'OK')
       GET key="k0" -> value="{\"Id\":8,\"V\":83}" version=84 err="OK"
  [823] client=6  call=1773574934728ms return=1773574934768ms  get('k0') -> ('{"Id":8,"V":83}', '84', 'OK')
       GET key="k0" -> value="{\"Id\":8,\"V\":83}" version=84 err="OK"
  [824] client=7  call=1773574934758ms return=1773574934768ms  get('k0') -> ('{"Id":8,"V":83}', '84', 'OK')
       GET key="k0" -> value="{\"Id\":8,\"V\":83}" version=84 err="OK"
  [825] client=1  call=1773574934727ms return=1773574934768ms  put('k0', '{"Id":1,"V":83}', '83') -> ('ErrVersion')
       PUT key="k0" value="{\"Id\":1,\"V\":83}" version=83 -> err="ErrVersion"
  [826] client=5  call=1773574934758ms return=1773574934798ms  put('k0', '{"Id":5,"V":84}', '84') -> ('ErrVersion')
       PUT key="k0" value="{\"Id\":5,\"V\":84}" version=84 -> err="ErrVersion"
  [827] client=0  call=1773574934617ms return=1773574934798ms  put('k0', '{"Id":0,"V":82}', '82') -> ('ErrMaybe')
       PUT key="k0" value="{\"Id\":0,\"V\":82}" version=82 -> err="ErrMaybe"
  [828] client=9  call=1773574934768ms return=1773574934808ms  put('k0', '{"Id":9,"V":84}', '84') -> ('ErrVersion')
       PUT key="k0" value="{\"Id\":9,\"V\":84}" version=84 -> err="ErrVersion"
  [829] client=7  call=1773574934768ms return=1773574934808ms  put('k0', '{"Id":7,"V":84}', '84') -> ('ErrVersion')
       PUT key="k0" value="{\"Id\":7,\"V\":84}" version=84 -> err="ErrVersion"
  [830] client=2  call=1773574934758ms return=1773574934808ms  get('k0') -> ('{"Id":3,"V":84}', '85', 'OK')
       GET key="k0" -> value="{\"Id\":3,\"V\":84}" version=85 err="OK"
  [831] client=1  call=1773574934768ms return=1773574934808ms  get('k0') -> ('{"Id":3,"V":84}', '85', 'OK')
       GET key="k0" -> value="{\"Id\":3,\"V\":84}" version=85 err="OK"
  [832] client=5  call=1773574934798ms return=1773574934838ms  get('k0') -> ('{"Id":3,"V":84}', '85', 'OK')
       GET key="k0" -> value="{\"Id\":3,\"V\":84}" version=85 err="OK"
  [833] client=0  call=1773574934798ms return=1773574934858ms  get('k0') -> ('{"Id":3,"V":84}', '85', 'OK')
       GET key="k0" -> value="{\"Id\":3,\"V\":84}" version=85 err="OK"
  [834] client=7  call=1773574934808ms return=1773574934858ms  get('k0') -> ('{"Id":3,"V":84}', '85', 'OK')
       GET key="k0" -> value="{\"Id\":3,\"V\":84}" version=85 err="OK"
  [835] client=3  call=1773574934758ms return=1773574934858ms  put('k0', '{"Id":3,"V":84}', '84') -> ('ErrMaybe')
       PUT key="k0" value="{\"Id\":3,\"V\":84}" version=84 -> err="ErrMaybe"
  [836] client=1  call=1773574934808ms return=1773574934878ms  put('k0', '{"Id":1,"V":85}', '85') -> ('OK')
       PUT key="k0" value="{\"Id\":1,\"V\":85}" version=85 -> err="OK"
  [837] client=9  call=1773574934808ms return=1773574934878ms  get('k0') -> ('{"Id":1,"V":85}', '86', 'OK')
       GET key="k0" -> value="{\"Id\":1,\"V\":85}" version=86 err="OK"
  [838] client=2  call=1773574934808ms return=1773574934888ms  put('k0', '{"Id":2,"V":85}', '85') -> ('ErrVersion')
       PUT key="k0" value="{\"Id\":2,\"V\":85}" version=85 -> err="ErrVersion"
  [839] client=7  call=1773574934858ms return=1773574934898ms  put('k0', '{"Id":7,"V":85}', '85') -> ('ErrVersion')
       PUT key="k0" value="{\"Id\":7,\"V\":85}" version=85 -> err="ErrVersion"
  [840] client=0  call=1773574934858ms return=1773574934898ms  put('k0', '{"Id":0,"V":85}', '85') -> ('ErrVersion')
       PUT key="k0" value="{\"Id\":0,\"V\":85}" version=85 -> err="ErrVersion"
  [841] client=8  call=1773574934758ms return=1773574934919ms  put('k0', '{"Id":8,"V":84}', '84') -> ('ErrMaybe')
       PUT key="k0" value="{\"Id\":8,\"V\":84}" version=84 -> err="ErrMaybe"
  [842] client=9  call=1773574934878ms return=1773574934919ms  put('k0', '{"Id":9,"V":86}', '86') -> ('OK')
       PUT key="k0" value="{\"Id\":9,\"V\":86}" version=86 -> err="OK"
  [843] client=1  call=1773574934878ms return=1773574934929ms  get('k0') -> ('{"Id":9,"V":86}', '87', 'OK')
       GET key="k0" -> value="{\"Id\":9,\"V\":86}" version=87 err="OK"
  [844] client=2  call=1773574934888ms return=1773574934949ms  get('k0') -> ('{"Id":9,"V":86}', '87', 'OK')
       GET key="k0" -> value="{\"Id\":9,\"V\":86}" version=87 err="OK"
  [845] client=9  call=1773574934919ms return=1773574934949ms  get('k0') -> ('{"Id":9,"V":86}', '87', 'OK')
       GET key="k0" -> value="{\"Id\":9,\"V\":86}" version=87 err="OK"
  [846] client=0  call=1773574934898ms return=1773574934949ms  get('k0') -> ('{"Id":9,"V":86}', '87', 'OK')
       GET key="k0" -> value="{\"Id\":9,\"V\":86}" version=87 err="OK"
  [847] client=3  call=1773574934858ms return=1773574934949ms  get('k0') -> ('{"Id":9,"V":86}', '87', 'OK')
       GET key="k0" -> value="{\"Id\":9,\"V\":86}" version=87 err="OK"
  [848] client=6  call=1773574934768ms return=1773574934949ms  put('k0', '{"Id":6,"V":84}', '84') -> ('ErrMaybe')
       PUT key="k0" value="{\"Id\":6,\"V\":84}" version=84 -> err="ErrMaybe"
  [849] client=7  call=1773574934898ms return=1773574934949ms  get('k0') -> ('{"Id":9,"V":86}', '87', 'OK')
       GET key="k0" -> value="{\"Id\":9,\"V\":86}" version=87 err="OK"
  [850] client=5  call=1773574934838ms return=1773574934969ms  put('k0', '{"Id":5,"V":85}', '85') -> ('ErrMaybe')
       PUT key="k0" value="{\"Id\":5,\"V\":85}" version=85 -> err="ErrMaybe"
  [851] client=4  call=1773574934687ms return=1773574934969ms  put('k0', '{"Id":4,"V":83}', '83') -> ('ErrMaybe')
       PUT key="k0" value="{\"Id\":4,\"V\":83}" version=83 -> err="ErrMaybe"
  [852] client=1  call=1773574934929ms return=1773574934989ms  put('k0', '{"Id":1,"V":87}', '87') -> ('ErrVersion')
       PUT key="k0" value="{\"Id\":1,\"V\":87}" version=87 -> err="ErrVersion"
  [853] client=0  call=1773574934949ms return=1773574934989ms  put('k0', '{"Id":0,"V":87}', '87') -> ('OK')
       PUT key="k0" value="{\"Id\":0,\"V\":87}" version=87 -> err="OK"
  [854] client=3  call=1773574934949ms return=1773574934989ms  put('k0', '{"Id":3,"V":87}', '87') -> ('ErrVersion')
       PUT key="k0" value="{\"Id\":3,\"V\":87}" version=87 -> err="ErrVersion"
  [855] client=7  call=1773574934949ms return=1773574934989ms  put('k0', '{"Id":7,"V":87}', '87') -> ('ErrVersion')
       PUT key="k0" value="{\"Id\":7,\"V\":87}" version=87 -> err="ErrVersion"
  [856] client=6  call=1773574934949ms return=1773574934989ms  get('k0') -> ('{"Id":0,"V":87}', '88', 'OK')
       GET key="k0" -> value="{\"Id\":0,\"V\":87}" version=88 err="OK"
  [857] client=2  call=1773574934949ms return=1773574934989ms  put('k0', '{"Id":2,"V":87}', '87') -> ('ErrVersion')
       PUT key="k0" value="{\"Id\":2,\"V\":87}" version=87 -> err="ErrVersion"
  [858] client=9  call=1773574934949ms return=1773574934989ms  put('k0', '{"Id":9,"V":87}', '87') -> ('ErrVersion')
       PUT key="k0" value="{\"Id\":9,\"V\":87}" version=87 -> err="ErrVersion"
  [859] client=8  call=1773574934919ms return=1773574934989ms  get('k0') -> ('{"Id":0,"V":87}', '88', 'OK')
       GET key="k0" -> value="{\"Id\":0,\"V\":87}" version=88 err="OK"
  [860] client=5  call=1773574934969ms return=1773574935019ms  get('k0') -> ('{"Id":0,"V":87}', '88', 'OK')
       GET key="k0" -> value="{\"Id\":0,\"V\":87}" version=88 err="OK"
  [861] client=3  call=1773574934989ms return=1773574935019ms  get('k0') -> ('{"Id":0,"V":87}', '88', 'OK')
       GET key="k0" -> value="{\"Id\":0,\"V\":87}" version=88 err="OK"
  [862] client=6  call=1773574934989ms return=1773574935040ms  put('k0', '{"Id":6,"V":88}', '88') -> ('OK')
       PUT key="k0" value="{\"Id\":6,\"V\":88}" version=88 -> err="OK"
  [863] client=8  call=1773574934989ms return=1773574935040ms  put('k0', '{"Id":8,"V":88}', '88') -> ('ErrVersion')
       PUT key="k0" value="{\"Id\":8,\"V\":88}" version=88 -> err="ErrVersion"
  [864] client=7  call=1773574934989ms return=1773574935040ms  get('k0') -> ('{"Id":6,"V":88}', '89', 'OK')
       GET key="k0" -> value="{\"Id\":6,\"V\":88}" version=89 err="OK"
  [865] client=2  call=1773574934989ms return=1773574935040ms  get('k0') -> ('{"Id":6,"V":88}', '89', 'OK')
       GET key="k0" -> value="{\"Id\":6,\"V\":88}" version=89 err="OK"
  [866] client=1  call=1773574934989ms return=1773574935040ms  get('k0') -> ('{"Id":6,"V":88}', '89', 'OK')
       GET key="k0" -> value="{\"Id\":6,\"V\":88}" version=89 err="OK"
  [867] client=0  call=1773574934989ms return=1773574935070ms  get('k0') -> ('{"Id":6,"V":88}', '89', 'OK')
       GET key="k0" -> value="{\"Id\":6,\"V\":88}" version=89 err="OK"
  [868] client=5  call=1773574935019ms return=1773574935070ms  put('k0', '{"Id":5,"V":88}', '88') -> ('ErrVersion')
       PUT key="k0" value="{\"Id\":5,\"V\":88}" version=88 -> err="ErrVersion"
  [869] client=9  call=1773574934989ms return=1773574935080ms  get('k0') -> ('{"Id":6,"V":88}', '89', 'OK')
       GET key="k0" -> value="{\"Id\":6,\"V\":88}" version=89 err="OK"
  [870] client=2  call=1773574935040ms return=1773574935080ms  put('k0', '{"Id":2,"V":89}', '89') -> ('OK')
       PUT key="k0" value="{\"Id\":2,\"V\":89}" version=89 -> err="OK"
  [871] client=4  call=1773574934969ms return=1773574935090ms  get('k0') -> ('{"Id":2,"V":89}', '90', 'OK')
       GET key="k0" -> value="{\"Id\":2,\"V\":89}" version=90 err="OK"
  [872] client=3  call=1773574935020ms return=1773574935090ms  put('k0', '{"Id":3,"V":88}', '88') -> ('ErrVersion')
       PUT key="k0" value="{\"Id\":3,\"V\":88}" version=88 -> err="ErrVersion"
  [873] client=1  call=1773574935040ms return=1773574935090ms  put('k0', '{"Id":1,"V":89}', '89') -> ('ErrVersion')
       PUT key="k0" value="{\"Id\":1,\"V\":89}" version=89 -> err="ErrVersion"
  [874] client=8  call=1773574935040ms return=1773574935110ms  get('k0') -> ('{"Id":2,"V":89}', '90', 'OK')
       GET key="k0" -> value="{\"Id\":2,\"V\":89}" version=90 err="OK"
  [875] client=0  call=1773574935070ms return=1773574935120ms  put('k0', '{"Id":0,"V":89}', '89') -> ('ErrVersion')
       PUT key="k0" value="{\"Id\":0,\"V\":89}" version=89 -> err="ErrVersion"
  [876] client=7  call=1773574935040ms return=1773574935130ms  put('k0', '{"Id":7,"V":89}', '89') -> ('ErrVersion')
       PUT key="k0" value="{\"Id\":7,\"V\":89}" version=89 -> err="ErrVersion"
  [877] client=5  call=1773574935070ms return=1773574935130ms  get('k0') -> ('{"Id":2,"V":89}', '90', 'OK')
       GET key="k0" -> value="{\"Id\":2,\"V\":89}" version=90 err="OK"
  [878] client=2  call=1773574935080ms return=1773574935130ms  get('k0') -> ('{"Id":2,"V":89}', '90', 'OK')
       GET key="k0" -> value="{\"Id\":2,\"V\":89}" version=90 err="OK"
  [879] client=8  call=1773574935110ms return=1773574935130ms  put('k0', '{"Id":8,"V":90}', '90') -> ('ErrVersion')
       PUT key="k0" value="{\"Id\":8,\"V\":90}" version=90 -> err="ErrVersion"
  [880] client=4  call=1773574935090ms return=1773574935130ms  put('k0', '{"Id":4,"V":90}', '90') -> ('OK')
       PUT key="k0" value="{\"Id\":4,\"V\":90}" version=90 -> err="OK"
  [881] client=3  call=1773574935090ms return=1773574935150ms  get('k0') -> ('{"Id":4,"V":90}', '91', 'OK')
       GET key="k0" -> value="{\"Id\":4,\"V\":90}" version=91 err="OK"
  [882] client=1  call=1773574935090ms return=1773574935150ms  get('k0') -> ('{"Id":4,"V":90}', '91', 'OK')
       GET key="k0" -> value="{\"Id\":4,\"V\":90}" version=91 err="OK"
  [883] client=6  call=1773574935040ms return=1773574935170ms  get('k0') -> ('{"Id":4,"V":90}', '91', 'OK')
       GET key="k0" -> value="{\"Id\":4,\"V\":90}" version=91 err="OK"
  [884] client=7  call=1773574935130ms return=1773574935180ms  get('k0') -> ('{"Id":4,"V":90}', '91', 'OK')
       GET key="k0" -> value="{\"Id\":4,\"V\":90}" version=91 err="OK"
  [885] client=8  call=1773574935130ms return=1773574935180ms  get('k0') -> ('{"Id":4,"V":90}', '91', 'OK')
       GET key="k0" -> value="{\"Id\":4,\"V\":90}" version=91 err="OK"
  [886] client=9  call=1773574935080ms return=1773574935180ms  put('k0', '{"Id":9,"V":89}', '89') -> ('ErrMaybe')
       PUT key="k0" value="{\"Id\":9,\"V\":89}" version=89 -> err="ErrMaybe"
  [887] client=0  call=1773574935120ms return=1773574935180ms  get('k0') -> ('{"Id":4,"V":90}', '91', 'OK')
       GET key="k0" -> value="{\"Id\":4,\"V\":90}" version=91 err="OK"
  [888] client=5  call=1773574935130ms return=1773574935200ms  put('k0', '{"Id":5,"V":90}', '90') -> ('ErrVersion')
       PUT key="k0" value="{\"Id\":5,\"V\":90}" version=90 -> err="ErrVersion"
  [889] client=1  call=1773574935150ms return=1773574935200ms  put('k0', '{"Id":1,"V":91}', '91') -> ('ErrVersion')
       PUT key="k0" value="{\"Id\":1,\"V\":91}" version=91 -> err="ErrVersion"
  [890] client=3  call=1773574935150ms return=1773574935200ms  put('k0', '{"Id":3,"V":91}', '91') -> ('OK')
       PUT key="k0" value="{\"Id\":3,\"V\":91}" version=91 -> err="OK"
  [891] client=6  call=1773574935170ms return=1773574935200ms  put('k0', '{"Id":6,"V":91}', '91') -> ('ErrVersion')
       PUT key="k0" value="{\"Id\":6,\"V\":91}" version=91 -> err="ErrVersion"
  [892] client=7  call=1773574935180ms return=1773574935220ms  put('k0', '{"Id":7,"V":91}', '91') -> ('ErrVersion')
       PUT key="k0" value="{\"Id\":7,\"V\":91}" version=91 -> err="ErrVersion"
  [893] client=8  call=1773574935180ms return=1773574935220ms  put('k0', '{"Id":8,"V":91}', '91') -> ('ErrVersion')
       PUT key="k0" value="{\"Id\":8,\"V\":91}" version=91 -> err="ErrVersion"
  [894] client=4  call=1773574935130ms return=1773574935230ms  get('k0') -> ('{"Id":3,"V":91}', '92', 'OK')
       GET key="k0" -> value="{\"Id\":3,\"V\":91}" version=92 err="OK"
  [895] client=0  call=1773574935180ms return=1773574935240ms  put('k0', '{"Id":0,"V":91}', '91') -> ('ErrVersion')
       PUT key="k0" value="{\"Id\":0,\"V\":91}" version=91 -> err="ErrVersion"
  [896] client=1  call=1773574935200ms return=1773574935250ms  get('k0') -> ('{"Id":3,"V":91}', '92', 'OK')
       GET key="k0" -> value="{\"Id\":3,\"V\":91}" version=92 err="OK"
  [897] client=3  call=1773574935200ms return=1773574935250ms  get('k0') -> ('{"Id":3,"V":91}', '92', 'OK')
       GET key="k0" -> value="{\"Id\":3,\"V\":91}" version=92 err="OK"
  [898] client=8  call=1773574935220ms return=1773574935271ms  get('k0') -> ('{"Id":3,"V":91}', '92', 'OK')
       GET key="k0" -> value="{\"Id\":3,\"V\":91}" version=92 err="OK"
  [899] client=2  call=1773574935130ms return=1773574935271ms  put('k0', '{"Id":2,"V":90}', '90') -> ('ErrMaybe')
       PUT key="k0" value="{\"Id\":2,\"V\":90}" version=90 -> err="ErrMaybe"
  [900] client=4  call=1773574935230ms return=1773574935271ms  put('k0', '{"Id":4,"V":92}', '92') -> ('OK')
       PUT key="k0" value="{\"Id\":4,\"V\":92}" version=92 -> err="OK"
  [901] client=9  call=1773574935180ms return=1773574935271ms  get('k0') -> ('{"Id":4,"V":92}', '93', 'OK')
       GET key="k0" -> value="{\"Id\":4,\"V\":92}" version=93 err="OK"
  [902] client=1  call=1773574935250ms return=1773574935291ms  put('k0', '{"Id":1,"V":92}', '92') -> ('ErrVersion')
       PUT key="k0" value="{\"Id\":1,\"V\":92}" version=92 -> err="ErrVersion"
  [903] client=5  call=1773574935200ms return=1773574935291ms  get('k0') -> ('{"Id":4,"V":92}', '93', 'OK')
       GET key="k0" -> value="{\"Id\":4,\"V\":92}" version=93 err="OK"
  [904] client=7  call=1773574935220ms return=1773574935291ms  get('k0') -> ('{"Id":4,"V":92}', '93', 'OK')
       GET key="k0" -> value="{\"Id\":4,\"V\":92}" version=93 err="OK"
  [905] client=3  call=1773574935251ms return=1773574935301ms  put('k0', '{"Id":3,"V":92}', '92') -> ('ErrVersion')
       PUT key="k0" value="{\"Id\":3,\"V\":92}" version=92 -> err="ErrVersion"
  [906] client=5  call=1773574935291ms return=1773574935331ms  put('k0', '{"Id":5,"V":93}', '93') -> ('ErrVersion')
       PUT key="k0" value="{\"Id\":5,\"V\":93}" version=93 -> err="ErrVersion"
  [907] client=2  call=1773574935271ms return=1773574935331ms  get('k0') -> ('{"Id":9,"V":93}', '94', 'OK')
       GET key="k0" -> value="{\"Id\":9,\"V\":93}" version=94 err="OK"
  [908] client=1  call=1773574935291ms return=1773574935331ms  get('k0') -> ('{"Id":9,"V":93}', '94', 'OK')
       GET key="k0" -> value="{\"Id\":9,\"V\":93}" version=94 err="OK"
  [909] client=8  call=1773574935271ms return=1773574935331ms  put('k0', '{"Id":8,"V":92}', '92') -> ('ErrVersion')
       PUT key="k0" value="{\"Id\":8,\"V\":92}" version=92 -> err="ErrVersion"
  [910] client=4  call=1773574935271ms return=1773574935342ms  get('k0') -> ('{"Id":9,"V":93}', '94', 'OK')
       GET key="k0" -> value="{\"Id\":9,\"V\":93}" version=94 err="OK"
  [911] client=3  call=1773574935301ms return=1773574935352ms  get('k0') -> ('{"Id":9,"V":93}', '94', 'OK')
       GET key="k0" -> value="{\"Id\":9,\"V\":93}" version=94 err="OK"
  [912] client=6  call=1773574935200ms return=1773574935352ms  get('k0') -> ('{"Id":9,"V":93}', '94', 'OK')
       GET key="k0" -> value="{\"Id\":9,\"V\":93}" version=94 err="OK"
  [913] client=0  call=1773574935240ms return=1773574935352ms  get('k0') -> ('{"Id":9,"V":93}', '94', 'OK')
       GET key="k0" -> value="{\"Id\":9,\"V\":93}" version=94 err="OK"
  [914] client=7  call=1773574935291ms return=1773574935362ms  put('k0', '{"Id":7,"V":93}', '93') -> ('ErrVersion')
       PUT key="k0" value="{\"Id\":7,\"V\":93}" version=93 -> err="ErrVersion"
  [915] client=2  call=1773574935331ms return=1773574935372ms  put('k0', '{"Id":2,"V":94}', '94') -> ('OK')
       PUT key="k0" value="{\"Id\":2,\"V\":94}" version=94 -> err="OK"
  [916] client=4  call=1773574935342ms return=1773574935382ms  put('k0', '{"Id":4,"V":94}', '94') -> ('ErrVersion')
       PUT key="k0" value="{\"Id\":4,\"V\":94}" version=94 -> err="ErrVersion"
  [917] client=6  call=1773574935352ms return=1773574935392ms  put('k0', '{"Id":6,"V":94}', '94') -> ('ErrVersion')
       PUT key="k0" value="{\"Id\":6,\"V\":94}" version=94 -> err="ErrVersion"
  [918] client=8  call=1773574935331ms return=1773574935392ms  get('k0') -> ('{"Id":2,"V":94}', '95', 'OK')
       GET key="k0" -> value="{\"Id\":2,\"V\":94}" version=95 err="OK"
  [919] client=5  call=1773574935331ms return=1773574935412ms  get('k0') -> ('{"Id":2,"V":94}', '95', 'OK')
       GET key="k0" -> value="{\"Id\":2,\"V\":94}" version=95 err="OK"
  [920] client=7  call=1773574935362ms return=1773574935432ms  get('k0') -> ('{"Id":2,"V":94}', '95', 'OK')
       GET key="k0" -> value="{\"Id\":2,\"V\":94}" version=95 err="OK"
  [921] client=5  call=1773574935412ms return=1773574935462ms  put('k0', '{"Id":5,"V":95}', '95') -> ('ErrVersion')
       PUT key="k0" value="{\"Id\":5,\"V\":95}" version=95 -> err="ErrVersion"
  [922] client=9  call=1773574935271ms return=1773574935462ms  put('k0', '{"Id":9,"V":93}', '93') -> ('ErrMaybe')
       PUT key="k0" value="{\"Id\":9,\"V\":93}" version=93 -> err="ErrMaybe"
  [923] client=2  call=1773574935372ms return=1773574935483ms  get('k0') -> ('{"Id":8,"V":95}', '96', 'OK')
       GET key="k0" -> value="{\"Id\":8,\"V\":95}" version=96 err="OK"
  [924] client=3  call=1773574935352ms return=1773574935483ms  put('k0', '{"Id":3,"V":94}', '94') -> ('ErrMaybe')
       PUT key="k0" value="{\"Id\":3,\"V\":94}" version=94 -> err="ErrMaybe"
  [925] client=4  call=1773574935382ms return=1773574935483ms  get('k0') -> ('{"Id":8,"V":95}', '96', 'OK')
       GET key="k0" -> value="{\"Id\":8,\"V\":95}" version=96 err="OK"
  [926] client=1  call=1773574935331ms return=1773574935483ms  put('k0', '{"Id":1,"V":94}', '94') -> ('ErrMaybe')
       PUT key="k0" value="{\"Id\":1,\"V\":94}" version=94 -> err="ErrMaybe"
  [927] client=0  call=1773574935352ms return=1773574935483ms  put('k0', '{"Id":0,"V":94}', '94') -> ('ErrMaybe')
       PUT key="k0" value="{\"Id\":0,\"V\":94}" version=94 -> err="ErrMaybe"
  [928] client=5  call=1773574935462ms return=1773574935503ms  get('k0') -> ('{"Id":8,"V":95}', '96', 'OK')
       GET key="k0" -> value="{\"Id\":8,\"V\":95}" version=96 err="OK"
  [929] client=7  call=1773574935432ms return=1773574935503ms  put('k0', '{"Id":7,"V":95}', '95') -> ('ErrVersion')
       PUT key="k0" value="{\"Id\":7,\"V\":95}" version=95 -> err="ErrVersion"
  [930] client=1  call=1773574935483ms return=1773574935513ms  get('k0') -> ('{"Id":4,"V":96}', '97', 'OK')
       GET key="k0" -> value="{\"Id\":4,\"V\":96}" version=97 err="OK"
  [931] client=4  call=1773574935483ms return=1773574935513ms  put('k0', '{"Id":4,"V":96}', '96') -> ('OK')
       PUT key="k0" value="{\"Id\":4,\"V\":96}" version=96 -> err="OK"
  [932] client=9  call=1773574935462ms return=1773574935513ms  get('k0') -> ('{"Id":8,"V":95}', '96', 'OK')
       GET key="k0" -> value="{\"Id\":8,\"V\":95}" version=96 err="OK"
  [933] client=8  call=1773574935392ms return=1773574935513ms  put('k0', '{"Id":8,"V":95}', '95') -> ('ErrMaybe')
       PUT key="k0" value="{\"Id\":8,\"V\":95}" version=95 -> err="ErrMaybe"
  [934] client=7  call=1773574935503ms return=1773574935543ms  get('k0') -> ('{"Id":4,"V":96}', '97', 'OK')
       GET key="k0" -> value="{\"Id\":4,\"V\":96}" version=97 err="OK"
  [935] client=6  call=1773574935392ms return=1773574935543ms  get('k0') -> ('{"Id":4,"V":96}', '97', 'OK')
       GET key="k0" -> value="{\"Id\":4,\"V\":96}" version=97 err="OK"
  [936] client=2  call=1773574935483ms return=1773574935563ms  put('k0', '{"Id":2,"V":96}', '96') -> ('ErrVersion')
       PUT key="k0" value="{\"Id\":2,\"V\":96}" version=96 -> err="ErrVersion"
  [937] client=5  call=1773574935503ms return=1773574935563ms  put('k0', '{"Id":5,"V":96}', '96') -> ('ErrVersion')
       PUT key="k0" value="{\"Id\":5,\"V\":96}" version=96 -> err="ErrVersion"
  [938] client=9  call=1773574935513ms return=1773574935573ms  put('k0', '{"Id":9,"V":96}', '96') -> ('ErrVersion')
       PUT key="k0" value="{\"Id\":9,\"V\":96}" version=96 -> err="ErrVersion"
  [939] client=1  call=1773574935513ms return=1773574935573ms  put('k0', '{"Id":1,"V":97}', '97') -> ('OK')
       PUT key="k0" value="{\"Id\":1,\"V\":97}" version=97 -> err="OK"
  [940] client=4  call=1773574935513ms return=1773574935573ms  get('k0') -> ('{"Id":1,"V":97}', '98', 'OK')
       GET key="k0" -> value="{\"Id\":1,\"V\":97}" version=98 err="OK"
  [941] client=8  call=1773574935513ms return=1773574935593ms  get('k0') -> ('{"Id":1,"V":97}', '98', 'OK')
       GET key="k0" -> value="{\"Id\":1,\"V\":97}" version=98 err="OK"
  [942] client=6  call=1773574935543ms return=1773574935603ms  put('k0', '{"Id":6,"V":97}', '97') -> ('ErrVersion')
       PUT key="k0" value="{\"Id\":6,\"V\":97}" version=97 -> err="ErrVersion"
  [943] client=3  call=1773574935483ms return=1773574935603ms  get('k0') -> ('{"Id":1,"V":97}', '98', 'OK')
       GET key="k0" -> value="{\"Id\":1,\"V\":97}" version=98 err="OK"
  [944] client=4  call=1773574935573ms return=1773574935603ms  put('k0', '{"Id":4,"V":98}', '98') -> ('OK')
       PUT key="k0" value="{\"Id\":4,\"V\":98}" version=98 -> err="OK"
  [945] client=8  call=1773574935593ms return=1773574935603ms  put('k0', '{"Id":8,"V":98}', '98') -> ('ErrVersion')
       PUT key="k0" value="{\"Id\":8,\"V\":98}" version=98 -> err="ErrVersion"
  [946] client=1  call=1773574935573ms return=1773574935603ms  get('k0') -> ('{"Id":4,"V":98}', '99', 'OK')
       GET key="k0" -> value="{\"Id\":4,\"V\":98}" version=99 err="OK"
  [947] client=0  call=1773574935483ms return=1773574935623ms  get('k0') -> ('{"Id":4,"V":98}', '99', 'OK')
       GET key="k0" -> value="{\"Id\":4,\"V\":98}" version=99 err="OK"
  [948] client=7  call=1773574935543ms return=1773574935623ms  put('k0', '{"Id":7,"V":97}', '97') -> ('ErrVersion')
       PUT key="k0" value="{\"Id\":7,\"V\":97}" version=97 -> err="ErrVersion"
  [949] client=2  call=1773574935563ms return=1773574935623ms  get('k0') -> ('{"Id":4,"V":98}', '99', 'OK')
       GET key="k0" -> value="{\"Id\":4,\"V\":98}" version=99 err="OK"
  [950] client=4  call=1773574935603ms return=1773574935633ms  get('k0') -> ('{"Id":4,"V":98}', '99', 'OK')
       GET key="k0" -> value="{\"Id\":4,\"V\":98}" version=99 err="OK"
  [951] client=0  call=1773574935623ms return=1773574935653ms  put('k0', '{"Id":0,"V":99}', '99') -> ('ErrVersion')
       PUT key="k0" value="{\"Id\":0,\"V\":99}" version=99 -> err="ErrVersion"
  [952] client=8  call=1773574935603ms return=1773574935653ms  get('k0') -> ('{"Id":2,"V":99}', '100', 'OK')
       GET key="k0" -> value="{\"Id\":2,\"V\":99}" version=100 err="OK"
  [953] client=9  call=1773574935573ms return=1773574935653ms  get('k0') -> ('{"Id":2,"V":99}', '100', 'OK')
       GET key="k0" -> value="{\"Id\":2,\"V\":99}" version=100 err="OK"
  [954] client=1  call=1773574935603ms return=1773574935683ms  put('k0', '{"Id":1,"V":99}', '99') -> ('ErrMaybe')
       PUT key="k0" value="{\"Id\":1,\"V\":99}" version=99 -> err="ErrMaybe"
  [955] client=6  call=1773574935603ms return=1773574935683ms  get('k0') -> ('{"Id":2,"V":99}', '100', 'OK')
       GET key="k0" -> value="{\"Id\":2,\"V\":99}" version=100 err="OK"
  [956] client=7  call=1773574935623ms return=1773574935703ms  get('k0') -> ('{"Id":2,"V":99}', '100', 'OK')
       GET key="k0" -> value="{\"Id\":2,\"V\":99}" version=100 err="OK"
  [957] client=8  call=1773574935653ms return=1773574935713ms  put('k0', '{"Id":8,"V":100}', '100') -> ('OK')
       PUT key="k0" value="{\"Id\":8,\"V\":100}" version=100 -> err="OK"
  [958] client=5  call=1773574935563ms return=1773574935714ms  get('k0') -> ('{"Id":2,"V":99}', '100', 'OK')
       GET key="k0" -> value="{\"Id\":2,\"V\":99}" version=100 err="OK"
  [959] client=9  call=1773574935653ms return=1773574935714ms  put('k0', '{"Id":9,"V":100}', '100') -> ('ErrVersion')
       PUT key="k0" value="{\"Id\":9,\"V\":100}" version=100 -> err="ErrVersion"
  [960] client=6  call=1773574935683ms return=1773574935714ms  put('k0', '{"Id":6,"V":100}', '100') -> ('ErrVersion')
       PUT key="k0" value="{\"Id\":6,\"V\":100}" version=100 -> err="ErrVersion"
  [961] client=3  call=1773574935603ms return=1773574935714ms  put('k0', '{"Id":3,"V":98}', '98') -> ('ErrMaybe')
       PUT key="k0" value="{\"Id\":3,\"V\":98}" version=98 -> err="ErrMaybe"
  [962] client=1  call=1773574935683ms return=1773574935714ms  get('k0') -> ('{"Id":8,"V":100}', '101', 'OK')
       GET key="k0" -> value="{\"Id\":8,\"V\":100}" version=101 err="OK"
  [963] client=0  call=1773574935653ms return=1773574935734ms  get('k0') -> ('{"Id":8,"V":100}', '101', 'OK')
       GET key="k0" -> value="{\"Id\":8,\"V\":100}" version=101 err="OK"
  [964] client=2  call=1773574935623ms return=1773574935754ms  put('k0', '{"Id":2,"V":99}', '99') -> ('ErrMaybe')
       PUT key="k0" value="{\"Id\":2,\"V\":99}" version=99 -> err="ErrMaybe"
  [965] client=7  call=1773574935703ms return=1773574935754ms  put('k0', '{"Id":7,"V":100}', '100') -> ('ErrVersion')
       PUT key="k0" value="{\"Id\":7,\"V\":100}" version=100 -> err="ErrVersion"
  [966] client=0  call=1773574935734ms return=1773574935754ms  put('k0', '{"Id":0,"V":101}', '101') -> ('OK')
       PUT key="k0" value="{\"Id\":0,\"V\":101}" version=101 -> err="OK"
  [967] client=4  call=1773574935633ms return=1773574935754ms  put('k0', '{"Id":4,"V":99}', '99') -> ('ErrMaybe')
       PUT key="k0" value="{\"Id\":4,\"V\":99}" version=99 -> err="ErrMaybe"
  [968] client=5  call=1773574935714ms return=1773574935764ms  put('k0', '{"Id":5,"V":100}', '100') -> ('ErrVersion')
       PUT key="k0" value="{\"Id\":5,\"V\":100}" version=100 -> err="ErrVersion"
  [969] client=1  call=1773574935714ms return=1773574935764ms  put('k0', '{"Id":1,"V":101}', '101') -> ('ErrVersion')
       PUT key="k0" value="{\"Id\":1,\"V\":101}" version=101 -> err="ErrVersion"
  [970] client=6  call=1773574935714ms return=1773574935784ms  get('k0') -> ('{"Id":0,"V":101}', '102', 'OK')
       GET key="k0" -> value="{\"Id\":0,\"V\":101}" version=102 err="OK"
  [971] client=3  call=1773574935714ms return=1773574935794ms  get('k0') -> ('{"Id":0,"V":101}', '102', 'OK')
       GET key="k0" -> value="{\"Id\":0,\"V\":101}" version=102 err="OK"
  [972] client=7  call=1773574935754ms return=1773574935794ms  get('k0') -> ('{"Id":0,"V":101}', '102', 'OK')
       GET key="k0" -> value="{\"Id\":0,\"V\":101}" version=102 err="OK"
  [973] client=2  call=1773574935754ms return=1773574935805ms  get('k0') -> ('{"Id":0,"V":101}', '102', 'OK')
       GET key="k0" -> value="{\"Id\":0,\"V\":101}" version=102 err="OK"
  [974] client=0  call=1773574935754ms return=1773574935805ms  get('k0') -> ('{"Id":0,"V":101}', '102', 'OK')
       GET key="k0" -> value="{\"Id\":0,\"V\":101}" version=102 err="OK"
  [975] client=1  call=1773574935764ms return=1773574935805ms  get('k0') -> ('{"Id":0,"V":101}', '102', 'OK')
       GET key="k0" -> value="{\"Id\":0,\"V\":101}" version=102 err="OK"
  [976] client=6  call=1773574935784ms return=1773574935825ms  put('k0', '{"Id":6,"V":102}', '102') -> ('OK')
       PUT key="k0" value="{\"Id\":6,\"V\":102}" version=102 -> err="OK"
  [977] client=5  call=1773574935764ms return=1773574935825ms  get('k0') -> ('{"Id":0,"V":101}', '102', 'OK')
       GET key="k0" -> value="{\"Id\":0,\"V\":101}" version=102 err="OK"
  [978] client=7  call=1773574935794ms return=1773574935845ms  put('k0', '{"Id":7,"V":102}', '102') -> ('ErrVersion')
       PUT key="k0" value="{\"Id\":7,\"V\":102}" version=102 -> err="ErrVersion"
  [979] client=8  call=1773574935713ms return=1773574935845ms  get('k0') -> ('{"Id":6,"V":102}', '103', 'OK')
       GET key="k0" -> value="{\"Id\":6,\"V\":102}" version=103 err="OK"
  [980] client=5  call=1773574935825ms return=1773574935845ms  put('k0', '{"Id":5,"V":102}', '102') -> ('ErrVersion')
       PUT key="k0" value="{\"Id\":5,\"V\":102}" version=102 -> err="ErrVersion"
  [981] client=2  call=1773574935805ms return=1773574935845ms  put('k0', '{"Id":2,"V":102}', '102') -> ('ErrVersion')
       PUT key="k0" value="{\"Id\":2,\"V\":102}" version=102 -> err="ErrVersion"
  [982] client=9  call=1773574935714ms return=1773574935865ms  get('k0') -> ('{"Id":6,"V":102}', '103', 'OK')
       GET key="k0" -> value="{\"Id\":6,\"V\":102}" version=103 err="OK"
  [983] client=6  call=1773574935825ms return=1773574935875ms  get('k0') -> ('{"Id":6,"V":102}', '103', 'OK')
       GET key="k0" -> value="{\"Id\":6,\"V\":102}" version=103 err="OK"
  [984] client=4  call=1773574935754ms return=1773574935875ms  get('k0') -> ('{"Id":6,"V":102}', '103', 'OK')
       GET key="k0" -> value="{\"Id\":6,\"V\":102}" version=103 err="OK"
  [985] client=3  call=1773574935794ms return=1773574935885ms  put('k0', '{"Id":3,"V":102}', '102') -> ('ErrMaybe')
       PUT key="k0" value="{\"Id\":3,\"V\":102}" version=102 -> err="ErrMaybe"
  [986] client=5  call=1773574935845ms return=1773574935885ms  get('k0') -> ('{"Id":6,"V":102}', '103', 'OK')
       GET key="k0" -> value="{\"Id\":6,\"V\":102}" version=103 err="OK"
  [987] client=2  call=1773574935845ms return=1773574935915ms  get('k0') -> ('{"Id":8,"V":103}', '104', 'OK')
       GET key="k0" -> value="{\"Id\":8,\"V\":103}" version=104 err="OK"
  [988] client=8  call=1773574935845ms return=1773574935915ms  put('k0', '{"Id":8,"V":103}', '103') -> ('OK')
       PUT key="k0" value="{\"Id\":8,\"V\":103}" version=103 -> err="OK"
  [989] client=5  call=1773574935885ms return=1773574935925ms  put('k0', '{"Id":5,"V":103}', '103') -> ('ErrVersion')
       PUT key="k0" value="{\"Id\":5,\"V\":103}" version=103 -> err="ErrVersion"
  [990] client=3  call=1773574935885ms return=1773574935925ms  get('k0') -> ('{"Id":8,"V":103}', '104', 'OK')
       GET key="k0" -> value="{\"Id\":8,\"V\":103}" version=104 err="OK"
  [991] client=9  call=1773574935865ms return=1773574935945ms  put('k0', '{"Id":9,"V":103}', '103') -> ('ErrVersion')
       PUT key="k0" value="{\"Id\":9,\"V\":103}" version=103 -> err="ErrVersion"
  [992] client=6  call=1773574935875ms return=1773574935945ms  put('k0', '{"Id":6,"V":103}', '103') -> ('ErrVersion')
       PUT key="k0" value="{\"Id\":6,\"V\":103}" version=103 -> err="ErrVersion"
  [993] client=0  call=1773574935805ms return=1773574935945ms  put('k0', '{"Id":0,"V":102}', '102') -> ('ErrMaybe')
       PUT key="k0" value="{\"Id\":0,\"V\":102}" version=102 -> err="ErrMaybe"
  [994] client=1  call=1773574935805ms return=1773574935955ms  put('k0', '{"Id":1,"V":102}', '102') -> ('ErrMaybe')
       PUT key="k0" value="{\"Id\":1,\"V\":102}" version=102 -> err="ErrMaybe"
  [995] client=4  call=1773574935875ms return=1773574935955ms  put('k0', '{"Id":4,"V":103}', '103') -> ('ErrVersion')
       PUT key="k0" value="{\"Id\":4,\"V\":103}" version=103 -> err="ErrVersion"
  [996] client=2  call=1773574935915ms return=1773574935955ms  put('k0', '{"Id":2,"V":104}', '104') -> ('OK')
       PUT key="k0" value="{\"Id\":2,\"V\":104}" version=104 -> err="OK"
  [997] client=8  call=1773574935915ms return=1773574935975ms  get('k0') -> ('{"Id":2,"V":104}', '105', 'OK')
       GET key="k0" -> value="{\"Id\":2,\"V\":104}" version=105 err="OK"
  [998] client=7  call=1773574935845ms return=1773574935975ms  get('k0') -> ('{"Id":2,"V":104}', '105', 'OK')
       GET key="k0" -> value="{\"Id\":2,\"V\":104}" version=105 err="OK"
  [999] client=9  call=1773574935945ms return=1773574935985ms  get('k0') -> ('{"Id":2,"V":104}', '105', 'OK')
       GET key="k0" -> value="{\"Id\":2,\"V\":104}" version=105 err="OK"
  [1000] client=5  call=1773574935925ms return=1773574935985ms  get('k0') -> ('{"Id":2,"V":104}', '105', 'OK')
       GET key="k0" -> value="{\"Id\":2,\"V\":104}" version=105 err="OK"
  [1001] client=7  call=1773574935975ms return=1773574936006ms  put('k0', '{"Id":7,"V":105}', '105') -> ('OK')
       PUT key="k0" value="{\"Id\":7,\"V\":105}" version=105 -> err="OK"
  [1002] client=6  call=1773574935945ms return=1773574936006ms  get('k0') -> ('{"Id":2,"V":104}', '105', 'OK')
       GET key="k0" -> value="{\"Id\":2,\"V\":104}" version=105 err="OK"
  [1003] client=0  call=1773574935945ms return=1773574936006ms  get('k0') -> ('{"Id":7,"V":105}', '106', 'OK')
       GET key="k0" -> value="{\"Id\":7,\"V\":105}" version=106 err="OK"
  [1004] client=8  call=1773574935975ms return=1773574936026ms  put('k0', '{"Id":8,"V":105}', '105') -> ('ErrVersion')
       PUT key="k0" value="{\"Id\":8,\"V\":105}" version=105 -> err="ErrVersion"
  [1005] client=9  call=1773574935985ms return=1773574936026ms  put('k0', '{"Id":9,"V":105}', '105') -> ('ErrVersion')
       PUT key="k0" value="{\"Id\":9,\"V\":105}" version=105 -> err="ErrVersion"
  [1006] client=3  call=1773574935925ms return=1773574936026ms  put('k0', '{"Id":3,"V":104}', '104') -> ('ErrMaybe')
       PUT key="k0" value="{\"Id\":3,\"V\":104}" version=104 -> err="ErrMaybe"
  [1007] client=0  call=1773574936006ms return=1773574936066ms  put('k0', '{"Id":0,"V":106}', '106') -> ('OK')
       PUT key="k0" value="{\"Id\":0,\"V\":106}" version=106 -> err="OK"
  [1008] client=7  call=1773574936006ms return=1773574936066ms  get('k0') -> ('{"Id":0,"V":106}', '107', 'OK')
       GET key="k0" -> value="{\"Id\":0,\"V\":106}" version=107 err="OK"
  [1009] client=5  call=1773574935985ms return=1773574936066ms  put('k0', '{"Id":5,"V":105}', '105') -> ('ErrVersion')
       PUT key="k0" value="{\"Id\":5,\"V\":105}" version=105 -> err="ErrVersion"
  [1010] client=8  call=1773574936026ms return=1773574936086ms  get('k0') -> ('{"Id":0,"V":106}', '107', 'OK')
       GET key="k0" -> value="{\"Id\":0,\"V\":106}" version=107 err="OK"
  [1011] client=3  call=1773574936026ms return=1773574936086ms  get('k0') -> ('{"Id":0,"V":106}', '107', 'OK')
       GET key="k0" -> value="{\"Id\":0,\"V\":106}" version=107 err="OK"
  [1012] client=6  call=1773574936006ms return=1773574936106ms  put('k0', '{"Id":6,"V":105}', '105') -> ('ErrMaybe')
       PUT key="k0" value="{\"Id\":6,\"V\":105}" version=105 -> err="ErrMaybe"
  [1013] client=2  call=1773574935955ms return=1773574936116ms  get('k0') -> ('{"Id":0,"V":106}', '107', 'OK')
       GET key="k0" -> value="{\"Id\":0,\"V\":106}" version=107 err="OK"
  [1014] client=0  call=1773574936066ms return=1773574936117ms  get('k0') -> ('{"Id":0,"V":106}', '107', 'OK')
       GET key="k0" -> value="{\"Id\":0,\"V\":106}" version=107 err="OK"
  [1015] client=5  call=1773574936066ms return=1773574936117ms  get('k0') -> ('{"Id":0,"V":106}', '107', 'OK')
       GET key="k0" -> value="{\"Id\":0,\"V\":106}" version=107 err="OK"
  [1016] client=8  call=1773574936086ms return=1773574936127ms  put('k0', '{"Id":8,"V":107}', '107') -> ('OK')
       PUT key="k0" value="{\"Id\":8,\"V\":107}" version=107 -> err="OK"
  [1017] client=3  call=1773574936086ms return=1773574936127ms  put('k0', '{"Id":3,"V":107}', '107') -> ('ErrVersion')
       PUT key="k0" value="{\"Id\":3,\"V\":107}" version=107 -> err="ErrVersion"
  [1018] client=7  call=1773574936066ms return=1773574936127ms  put('k0', '{"Id":7,"V":107}', '107') -> ('ErrVersion')
       PUT key="k0" value="{\"Id\":7,\"V\":107}" version=107 -> err="ErrVersion"
  [1019] client=9  call=1773574936026ms return=1773574936157ms  get('k0') -> ('{"Id":8,"V":107}', '108', 'OK')
       GET key="k0" -> value="{\"Id\":8,\"V\":107}" version=108 err="OK"
  [1020] client=6  call=1773574936106ms return=1773574936167ms  get('k0') -> ('{"Id":8,"V":107}', '108', 'OK')
       GET key="k0" -> value="{\"Id\":8,\"V\":107}" version=108 err="OK"
  [1021] client=2  call=1773574936116ms return=1773574936167ms  put('k0', '{"Id":2,"V":107}', '107') -> ('ErrVersion')
       PUT key="k0" value="{\"Id\":2,\"V\":107}" version=107 -> err="ErrVersion"
  [1022] client=0  call=1773574936117ms return=1773574936167ms  put('k0', '{"Id":0,"V":107}', '107') -> ('ErrVersion')
       PUT key="k0" value="{\"Id\":0,\"V\":107}" version=107 -> err="ErrVersion"
  [1023] client=3  call=1773574936127ms return=1773574936167ms  get('k0') -> ('{"Id":8,"V":107}', '108', 'OK')
       GET key="k0" -> value="{\"Id\":8,\"V\":107}" version=108 err="OK"
  [1024] client=4  call=1773574935955ms return=1773574936167ms  get('k0') -> ('{"Id":8,"V":107}', '108', 'OK')
       GET key="k0" -> value="{\"Id\":8,\"V\":107}" version=108 err="OK"
  [1025] client=7  call=1773574936127ms return=1773574936187ms  get('k0') -> ('{"Id":8,"V":107}', '108', 'OK')
       GET key="k0" -> value="{\"Id\":8,\"V\":107}" version=108 err="OK"
  [1026] client=8  call=1773574936127ms return=1773574936187ms  get('k0') -> ('{"Id":8,"V":107}', '108', 'OK')
       GET key="k0" -> value="{\"Id\":8,\"V\":107}" version=108 err="OK"
  [1027] client=5  call=1773574936117ms return=1773574936187ms  put('k0', '{"Id":5,"V":107}', '107') -> ('ErrVersion')
       PUT key="k0" value="{\"Id\":5,\"V\":107}" version=107 -> err="ErrVersion"
  [1028] client=2  call=1773574936167ms return=1773574936197ms  get('k0') -> ('{"Id":8,"V":107}', '108', 'OK')
       GET key="k0" -> value="{\"Id\":8,\"V\":107}" version=108 err="OK"
  [1029] client=1  call=1773574935955ms return=1773574936197ms  get('k0') -> ('{"Id":8,"V":107}', '108', 'OK')
       GET key="k0" -> value="{\"Id\":8,\"V\":107}" version=108 err="OK"
  [1030] client=3  call=1773574936167ms return=1773574936207ms  put('k0', '{"Id":3,"V":108}', '108') -> ('ErrVersion')
       PUT key="k0" value="{\"Id\":3,\"V\":108}" version=108 -> err="ErrVersion"
  [1031] client=4  call=1773574936167ms return=1773574936207ms  put('k0', '{"Id":4,"V":108}', '108') -> ('ErrVersion')
       PUT key="k0" value="{\"Id\":4,\"V\":108}" version=108 -> err="ErrVersion"
  [1032] client=6  call=1773574936167ms return=1773574936227ms  put('k0', '{"Id":6,"V":108}', '108') -> ('ErrVersion')
       PUT key="k0" value="{\"Id\":6,\"V\":108}" version=108 -> err="ErrVersion"
  [1033] client=7  call=1773574936187ms return=1773574936227ms  put('k0', '{"Id":7,"V":108}', '108') -> ('ErrVersion')
       PUT key="k0" value="{\"Id\":7,\"V\":108}" version=108 -> err="ErrVersion"
  [1034] client=8  call=1773574936187ms return=1773574936227ms  put('k0', '{"Id":8,"V":108}', '108') -> ('ErrVersion')
       PUT key="k0" value="{\"Id\":8,\"V\":108}" version=108 -> err="ErrVersion"
  [1035] client=9  call=1773574936157ms return=1773574936247ms  put('k0', '{"Id":9,"V":108}', '108') -> ('ErrMaybe')
       PUT key="k0" value="{\"Id\":9,\"V\":108}" version=108 -> err="ErrMaybe"
  [1036] client=5  call=1773574936187ms return=1773574936247ms  get('k0') -> ('{"Id":9,"V":108}', '109', 'OK')
       GET key="k0" -> value="{\"Id\":9,\"V\":108}" version=109 err="OK"
  [1037] client=2  call=1773574936197ms return=1773574936277ms  put('k0', '{"Id":2,"V":108}', '108') -> ('ErrVersion')
       PUT key="k0" value="{\"Id\":2,\"V\":108}" version=108 -> err="ErrVersion"
  [1038] client=3  call=1773574936207ms return=1773574936277ms  get('k0') -> ('{"Id":9,"V":108}', '109', 'OK')
       GET key="k0" -> value="{\"Id\":9,\"V\":108}" version=109 err="OK"
  [1039] client=8  call=1773574936227ms return=1773574936277ms  get('k0') -> ('{"Id":9,"V":108}', '109', 'OK')
       GET key="k0" -> value="{\"Id\":9,\"V\":108}" version=109 err="OK"
  [1040] client=0  call=1773574936167ms return=1773574936298ms  get('k0') -> ('{"Id":9,"V":108}', '109', 'OK')
       GET key="k0" -> value="{\"Id\":9,\"V\":108}" version=109 err="OK"
  [1041] client=6  call=1773574936227ms return=1773574936298ms  get('k0') -> ('{"Id":9,"V":108}', '109', 'OK')
       GET key="k0" -> value="{\"Id\":9,\"V\":108}" version=109 err="OK"
  [1042] client=5  call=1773574936247ms return=1773574936308ms  put('k0', '{"Id":5,"V":109}', '109') -> ('OK')
       PUT key="k0" value="{\"Id\":5,\"V\":109}" version=109 -> err="OK"
  [1043] client=4  call=1773574936207ms return=1773574936308ms  get('k0') -> ('{"Id":9,"V":108}', '109', 'OK')
       GET key="k0" -> value="{\"Id\":9,\"V\":108}" version=109 err="OK"
  [1044] client=8  call=1773574936277ms return=1773574936308ms  put('k0', '{"Id":8,"V":109}', '109') -> ('ErrVersion')
       PUT key="k0" value="{\"Id\":8,\"V\":109}" version=109 -> err="ErrVersion"
  [1045] client=3  call=1773574936277ms return=1773574936338ms  put('k0', '{"Id":3,"V":109}', '109') -> ('ErrVersion')
       PUT key="k0" value="{\"Id\":3,\"V\":109}" version=109 -> err="ErrVersion"
  [1046] client=2  call=1773574936277ms return=1773574936338ms  get('k0') -> ('{"Id":5,"V":109}', '110', 'OK')
       GET key="k0" -> value="{\"Id\":5,\"V\":109}" version=110 err="OK"
  [1047] client=8  call=1773574936308ms return=1773574936338ms  get('k0') -> ('{"Id":5,"V":109}', '110', 'OK')
       GET key="k0" -> value="{\"Id\":5,\"V\":109}" version=110 err="OK"
  [1048] client=5  call=1773574936308ms return=1773574936358ms  get('k0') -> ('{"Id":5,"V":109}', '110', 'OK')
       GET key="k0" -> value="{\"Id\":5,\"V\":109}" version=110 err="OK"
  [1049] client=7  call=1773574936227ms return=1773574936358ms  get('k0') -> ('{"Id":5,"V":109}', '110', 'OK')
       GET key="k0" -> value="{\"Id\":5,\"V\":109}" version=110 err="OK"
  [1050] client=9  call=1773574936247ms return=1773574936358ms  get('k0') -> ('{"Id":5,"V":109}', '110', 'OK')
       GET key="k0" -> value="{\"Id\":5,\"V\":109}" version=110 err="OK"
  [1051] client=6  call=1773574936298ms return=1773574936358ms  put('k0', '{"Id":6,"V":109}', '109') -> ('ErrVersion')
       PUT key="k0" value="{\"Id\":6,\"V\":109}" version=109 -> err="ErrVersion"
  [1052] client=4  call=1773574936308ms return=1773574936358ms  put('k0', '{"Id":4,"V":109}', '109') -> ('ErrVersion')
       PUT key="k0" value="{\"Id\":4,\"V\":109}" version=109 -> err="ErrVersion"
  [1053] client=1  call=1773574936197ms return=1773574936358ms  put('k0', '{"Id":1,"V":108}', '108') -> ('ErrMaybe')
       PUT key="k0" value="{\"Id\":1,\"V\":108}" version=108 -> err="ErrMaybe"
  [1054] client=3  call=1773574936338ms return=1773574936358ms  get('k0') -> ('{"Id":2,"V":110}', '111', 'OK')
       GET key="k0" -> value="{\"Id\":2,\"V\":110}" version=111 err="OK"
  [1055] client=2  call=1773574936338ms return=1773574936358ms  put('k0', '{"Id":2,"V":110}', '110') -> ('OK')
       PUT key="k0" value="{\"Id\":2,\"V\":110}" version=110 -> err="OK"
  [1056] client=0  call=1773574936298ms return=1773574936378ms  put('k0', '{"Id":0,"V":109}', '109') -> ('ErrVersion')
       PUT key="k0" value="{\"Id\":0,\"V\":109}" version=109 -> err="ErrVersion"
  [1057] client=9  call=1773574936358ms return=1773574936388ms  put('k0', '{"Id":9,"V":110}', '110') -> ('ErrVersion')
       PUT key="k0" value="{\"Id\":9,\"V\":110}" version=110 -> err="ErrVersion"
  [1058] client=6  call=1773574936358ms return=1773574936388ms  get('k0') -> ('{"Id":2,"V":110}', '111', 'OK')
       GET key="k0" -> value="{\"Id\":2,\"V\":110}" version=111 err="OK"
  [1059] client=7  call=1773574936358ms return=1773574936398ms  put('k0', '{"Id":7,"V":110}', '110') -> ('ErrVersion')
       PUT key="k0" value="{\"Id\":7,\"V\":110}" version=110 -> err="ErrVersion"
  [1060] client=5  call=1773574936358ms return=1773574936398ms  put('k0', '{"Id":5,"V":110}', '110') -> ('ErrVersion')
       PUT key="k0" value="{\"Id\":5,\"V\":110}" version=110 -> err="ErrVersion"
  [1061] client=8  call=1773574936338ms return=1773574936409ms  put('k0', '{"Id":8,"V":110}', '110') -> ('ErrVersion')
       PUT key="k0" value="{\"Id\":8,\"V\":110}" version=110 -> err="ErrVersion"
  [1062] client=4  call=1773574936358ms return=1773574936409ms  get('k0') -> ('{"Id":2,"V":110}', '111', 'OK')
       GET key="k0" -> value="{\"Id\":2,\"V\":110}" version=111 err="OK"
  [1063] client=3  call=1773574936358ms return=1773574936419ms  put('k0', '{"Id":3,"V":111}', '111') -> ('OK')
       PUT key="k0" value="{\"Id\":3,\"V\":111}" version=111 -> err="OK"
  [1064] client=0  call=1773574936378ms return=1773574936429ms  get('k0') -> ('{"Id":3,"V":111}', '112', 'OK')
       GET key="k0" -> value="{\"Id\":3,\"V\":111}" version=112 err="OK"
  [1065] client=4  call=1773574936409ms return=1773574936439ms  put('k0', '{"Id":4,"V":111}', '111') -> ('ErrVersion')
       PUT key="k0" value="{\"Id\":4,\"V\":111}" version=111 -> err="ErrVersion"
  [1066] client=7  call=1773574936398ms return=1773574936439ms  get('k0') -> ('{"Id":3,"V":111}', '112', 'OK')
       GET key="k0" -> value="{\"Id\":3,\"V\":111}" version=112 err="OK"
  [1067] client=2  call=1773574936358ms return=1773574936439ms  get('k0') -> ('{"Id":3,"V":111}', '112', 'OK')
       GET key="k0" -> value="{\"Id\":3,\"V\":111}" version=112 err="OK"
  [1068] client=6  call=1773574936389ms return=1773574936459ms  put('k0', '{"Id":6,"V":111}', '111') -> ('ErrVersion')
       PUT key="k0" value="{\"Id\":6,\"V\":111}" version=111 -> err="ErrVersion"
  [1069] client=7  call=1773574936439ms return=1773574936479ms  put('k0', '{"Id":7,"V":112}', '112') -> ('OK')
       PUT key="k0" value="{\"Id\":7,\"V\":112}" version=112 -> err="OK"
  [1070] client=8  call=1773574936409ms return=1773574936479ms  get('k0') -> ('{"Id":3,"V":111}', '112', 'OK')
       GET key="k0" -> value="{\"Id\":3,\"V\":111}" version=112 err="OK"
  [1071] client=1  call=1773574936358ms return=1773574936479ms  get('k0') -> ('{"Id":7,"V":112}', '113', 'OK')
       GET key="k0" -> value="{\"Id\":7,\"V\":112}" version=113 err="OK"
  [1072] client=3  call=1773574936419ms return=1773574936479ms  get('k0') -> ('{"Id":7,"V":112}', '113', 'OK')
       GET key="k0" -> value="{\"Id\":7,\"V\":112}" version=113 err="OK"
  [1073] client=4  call=1773574936439ms return=1773574936479ms  get('k0') -> ('{"Id":7,"V":112}', '113', 'OK')
       GET key="k0" -> value="{\"Id\":7,\"V\":112}" version=113 err="OK"
  [1074] client=6  call=1773574936459ms return=1773574936489ms  get('k0') -> ('{"Id":7,"V":112}', '113', 'OK')
       GET key="k0" -> value="{\"Id\":7,\"V\":112}" version=113 err="OK"
  [1075] client=5  call=1773574936398ms return=1773574936489ms  get('k0') -> ('{"Id":7,"V":112}', '113', 'OK')
       GET key="k0" -> value="{\"Id\":7,\"V\":112}" version=113 err="OK"
  [1076] client=9  call=1773574936388ms return=1773574936509ms  get('k0') -> ('{"Id":7,"V":112}', '113', 'OK')
       GET key="k0" -> value="{\"Id\":7,\"V\":112}" version=113 err="OK"
  [1077] client=7  call=1773574936479ms return=1773574936529ms  get('k0') -> ('{"Id":7,"V":112}', '113', 'OK')
       GET key="k0" -> value="{\"Id\":7,\"V\":112}" version=113 err="OK"
  [1078] client=1  call=1773574936479ms return=1773574936529ms  put('k0', '{"Id":1,"V":113}', '113') -> ('OK')
       PUT key="k0" value="{\"Id\":1,\"V\":113}" version=113 -> err="OK"
  [1079] client=3  call=1773574936479ms return=1773574936529ms  put('k0', '{"Id":3,"V":113}', '113') -> ('ErrVersion')
       PUT key="k0" value="{\"Id\":3,\"V\":113}" version=113 -> err="ErrVersion"
  [1080] client=8  call=1773574936479ms return=1773574936539ms  put('k0', '{"Id":8,"V":112}', '112') -> ('ErrVersion')
       PUT key="k0" value="{\"Id\":8,\"V\":112}" version=112 -> err="ErrVersion"
  [1081] client=2  call=1773574936439ms return=1773574936539ms  put('k0', '{"Id":2,"V":112}', '112') -> ('ErrMaybe')
       PUT key="k0" value="{\"Id\":2,\"V\":112}" version=112 -> err="ErrMaybe"
  [1082] client=6  call=1773574936489ms return=1773574936539ms  put('k0', '{"Id":6,"V":113}', '113') -> ('ErrVersion')
       PUT key="k0" value="{\"Id\":6,\"V\":113}" version=113 -> err="ErrVersion"
  [1083] client=5  call=1773574936489ms return=1773574936539ms  put('k0', '{"Id":5,"V":113}', '113') -> ('ErrVersion')
       PUT key="k0" value="{\"Id\":5,\"V\":113}" version=113 -> err="ErrVersion"
  [1084] client=7  call=1773574936529ms return=1773574936559ms  put('k0', '{"Id":7,"V":113}', '113') -> ('ErrVersion')
       PUT key="k0" value="{\"Id\":7,\"V\":113}" version=113 -> err="ErrVersion"
  [1085] client=9  call=1773574936509ms return=1773574936559ms  put('k0', '{"Id":9,"V":113}', '113') -> ('ErrVersion')
       PUT key="k0" value="{\"Id\":9,\"V\":113}" version=113 -> err="ErrVersion"
  [1086] client=0  call=1773574936429ms return=1773574936569ms  put('k0', '{"Id":0,"V":112}', '112') -> ('ErrMaybe')
       PUT key="k0" value="{\"Id\":0,\"V\":112}" version=112 -> err="ErrMaybe"
  [1087] client=1  call=1773574936529ms return=1773574936569ms  get('k0') -> ('{"Id":1,"V":113}', '114', 'OK')
       GET key="k0" -> value="{\"Id\":1,\"V\":113}" version=114 err="OK"
  [1088] client=9  call=1773574936559ms return=1773574936579ms  get('k0') -> ('{"Id":1,"V":113}', '114', 'OK')
       GET key="k0" -> value="{\"Id\":1,\"V\":113}" version=114 err="OK"
  [1089] client=2  call=1773574936539ms return=1773574936579ms  get('k0') -> ('{"Id":1,"V":113}', '114', 'OK')
       GET key="k0" -> value="{\"Id\":1,\"V\":113}" version=114 err="OK"
  [1090] client=3  call=1773574936529ms return=1773574936600ms  get('k0') -> ('{"Id":1,"V":113}', '114', 'OK')
       GET key="k0" -> value="{\"Id\":1,\"V\":113}" version=114 err="OK"
  [1091] client=5  call=1773574936539ms return=1773574936600ms  get('k0') -> ('{"Id":1,"V":113}', '114', 'OK')
       GET key="k0" -> value="{\"Id\":1,\"V\":113}" version=114 err="OK"
  [1092] client=8  call=1773574936539ms return=1773574936610ms  get('k0') -> ('{"Id":1,"V":113}', '114', 'OK')
       GET key="k0" -> value="{\"Id\":1,\"V\":113}" version=114 err="OK"
  [1093] client=7  call=1773574936559ms return=1773574936630ms  get('k0') -> ('{"Id":1,"V":113}', '114', 'OK')
       GET key="k0" -> value="{\"Id\":1,\"V\":113}" version=114 err="OK"
  [1094] client=1  call=1773574936569ms return=1773574936630ms  put('k0', '{"Id":1,"V":114}', '114') -> ('OK')
       PUT key="k0" value="{\"Id\":1,\"V\":114}" version=114 -> err="OK"
  [1095] client=2  call=1773574936579ms return=1773574936630ms  put('k0', '{"Id":2,"V":114}', '114') -> ('ErrVersion')
       PUT key="k0" value="{\"Id\":2,\"V\":114}" version=114 -> err="ErrVersion"
  [1096] client=8  call=1773574936610ms return=1773574936650ms  put('k0', '{"Id":8,"V":114}', '114') -> ('ErrVersion')
       PUT key="k0" value="{\"Id\":8,\"V\":114}" version=114 -> err="ErrVersion"
  [1097] client=3  call=1773574936600ms return=1773574936650ms  put('k0', '{"Id":3,"V":114}', '114') -> ('ErrVersion')
       PUT key="k0" value="{\"Id\":3,\"V\":114}" version=114 -> err="ErrVersion"
  [1098] client=0  call=1773574936569ms return=1773574936660ms  get('k0') -> ('{"Id":1,"V":114}', '115', 'OK')
       GET key="k0" -> value="{\"Id\":1,\"V\":114}" version=115 err="OK"
  [1099] client=6  call=1773574936539ms return=1773574936660ms  get('k0') -> ('{"Id":1,"V":114}', '115', 'OK')
       GET key="k0" -> value="{\"Id\":1,\"V\":114}" version=115 err="OK"
  [1100] client=5  call=1773574936600ms return=1773574936660ms  put('k0', '{"Id":5,"V":114}', '114') -> ('ErrVersion')
       PUT key="k0" value="{\"Id\":5,\"V\":114}" version=114 -> err="ErrVersion"
  [1101] client=2  call=1773574936630ms return=1773574936680ms  get('k0') -> ('{"Id":1,"V":114}', '115', 'OK')
       GET key="k0" -> value="{\"Id\":1,\"V\":114}" version=115 err="OK"
  [1102] client=6  call=1773574936660ms return=1773574936690ms  put('k0', '{"Id":6,"V":115}', '115') -> ('OK')
       PUT key="k0" value="{\"Id\":6,\"V\":115}" version=115 -> err="OK"
  [1103] client=7  call=1773574936630ms return=1773574936690ms  put('k0', '{"Id":7,"V":114}', '114') -> ('ErrVersion')
       PUT key="k0" value="{\"Id\":7,\"V\":114}" version=114 -> err="ErrVersion"
  [1104] client=4  call=1773574936479ms return=1773574936690ms  put('k0', '{"Id":4,"V":113}', '113') -> ('ErrMaybe')
       PUT key="k0" value="{\"Id\":4,\"V\":113}" version=113 -> err="ErrMaybe"
  [1105] client=9  call=1773574936579ms return=1773574936710ms  put('k0', '{"Id":9,"V":114}', '114') -> ('ErrMaybe')
       PUT key="k0" value="{\"Id\":9,\"V\":114}" version=114 -> err="ErrMaybe"
  [1106] client=5  call=1773574936660ms return=1773574936710ms  get('k0') -> ('{"Id":6,"V":115}', '116', 'OK')
       GET key="k0" -> value="{\"Id\":6,\"V\":115}" version=116 err="OK"
  [1107] client=8  call=1773574936650ms return=1773574936710ms  get('k0') -> ('{"Id":6,"V":115}', '116', 'OK')
       GET key="k0" -> value="{\"Id\":6,\"V\":115}" version=116 err="OK"
  [1108] client=3  call=1773574936650ms return=1773574936720ms  get('k0') -> ('{"Id":6,"V":115}', '116', 'OK')
       GET key="k0" -> value="{\"Id\":6,\"V\":115}" version=116 err="OK"
  [1109] client=0  call=1773574936660ms return=1773574936720ms  put('k0', '{"Id":0,"V":115}', '115') -> ('ErrVersion')
       PUT key="k0" value="{\"Id\":0,\"V\":115}" version=115 -> err="ErrVersion"
  [1110] client=2  call=1773574936680ms return=1773574936730ms  put('k0', '{"Id":2,"V":115}', '115') -> ('ErrVersion')
       PUT key="k0" value="{\"Id\":2,\"V\":115}" version=115 -> err="ErrVersion"
  [1111] client=6  call=1773574936690ms return=1773574936750ms  get('k0') -> ('{"Id":6,"V":115}', '116', 'OK')
       GET key="k0" -> value="{\"Id\":6,\"V\":115}" version=116 err="OK"
  [1112] client=5  call=1773574936710ms return=1773574936760ms  put('k0', '{"Id":5,"V":116}', '116') -> ('ErrVersion')
       PUT key="k0" value="{\"Id\":5,\"V\":116}" version=116 -> err="ErrVersion"
  [1113] client=3  call=1773574936720ms return=1773574936760ms  put('k0', '{"Id":3,"V":116}', '116') -> ('OK')
       PUT key="k0" value="{\"Id\":3,\"V\":116}" version=116 -> err="OK"
  [1114] client=8  call=1773574936710ms return=1773574936771ms  put('k0', '{"Id":8,"V":116}', '116') -> ('ErrVersion')
       PUT key="k0" value="{\"Id\":8,\"V\":116}" version=116 -> err="ErrVersion"
  [1115] client=1  call=1773574936630ms return=1773574936771ms  get('k0') -> ('{"Id":3,"V":116}', '117', 'OK')
       GET key="k0" -> value="{\"Id\":3,\"V\":116}" version=117 err="OK"
  [1116] client=7  call=1773574936690ms return=1773574936771ms  get('k0') -> ('{"Id":3,"V":116}', '117', 'OK')
       GET key="k0" -> value="{\"Id\":3,\"V\":116}" version=117 err="OK"
  [1117] client=2  call=1773574936730ms return=1773574936781ms  get('k0') -> ('{"Id":3,"V":116}', '117', 'OK')
       GET key="k0" -> value="{\"Id\":3,\"V\":116}" version=117 err="OK"
  [1118] client=8  call=1773574936771ms return=1773574936811ms  get('k0') -> ('{"Id":3,"V":116}', '117', 'OK')
       GET key="k0" -> value="{\"Id\":3,\"V\":116}" version=117 err="OK"
  [1119] client=2  call=1773574936781ms return=1773574936811ms  put('k0', '{"Id":2,"V":117}', '117') -> ('OK')
       PUT key="k0" value="{\"Id\":2,\"V\":117}" version=117 -> err="OK"
  [1120] client=7  call=1773574936771ms return=1773574936831ms  put('k0', '{"Id":7,"V":117}', '117') -> ('ErrVersion')
       PUT key="k0" value="{\"Id\":7,\"V\":117}" version=117 -> err="ErrVersion"
  [1121] client=3  call=1773574936760ms return=1773574936831ms  get('k0') -> ('{"Id":2,"V":117}', '118', 'OK')
       GET key="k0" -> value="{\"Id\":2,\"V\":117}" version=118 err="OK"
  [1122] client=9  call=1773574936710ms return=1773574936831ms  get('k0') -> ('{"Id":2,"V":117}', '118', 'OK')
       GET key="k0" -> value="{\"Id\":2,\"V\":117}" version=118 err="OK"
  [1123] client=1  call=1773574936771ms return=1773574936831ms  put('k0', '{"Id":1,"V":117}', '117') -> ('ErrVersion')
       PUT key="k0" value="{\"Id\":1,\"V\":117}" version=117 -> err="ErrVersion"
  [1124] client=2  call=1773574936811ms return=1773574936851ms  get('k0') -> ('{"Id":2,"V":117}', '118', 'OK')
       GET key="k0" -> value="{\"Id\":2,\"V\":117}" version=118 err="OK"
  [1125] client=4  call=1773574936690ms return=1773574936851ms  get('k0') -> ('{"Id":2,"V":117}', '118', 'OK')
       GET key="k0" -> value="{\"Id\":2,\"V\":117}" version=118 err="OK"
  [1126] client=6  call=1773574936750ms return=1773574936851ms  put('k0', '{"Id":6,"V":116}', '116') -> ('ErrMaybe')
       PUT key="k0" value="{\"Id\":6,\"V\":116}" version=116 -> err="ErrMaybe"
  [1127] client=0  call=1773574936720ms return=1773574936871ms  get('k0') -> ('{"Id":2,"V":117}', '118', 'OK')
       GET key="k0" -> value="{\"Id\":2,\"V\":117}" version=118 err="OK"
  [1128] client=7  call=1773574936831ms return=1773574936871ms  get('k0') -> ('{"Id":2,"V":117}', '118', 'OK')
       GET key="k0" -> value="{\"Id\":2,\"V\":117}" version=118 err="OK"
  [1129] client=9  call=1773574936831ms return=1773574936871ms  put('k0', '{"Id":9,"V":118}', '118') -> ('OK')
       PUT key="k0" value="{\"Id\":9,\"V\":118}" version=118 -> err="OK"
  [1130] client=1  call=1773574936831ms return=1773574936871ms  get('k0') -> ('{"Id":9,"V":118}', '119', 'OK')
       GET key="k0" -> value="{\"Id\":9,\"V\":118}" version=119 err="OK"
  [1131] client=8  call=1773574936811ms return=1773574936871ms  put('k0', '{"Id":8,"V":117}', '117') -> ('ErrVersion')
       PUT key="k0" value="{\"Id\":8,\"V\":117}" version=117 -> err="ErrVersion"
  [1132] client=3  call=1773574936831ms return=1773574936871ms  put('k0', '{"Id":3,"V":118}', '118') -> ('ErrVersion')
       PUT key="k0" value="{\"Id\":3,\"V\":118}" version=118 -> err="ErrVersion"
  [1133] client=4  call=1773574936851ms return=1773574936892ms  put('k0', '{"Id":4,"V":118}', '118') -> ('ErrVersion')
       PUT key="k0" value="{\"Id\":4,\"V\":118}" version=118 -> err="ErrVersion"
  [1134] client=6  call=1773574936851ms return=1773574936892ms  get('k0') -> ('{"Id":9,"V":118}', '119', 'OK')
       GET key="k0" -> value="{\"Id\":9,\"V\":118}" version=119 err="OK"
  [1135] client=9  call=1773574936871ms return=1773574936922ms  get('k0') -> ('{"Id":9,"V":118}', '119', 'OK')
       GET key="k0" -> value="{\"Id\":9,\"V\":118}" version=119 err="OK"
  [1136] client=3  call=1773574936871ms return=1773574936922ms  get('k0') -> ('{"Id":9,"V":118}', '119', 'OK')
       GET key="k0" -> value="{\"Id\":9,\"V\":118}" version=119 err="OK"
  [1137] client=8  call=1773574936871ms return=1773574936922ms  get('k0') -> ('{"Id":9,"V":118}', '119', 'OK')
       GET key="k0" -> value="{\"Id\":9,\"V\":118}" version=119 err="OK"
  [1138] client=7  call=1773574936871ms return=1773574936922ms  put('k0', '{"Id":7,"V":118}', '118') -> ('ErrVersion')
       PUT key="k0" value="{\"Id\":7,\"V\":118}" version=118 -> err="ErrVersion"
  [1139] client=0  call=1773574936871ms return=1773574936922ms  put('k0', '{"Id":0,"V":118}', '118') -> ('ErrVersion')
       PUT key="k0" value="{\"Id\":0,\"V\":118}" version=118 -> err="ErrVersion"
  [1140] client=1  call=1773574936871ms return=1773574936922ms  put('k0', '{"Id":1,"V":119}', '119') -> ('OK')
       PUT key="k0" value="{\"Id\":1,\"V\":119}" version=119 -> err="OK"
  [1141] client=4  call=1773574936892ms return=1773574936932ms  get('k0') -> ('{"Id":1,"V":119}', '120', 'OK')
       GET key="k0" -> value="{\"Id\":1,\"V\":119}" version=120 err="OK"
  [1142] client=5  call=1773574936760ms return=1773574936952ms  get('k0') -> ('{"Id":1,"V":119}', '120', 'OK')
       GET key="k0" -> value="{\"Id\":1,\"V\":119}" version=120 err="OK"
  [1143] client=6  call=1773574936892ms return=1773574936952ms  put('k0', '{"Id":6,"V":119}', '119') -> ('ErrVersion')
       PUT key="k0" value="{\"Id\":6,\"V\":119}" version=119 -> err="ErrVersion"
  [1144] client=9  call=1773574936922ms return=1773574936962ms  put('k0', '{"Id":9,"V":119}', '119') -> ('ErrVersion')
       PUT key="k0" value="{\"Id\":9,\"V\":119}" version=119 -> err="ErrVersion"
  [1145] client=2  call=1773574936851ms return=1773574936962ms  put('k0', '{"Id":2,"V":118}', '118') -> ('ErrMaybe')
       PUT key="k0" value="{\"Id\":2,\"V\":118}" version=118 -> err="ErrMaybe"
  [1146] client=0  call=1773574936922ms return=1773574936962ms  get('k0') -> ('{"Id":1,"V":119}', '120', 'OK')
       GET key="k0" -> value="{\"Id\":1,\"V\":119}" version=120 err="OK"
  [1147] client=3  call=1773574936922ms return=1773574936972ms  put('k0', '{"Id":3,"V":119}', '119') -> ('ErrVersion')
       PUT key="k0" value="{\"Id\":3,\"V\":119}" version=119 -> err="ErrVersion"
  [1148] client=8  call=1773574936922ms return=1773574936982ms  put('k0', '{"Id":8,"V":119}', '119') -> ('ErrVersion')
       PUT key="k0" value="{\"Id\":8,\"V\":119}" version=119 -> err="ErrVersion"
  [1149] client=1  call=1773574936922ms return=1773574936982ms  get('k0') -> ('{"Id":4,"V":120}', '121', 'OK')
       GET key="k0" -> value="{\"Id\":4,\"V\":120}" version=121 err="OK"
  [1150] client=3  call=1773574936972ms return=1773574937013ms  get('k0') -> ('{"Id":4,"V":120}', '121', 'OK')
       GET key="k0" -> value="{\"Id\":4,\"V\":120}" version=121 err="OK"
  [1151] client=5  call=1773574936952ms return=1773574937013ms  put('k0', '{"Id":5,"V":120}', '120') -> ('ErrVersion')
       PUT key="k0" value="{\"Id\":5,\"V\":120}" version=120 -> err="ErrVersion"
  [1152] client=9  call=1773574936962ms return=1773574937013ms  get('k0') -> ('{"Id":4,"V":120}', '121', 'OK')
       GET key="k0" -> value="{\"Id\":4,\"V\":120}" version=121 err="OK"
  [1153] client=1  call=1773574936982ms return=1773574937023ms  put('k0', '{"Id":1,"V":121}', '121') -> ('OK')
       PUT key="k0" value="{\"Id\":1,\"V\":121}" version=121 -> err="OK"
  [1154] client=2  call=1773574936962ms return=1773574937023ms  get('k0') -> ('{"Id":4,"V":120}', '121', 'OK')
       GET key="k0" -> value="{\"Id\":4,\"V\":120}" version=121 err="OK"
  [1155] client=7  call=1773574936922ms return=1773574937053ms  get('k0') -> ('{"Id":1,"V":121}', '122', 'OK')
       GET key="k0" -> value="{\"Id\":1,\"V\":121}" version=122 err="OK"
  [1156] client=9  call=1773574937013ms return=1773574937063ms  put('k0', '{"Id":9,"V":121}', '121') -> ('ErrVersion')
       PUT key="k0" value="{\"Id\":9,\"V\":121}" version=121 -> err="ErrVersion"
  [1157] client=5  call=1773574937013ms return=1773574937063ms  get('k0') -> ('{"Id":1,"V":121}', '122', 'OK')
       GET key="k0" -> value="{\"Id\":1,\"V\":121}" version=122 err="OK"
  [1158] client=8  call=1773574936982ms return=1773574937063ms  get('k0') -> ('{"Id":1,"V":121}', '122', 'OK')
       GET key="k0" -> value="{\"Id\":1,\"V\":121}" version=122 err="OK"
  [1159] client=2  call=1773574937023ms return=1773574937063ms  put('k0', '{"Id":2,"V":121}', '121') -> ('ErrVersion')
       PUT key="k0" value="{\"Id\":2,\"V\":121}" version=121 -> err="ErrVersion"
  [1160] client=1  call=1773574937023ms return=1773574937073ms  get('k0') -> ('{"Id":1,"V":121}', '122', 'OK')
       GET key="k0" -> value="{\"Id\":1,\"V\":121}" version=122 err="OK"
  [1161] client=6  call=1773574936952ms return=1773574937073ms  get('k0') -> ('{"Id":1,"V":121}', '122', 'OK')
       GET key="k0" -> value="{\"Id\":1,\"V\":121}" version=122 err="OK"
  [1162] client=0  call=1773574936962ms return=1773574937093ms  put('k0', '{"Id":0,"V":120}', '120') -> ('ErrMaybe')
       PUT key="k0" value="{\"Id\":0,\"V\":120}" version=120 -> err="ErrMaybe"
  [1163] client=6  call=1773574937073ms return=1773574937103ms  put('k0', '{"Id":6,"V":122}', '122') -> ('ErrVersion')
       PUT key="k0" value="{\"Id\":6,\"V\":122}" version=122 -> err="ErrVersion"
  [1164] client=8  call=1773574937063ms return=1773574937113ms  put('k0', '{"Id":8,"V":122}', '122') -> ('ErrVersion')
       PUT key="k0" value="{\"Id\":8,\"V\":122}" version=122 -> err="ErrVersion"
  [1165] client=9  call=1773574937063ms return=1773574937113ms  get('k0') -> ('{"Id":7,"V":122}', '123', 'OK')
       GET key="k0" -> value="{\"Id\":7,\"V\":122}" version=123 err="OK"
  [1166] client=4  call=1773574936932ms return=1773574937113ms  put('k0', '{"Id":4,"V":120}', '120') -> ('ErrMaybe')
       PUT key="k0" value="{\"Id\":4,\"V\":120}" version=120 -> err="ErrMaybe"
  [1167] client=2  call=1773574937063ms return=1773574937113ms  get('k0') -> ('{"Id":7,"V":122}', '123', 'OK')
       GET key="k0" -> value="{\"Id\":7,\"V\":122}" version=123 err="OK"
  [1168] client=3  call=1773574937013ms return=1773574937113ms  put('k0', '{"Id":3,"V":121}', '121') -> ('ErrMaybe')
       PUT key="k0" value="{\"Id\":3,\"V\":121}" version=121 -> err="ErrMaybe"
  [1169] client=5  call=1773574937063ms return=1773574937113ms  put('k0', '{"Id":5,"V":122}', '122') -> ('ErrVersion')
       PUT key="k0" value="{\"Id\":5,\"V\":122}" version=122 -> err="ErrVersion"
  [1170] client=1  call=1773574937073ms return=1773574937133ms  put('k0', '{"Id":1,"V":122}', '122') -> ('ErrVersion')
       PUT key="k0" value="{\"Id\":1,\"V\":122}" version=122 -> err="ErrVersion"
  [1171] client=7  call=1773574937053ms return=1773574937154ms  put('k0', '{"Id":7,"V":122}', '122') -> ('ErrMaybe')
       PUT key="k0" value="{\"Id\":7,\"V\":122}" version=122 -> err="ErrMaybe"
  [1172] client=8  call=1773574937113ms return=1773574937154ms  get('k0') -> ('{"Id":9,"V":123}', '124', 'OK')
       GET key="k0" -> value="{\"Id\":9,\"V\":123}" version=124 err="OK"
  [1173] client=9  call=1773574937113ms return=1773574937154ms  put('k0', '{"Id":9,"V":123}', '123') -> ('OK')
       PUT key="k0" value="{\"Id\":9,\"V\":123}" version=123 -> err="OK"
  [1174] client=3  call=1773574937113ms return=1773574937154ms  get('k0') -> ('{"Id":9,"V":123}', '124', 'OK')
       GET key="k0" -> value="{\"Id\":9,\"V\":123}" version=124 err="OK"
  [1175] client=4  call=1773574937113ms return=1773574937164ms  get('k0') -> ('{"Id":9,"V":123}', '124', 'OK')
       GET key="k0" -> value="{\"Id\":9,\"V\":123}" version=124 err="OK"
  [1176] client=1  call=1773574937133ms return=1773574937164ms  get('k0') -> ('{"Id":9,"V":123}', '124', 'OK')
       GET key="k0" -> value="{\"Id\":9,\"V\":123}" version=124 err="OK"
  [1177] client=5  call=1773574937113ms return=1773574937174ms  get('k0') -> ('{"Id":9,"V":123}', '124', 'OK')
       GET key="k0" -> value="{\"Id\":9,\"V\":123}" version=124 err="OK"
  [1178] client=9  call=1773574937154ms return=1773574937184ms  get('k0') -> ('{"Id":3,"V":124}', '125', 'OK')
       GET key="k0" -> value="{\"Id\":3,\"V\":124}" version=125 err="OK"
  [1179] client=3  call=1773574937154ms return=1773574937184ms  put('k0', '{"Id":3,"V":124}', '124') -> ('OK')
       PUT key="k0" value="{\"Id\":3,\"V\":124}" version=124 -> err="OK"
  [1180] client=7  call=1773574937154ms return=1773574937204ms  get('k0') -> ('{"Id":3,"V":124}', '125', 'OK')
       GET key="k0" -> value="{\"Id\":3,\"V\":124}" version=125 err="OK"
  [1181] client=4  call=1773574937164ms return=1773574937204ms  put('k0', '{"Id":4,"V":124}', '124') -> ('ErrVersion')
       PUT key="k0" value="{\"Id\":4,\"V\":124}" version=124 -> err="ErrVersion"
  [1182] client=8  call=1773574937154ms return=1773574937204ms  put('k0', '{"Id":8,"V":124}', '124') -> ('ErrVersion')
       PUT key="k0" value="{\"Id\":8,\"V\":124}" version=124 -> err="ErrVersion"
  [1183] client=9  call=1773574937184ms return=1773574937245ms  put('k0', '{"Id":9,"V":125}', '125') -> ('OK')
       PUT key="k0" value="{\"Id\":9,\"V\":125}" version=125 -> err="OK"
  [1184] client=2  call=1773574937113ms return=1773574937245ms  put('k0', '{"Id":2,"V":123}', '123') -> ('ErrMaybe')
       PUT key="k0" value="{\"Id\":2,\"V\":123}" version=123 -> err="ErrMaybe"
  [1185] client=5  call=1773574937174ms return=1773574937245ms  put('k0', '{"Id":5,"V":124}', '124') -> ('ErrVersion')
       PUT key="k0" value="{\"Id\":5,\"V\":124}" version=124 -> err="ErrVersion"
  [1186] client=4  call=1773574937204ms return=1773574937245ms  get('k0') -> ('{"Id":9,"V":125}', '126', 'OK')
       GET key="k0" -> value="{\"Id\":9,\"V\":125}" version=126 err="OK"
  [1187] client=8  call=1773574937204ms return=1773574937245ms  get('k0') -> ('{"Id":9,"V":125}', '126', 'OK')
       GET key="k0" -> value="{\"Id\":9,\"V\":125}" version=126 err="OK"
  [1188] client=1  call=1773574937164ms return=1773574937245ms  put('k0', '{"Id":1,"V":124}', '124') -> ('ErrVersion')
       PUT key="k0" value="{\"Id\":1,\"V\":124}" version=124 -> err="ErrVersion"
  [1189] client=7  call=1773574937204ms return=1773574937255ms  put('k0', '{"Id":7,"V":125}', '125') -> ('ErrVersion')
       PUT key="k0" value="{\"Id\":7,\"V\":125}" version=125 -> err="ErrVersion"
  [1190] client=3  call=1773574937184ms return=1773574937285ms  get('k0') -> ('{"Id":9,"V":125}', '126', 'OK')
       GET key="k0" -> value="{\"Id\":9,\"V\":125}" version=126 err="OK"
  [1191] client=9  call=1773574937245ms return=1773574937285ms  get('k0') -> ('{"Id":9,"V":125}', '126', 'OK')
       GET key="k0" -> value="{\"Id\":9,\"V\":125}" version=126 err="OK"
  [1192] client=4  call=1773574937245ms return=1773574937295ms  put('k0', '{"Id":4,"V":126}', '126') -> ('OK')
       PUT key="k0" value="{\"Id\":4,\"V\":126}" version=126 -> err="OK"
  [1193] client=1  call=1773574937245ms return=1773574937295ms  get('k0') -> ('{"Id":9,"V":125}', '126', 'OK')
       GET key="k0" -> value="{\"Id\":9,\"V\":125}" version=126 err="OK"
  [1194] client=8  call=1773574937245ms return=1773574937305ms  put('k0', '{"Id":8,"V":126}', '126') -> ('ErrVersion')
       PUT key="k0" value="{\"Id\":8,\"V\":126}" version=126 -> err="ErrVersion"
  [1195] client=7  call=1773574937255ms return=1773574937305ms  get('k0') -> ('{"Id":4,"V":126}', '127', 'OK')
       GET key="k0" -> value="{\"Id\":4,\"V\":126}" version=127 err="OK"
  [1196] client=6  call=1773574937103ms return=1773574937305ms  get('k0') -> ('{"Id":4,"V":126}', '127', 'OK')
       GET key="k0" -> value="{\"Id\":4,\"V\":126}" version=127 err="OK"
  [1197] client=4  call=1773574937295ms return=1773574937315ms  get('k0') -> ('{"Id":4,"V":126}', '127', 'OK')
       GET key="k0" -> value="{\"Id\":4,\"V\":126}" version=127 err="OK"
  [1198] client=2  call=1773574937245ms return=1773574937315ms  get('k0') -> ('{"Id":4,"V":126}', '127', 'OK')
       GET key="k0" -> value="{\"Id\":4,\"V\":126}" version=127 err="OK"
  [1199] client=1  call=1773574937295ms return=1773574937335ms  put('k0', '{"Id":1,"V":126}', '126') -> ('ErrVersion')
       PUT key="k0" value="{\"Id\":1,\"V\":126}" version=126 -> err="ErrVersion"
  [1200] client=5  call=1773574937245ms return=1773574937335ms  get('k0') -> ('{"Id":4,"V":126}', '127', 'OK')
       GET key="k0" -> value="{\"Id\":4,\"V\":126}" version=127 err="OK"
  [1201] client=8  call=1773574937305ms return=1773574937335ms  get('k0') -> ('{"Id":4,"V":126}', '127', 'OK')
       GET key="k0" -> value="{\"Id\":4,\"V\":126}" version=127 err="OK"
  [1202] client=3  call=1773574937285ms return=1773574937335ms  put('k0', '{"Id":3,"V":126}', '126') -> ('ErrVersion')
       PUT key="k0" value="{\"Id\":3,\"V\":126}" version=126 -> err="ErrVersion"
  [1203] client=9  call=1773574937285ms return=1773574937335ms  put('k0', '{"Id":9,"V":126}', '126') -> ('ErrVersion')
       PUT key="k0" value="{\"Id\":9,\"V\":126}" version=126 -> err="ErrVersion"
  [1204] client=4  call=1773574937315ms return=1773574937345ms  put('k0', '{"Id":4,"V":127}', '127') -> ('ErrVersion')
       PUT key="k0" value="{\"Id\":4,\"V\":127}" version=127 -> err="ErrVersion"
  [1205] client=7  call=1773574937305ms return=1773574937345ms  put('k0', '{"Id":7,"V":127}', '127') -> ('OK')
       PUT key="k0" value="{\"Id\":7,\"V\":127}" version=127 -> err="OK"
  [1206] client=6  call=1773574937305ms return=1773574937365ms  put('k0', '{"Id":6,"V":127}', '127') -> ('ErrVersion')
       PUT key="k0" value="{\"Id\":6,\"V\":127}" version=127 -> err="ErrVersion"
  [1207] client=0  call=1773574937093ms return=1773574937365ms  get('k0') -> ('{"Id":7,"V":127}', '128', 'OK')
       GET key="k0" -> value="{\"Id\":7,\"V\":127}" version=128 err="OK"
  [1208] client=2  call=1773574937315ms return=1773574937365ms  put('k0', '{"Id":2,"V":127}', '127') -> ('ErrVersion')
       PUT key="k0" value="{\"Id\":2,\"V\":127}" version=127 -> err="ErrVersion"
  [1209] client=1  call=1773574937335ms return=1773574937385ms  get('k0') -> ('{"Id":7,"V":127}', '128', 'OK')
       GET key="k0" -> value="{\"Id\":7,\"V\":127}" version=128 err="OK"
  [1210] client=4  call=1773574937345ms return=1773574937395ms  get('k0') -> ('{"Id":7,"V":127}', '128', 'OK')
       GET key="k0" -> value="{\"Id\":7,\"V\":127}" version=128 err="OK"
  [1211] client=9  call=1773574937335ms return=1773574937395ms  get('k0') -> ('{"Id":7,"V":127}', '128', 'OK')
       GET key="k0" -> value="{\"Id\":7,\"V\":127}" version=128 err="OK"
  [1212] client=7  call=1773574937345ms return=1773574937395ms  get('k0') -> ('{"Id":7,"V":127}', '128', 'OK')
       GET key="k0" -> value="{\"Id\":7,\"V\":127}" version=128 err="OK"
  [1213] client=3  call=1773574937335ms return=1773574937415ms  get('k0') -> ('{"Id":1,"V":128}', '129', 'OK')
       GET key="k0" -> value="{\"Id\":1,\"V\":128}" version=129 err="OK"
  [1214] client=1  call=1773574937385ms return=1773574937415ms  put('k0', '{"Id":1,"V":128}', '128') -> ('OK')
       PUT key="k0" value="{\"Id\":1,\"V\":128}" version=128 -> err="OK"
  [1215] client=2  call=1773574937365ms return=1773574937415ms  get('k0') -> ('{"Id":1,"V":128}', '129', 'OK')
       GET key="k0" -> value="{\"Id\":1,\"V\":128}" version=129 err="OK"
  [1216] client=9  call=1773574937395ms return=1773574937436ms  put('k0', '{"Id":9,"V":128}', '128') -> ('ErrVersion')
       PUT key="k0" value="{\"Id\":9,\"V\":128}" version=128 -> err="ErrVersion"
  [1217] client=6  call=1773574937365ms return=1773574937436ms  get('k0') -> ('{"Id":1,"V":128}', '129', 'OK')
       GET key="k0" -> value="{\"Id\":1,\"V\":128}" version=129 err="OK"
  [1218] client=0  call=1773574937365ms return=1773574937436ms  put('k0', '{"Id":0,"V":128}', '128') -> ('ErrVersion')
       PUT key="k0" value="{\"Id\":0,\"V\":128}" version=128 -> err="ErrVersion"
  [1219] client=5  call=1773574937335ms return=1773574937446ms  put('k0', '{"Id":5,"V":127}', '127') -> ('ErrMaybe')
       PUT key="k0" value="{\"Id\":5,\"V\":127}" version=127 -> err="ErrMaybe"
  [1220] client=2  call=1773574937415ms return=1773574937466ms  put('k0', '{"Id":2,"V":129}', '129') -> ('ErrVersion')
       PUT key="k0" value="{\"Id\":2,\"V\":129}" version=129 -> err="ErrVersion"
  [1221] client=0  call=1773574937436ms return=1773574937466ms  get('k0') -> ('{"Id":3,"V":129}', '130', 'OK')
       GET key="k0" -> value="{\"Id\":3,\"V\":129}" version=130 err="OK"
  [1222] client=8  call=1773574937335ms return=1773574937466ms  put('k0', '{"Id":8,"V":127}', '127') -> ('ErrMaybe')
       PUT key="k0" value="{\"Id\":8,\"V\":127}" version=127 -> err="ErrMaybe"
  [1223] client=4  call=1773574937395ms return=1773574937466ms  put('k0', '{"Id":4,"V":128}', '128') -> ('ErrVersion')
       PUT key="k0" value="{\"Id\":4,\"V\":128}" version=128 -> err="ErrVersion"
  [1224] client=9  call=1773574937436ms return=1773574937466ms  get('k0') -> ('{"Id":3,"V":129}', '130', 'OK')
       GET key="k0" -> value="{\"Id\":3,\"V\":129}" version=130 err="OK"
  [1225] client=7  call=1773574937395ms return=1773574937466ms  put('k0', '{"Id":7,"V":128}', '128') -> ('ErrVersion')
       PUT key="k0" value="{\"Id\":7,\"V\":128}" version=128 -> err="ErrVersion"
  [1226] client=6  call=1773574937436ms return=1773574937496ms  put('k0', '{"Id":6,"V":129}', '129') -> ('ErrVersion')
       PUT key="k0" value="{\"Id\":6,\"V\":129}" version=129 -> err="ErrVersion"
  [1227] client=0  call=1773574937466ms return=1773574937496ms  put('k0', '{"Id":0,"V":130}', '130') -> ('OK')
       PUT key="k0" value="{\"Id\":0,\"V\":130}" version=130 -> err="OK"
  [1228] client=5  call=1773574937446ms return=1773574937496ms  get('k0') -> ('{"Id":3,"V":129}', '130', 'OK')
       GET key="k0" -> value="{\"Id\":3,\"V\":129}" version=130 err="OK"
  [1229] client=2  call=1773574937466ms return=1773574937496ms  get('k0') -> ('{"Id":0,"V":130}', '131', 'OK')
       GET key="k0" -> value="{\"Id\":0,\"V\":130}" version=131 err="OK"
  [1230] client=4  call=1773574937466ms return=1773574937516ms  get('k0') -> ('{"Id":0,"V":130}', '131', 'OK')
       GET key="k0" -> value="{\"Id\":0,\"V\":130}" version=131 err="OK"
  [1231] client=7  call=1773574937466ms return=1773574937516ms  get('k0') -> ('{"Id":0,"V":130}', '131', 'OK')
       GET key="k0" -> value="{\"Id\":0,\"V\":130}" version=131 err="OK"
  [1232] client=1  call=1773574937415ms return=1773574937516ms  get('k0') -> ('{"Id":0,"V":130}', '131', 'OK')
       GET key="k0" -> value="{\"Id\":0,\"V\":130}" version=131 err="OK"
  [1233] client=2  call=1773574937496ms return=1773574937526ms  put('k0', '{"Id":2,"V":131}', '131') -> ('OK')
       PUT key="k0" value="{\"Id\":2,\"V\":131}" version=131 -> err="OK"
  [1234] client=9  call=1773574937466ms return=1773574937536ms  put('k0', '{"Id":9,"V":130}', '130') -> ('ErrVersion')
       PUT key="k0" value="{\"Id\":9,\"V\":130}" version=130 -> err="ErrVersion"
  [1235] client=6  call=1773574937496ms return=1773574937536ms  get('k0') -> ('{"Id":2,"V":131}', '132', 'OK')
       GET key="k0" -> value="{\"Id\":2,\"V\":131}" version=132 err="OK"
  [1236] client=5  call=1773574937496ms return=1773574937536ms  put('k0', '{"Id":5,"V":130}', '130') -> ('ErrVersion')
       PUT key="k0" value="{\"Id\":5,\"V\":130}" version=130 -> err="ErrVersion"
  [1237] client=3  call=1773574937415ms return=1773574937536ms  put('k0', '{"Id":3,"V":129}', '129') -> ('ErrMaybe')
       PUT key="k0" value="{\"Id\":3,\"V\":129}" version=129 -> err="ErrMaybe"
  [1238] client=4  call=1773574937516ms return=1773574937556ms  put('k0', '{"Id":4,"V":131}', '131') -> ('ErrVersion')
       PUT key="k0" value="{\"Id\":4,\"V\":131}" version=131 -> err="ErrVersion"
  [1239] client=0  call=1773574937496ms return=1773574937556ms  get('k0') -> ('{"Id":2,"V":131}', '132', 'OK')
       GET key="k0" -> value="{\"Id\":2,\"V\":131}" version=132 err="OK"
  [1240] client=7  call=1773574937516ms return=1773574937566ms  put('k0', '{"Id":7,"V":131}', '131') -> ('ErrVersion')
       PUT key="k0" value="{\"Id\":7,\"V\":131}" version=131 -> err="ErrVersion"
  [1241] client=1  call=1773574937516ms return=1773574937566ms  put('k0', '{"Id":1,"V":131}', '131') -> ('ErrVersion')
       PUT key="k0" value="{\"Id\":1,\"V\":131}" version=131 -> err="ErrVersion"
  [1242] client=9  call=1773574937536ms return=1773574937586ms  get('k0') -> ('{"Id":2,"V":131}', '132', 'OK')
       GET key="k0" -> value="{\"Id\":2,\"V\":131}" version=132 err="OK"
  [1243] client=2  call=1773574937526ms return=1773574937586ms  get('k0') -> ('{"Id":2,"V":131}', '132', 'OK')
       GET key="k0" -> value="{\"Id\":2,\"V\":131}" version=132 err="OK"
  [1244] client=4  call=1773574937556ms return=1773574937596ms  get('k0') -> ('{"Id":0,"V":132}', '133', 'OK')
       GET key="k0" -> value="{\"Id\":0,\"V\":132}" version=133 err="OK"
  [1245] client=0  call=1773574937556ms return=1773574937596ms  put('k0', '{"Id":0,"V":132}', '132') -> ('OK')
       PUT key="k0" value="{\"Id\":0,\"V\":132}" version=132 -> err="OK"
  [1246] client=6  call=1773574937536ms return=1773574937596ms  put('k0', '{"Id":6,"V":132}', '132') -> ('ErrVersion')
       PUT key="k0" value="{\"Id\":6,\"V\":132}" version=132 -> err="ErrVersion"
  [1247] client=7  call=1773574937566ms return=1773574937596ms  get('k0') -> ('{"Id":0,"V":132}', '133', 'OK')
       GET key="k0" -> value="{\"Id\":0,\"V\":132}" version=133 err="OK"
  [1248] client=5  call=1773574937536ms return=1773574937596ms  get('k0') -> ('{"Id":0,"V":132}', '133', 'OK')
       GET key="k0" -> value="{\"Id\":0,\"V\":132}" version=133 err="OK"
  [1249] client=9  call=1773574937586ms return=1773574937617ms  put('k0', '{"Id":9,"V":132}', '132') -> ('ErrVersion')
       PUT key="k0" value="{\"Id\":9,\"V\":132}" version=132 -> err="ErrVersion"
  [1250] client=3  call=1773574937536ms return=1773574937617ms  get('k0') -> ('{"Id":0,"V":132}', '133', 'OK')
       GET key="k0" -> value="{\"Id\":0,\"V\":132}" version=133 err="OK"
  [1251] client=8  call=1773574937466ms return=1773574937617ms  get('k0') -> ('{"Id":0,"V":132}', '133', 'OK')
       GET key="k0" -> value="{\"Id\":0,\"V\":132}" version=133 err="OK"
  [1252] client=2  call=1773574937586ms return=1773574937617ms  put('k0', '{"Id":2,"V":132}', '132') -> ('ErrVersion')
       PUT key="k0" value="{\"Id\":2,\"V\":132}" version=132 -> err="ErrVersion"
  [1253] client=1  call=1773574937566ms return=1773574937627ms  get('k0') -> ('{"Id":0,"V":132}', '133', 'OK')
       GET key="k0" -> value="{\"Id\":0,\"V\":132}" version=133 err="OK"
  [1254] client=4  call=1773574937596ms return=1773574937657ms  put('k0', '{"Id":4,"V":133}', '133') -> ('OK')
       PUT key="k0" value="{\"Id\":4,\"V\":133}" version=133 -> err="OK"
  [1255] client=0  call=1773574937596ms return=1773574937657ms  get('k0') -> ('{"Id":0,"V":132}', '133', 'OK')
       GET key="k0" -> value="{\"Id\":0,\"V\":132}" version=133 err="OK"
  [1256] client=5  call=1773574937596ms return=1773574937657ms  put('k0', '{"Id":5,"V":133}', '133') -> ('ErrVersion')
       PUT key="k0" value="{\"Id\":5,\"V\":133}" version=133 -> err="ErrVersion"
  [1257] client=8  call=1773574937617ms return=1773574937667ms  put('k0', '{"Id":8,"V":133}', '133') -> ('ErrVersion')
       PUT key="k0" value="{\"Id\":8,\"V\":133}" version=133 -> err="ErrVersion"
  [1258] client=7  call=1773574937596ms return=1773574937667ms  put('k0', '{"Id":7,"V":133}', '133') -> ('ErrVersion')
       PUT key="k0" value="{\"Id\":7,\"V\":133}" version=133 -> err="ErrVersion"
  [1259] client=3  call=1773574937617ms return=1773574937667ms  put('k0', '{"Id":3,"V":133}', '133') -> ('ErrVersion')
       PUT key="k0" value="{\"Id\":3,\"V\":133}" version=133 -> err="ErrVersion"
  [1260] client=1  call=1773574937627ms return=1773574937667ms  put('k0', '{"Id":1,"V":133}', '133') -> ('ErrVersion')
       PUT key="k0" value="{\"Id\":1,\"V\":133}" version=133 -> err="ErrVersion"
  [1261] client=9  call=1773574937617ms return=1773574937677ms  get('k0') -> ('{"Id":4,"V":133}', '134', 'OK')
       GET key="k0" -> value="{\"Id\":4,\"V\":133}" version=134 err="OK"
  [1262] client=8  call=1773574937667ms return=1773574937697ms  get('k0') -> ('{"Id":4,"V":133}', '134', 'OK')
       GET key="k0" -> value="{\"Id\":4,\"V\":133}" version=134 err="OK"
  [1263] client=5  call=1773574937657ms return=1773574937697ms  get('k0') -> ('{"Id":4,"V":133}', '134', 'OK')
       GET key="k0" -> value="{\"Id\":4,\"V\":133}" version=134 err="OK"
  [1264] client=0  call=1773574937657ms return=1773574937717ms  put('k0', '{"Id":0,"V":133}', '133') -> ('ErrVersion')
       PUT key="k0" value="{\"Id\":0,\"V\":133}" version=133 -> err="ErrVersion"
  [1265] client=6  call=1773574937596ms return=1773574937717ms  get('k0') -> ('{"Id":4,"V":133}', '134', 'OK')
       GET key="k0" -> value="{\"Id\":4,\"V\":133}" version=134 err="OK"
  [1266] client=9  call=1773574937677ms return=1773574937717ms  put('k0', '{"Id":9,"V":134}', '134') -> ('OK')
       PUT key="k0" value="{\"Id\":9,\"V\":134}" version=134 -> err="OK"
  [1267] client=7  call=1773574937667ms return=1773574937727ms  get('k0') -> ('{"Id":9,"V":134}', '135', 'OK')
       GET key="k0" -> value="{\"Id\":9,\"V\":134}" version=135 err="OK"
  [1268] client=2  call=1773574937617ms return=1773574937727ms  get('k0') -> ('{"Id":9,"V":134}', '135', 'OK')
       GET key="k0" -> value="{\"Id\":9,\"V\":134}" version=135 err="OK"
  [1269] client=4  call=1773574937657ms return=1773574937737ms  get('k0') -> ('{"Id":9,"V":134}', '135', 'OK')
       GET key="k0" -> value="{\"Id\":9,\"V\":134}" version=135 err="OK"
  [1270] client=8  call=1773574937697ms return=1773574937737ms  put('k0', '{"Id":8,"V":134}', '134') -> ('ErrVersion')
       PUT key="k0" value="{\"Id\":8,\"V\":134}" version=134 -> err="ErrVersion"
  [1271] client=1  call=1773574937667ms return=1773574937737ms  get('k0') -> ('{"Id":9,"V":134}', '135', 'OK')
       GET key="k0" -> value="{\"Id\":9,\"V\":134}" version=135 err="OK"
  [1272] client=0  call=1773574937717ms return=1773574937737ms  get('k0') -> ('{"Id":9,"V":134}', '135', 'OK')
       GET key="k0" -> value="{\"Id\":9,\"V\":134}" version=135 err="OK"
  [1273] client=6  call=1773574937717ms return=1773574937767ms  put('k0', '{"Id":6,"V":134}', '134') -> ('ErrVersion')
       PUT key="k0" value="{\"Id\":6,\"V\":134}" version=134 -> err="ErrVersion"
  [1274] client=5  call=1773574937697ms return=1773574937767ms  put('k0', '{"Id":5,"V":134}', '134') -> ('ErrVersion')
       PUT key="k0" value="{\"Id\":5,\"V\":134}" version=134 -> err="ErrVersion"
  [1275] client=9  call=1773574937717ms return=1773574937767ms  get('k0') -> ('{"Id":9,"V":134}', '135', 'OK')
       GET key="k0" -> value="{\"Id\":9,\"V\":134}" version=135 err="OK"
  [1276] client=2  call=1773574937727ms return=1773574937788ms  put('k0', '{"Id":2,"V":135}', '135') -> ('OK')
       PUT key="k0" value="{\"Id\":2,\"V\":135}" version=135 -> err="OK"
  [1277] client=8  call=1773574937737ms return=1773574937798ms  get('k0') -> ('{"Id":2,"V":135}', '136', 'OK')
       GET key="k0" -> value="{\"Id\":2,\"V\":135}" version=136 err="OK"
  [1278] client=3  call=1773574937667ms return=1773574937798ms  get('k0') -> ('{"Id":2,"V":135}', '136', 'OK')
       GET key="k0" -> value="{\"Id\":2,\"V\":135}" version=136 err="OK"
  [1279] client=1  call=1773574937737ms return=1773574937798ms  put('k0', '{"Id":1,"V":135}', '135') -> ('ErrVersion')
       PUT key="k0" value="{\"Id\":1,\"V\":135}" version=135 -> err="ErrVersion"
  [1280] client=6  call=1773574937767ms return=1773574937808ms  get('k0') -> ('{"Id":2,"V":135}', '136', 'OK')
       GET key="k0" -> value="{\"Id\":2,\"V\":135}" version=136 err="OK"
  [1281] client=4  call=1773574937737ms return=1773574937808ms  put('k0', '{"Id":4,"V":135}', '135') -> ('ErrVersion')
       PUT key="k0" value="{\"Id\":4,\"V\":135}" version=135 -> err="ErrVersion"
  [1282] client=0  call=1773574937737ms return=1773574937808ms  put('k0', '{"Id":0,"V":135}', '135') -> ('ErrVersion')
       PUT key="k0" value="{\"Id\":0,\"V\":135}" version=135 -> err="ErrVersion"
  [1283] client=7  call=1773574937727ms return=1773574937808ms  put('k0', '{"Id":7,"V":135}', '135') -> ('ErrVersion')
       PUT key="k0" value="{\"Id\":7,\"V\":135}" version=135 -> err="ErrVersion"
  [1284] client=2  call=1773574937788ms return=1773574937829ms  get('k0') -> ('{"Id":3,"V":136}', '137', 'OK')
       GET key="k0" -> value="{\"Id\":3,\"V\":136}" version=137 err="OK"
  [1285] client=5  call=1773574937767ms return=1773574937829ms  get('k0') -> ('{"Id":3,"V":136}', '137', 'OK')
       GET key="k0" -> value="{\"Id\":3,\"V\":136}" version=137 err="OK"
  [1286] client=9  call=1773574937767ms return=1773574937829ms  put('k0', '{"Id":9,"V":135}', '135') -> ('ErrVersion')
       PUT key="k0" value="{\"Id\":9,\"V\":135}" version=135 -> err="ErrVersion"
  [1287] client=4  call=1773574937808ms return=1773574937850ms  get('k0') -> ('{"Id":3,"V":136}', '137', 'OK')
       GET key="k0" -> value="{\"Id\":3,\"V\":136}" version=137 err="OK"
  [1288] client=6  call=1773574937808ms return=1773574937850ms  put('k0', '{"Id":6,"V":136}', '136') -> ('ErrVersion')
       PUT key="k0" value="{\"Id\":6,\"V\":136}" version=136 -> err="ErrVersion"
  [1289] client=5  call=1773574937829ms return=1773574937870ms  put('k0', '{"Id":5,"V":137}', '137') -> ('OK')
       PUT key="k0" value="{\"Id\":5,\"V\":137}" version=137 -> err="OK"
  [1290] client=7  call=1773574937808ms return=1773574937870ms  get('k0') -> ('{"Id":5,"V":137}', '138', 'OK')
       GET key="k0" -> value="{\"Id\":5,\"V\":137}" version=138 err="OK"
  [1291] client=8  call=1773574937798ms return=1773574937870ms  put('k0', '{"Id":8,"V":136}', '136') -> ('ErrVersion')
       PUT key="k0" value="{\"Id\":8,\"V\":136}" version=136 -> err="ErrVersion"
  [1292] client=0  call=1773574937808ms return=1773574937870ms  get('k0') -> ('{"Id":5,"V":137}', '138', 'OK')
       GET key="k0" -> value="{\"Id\":5,\"V\":137}" version=138 err="OK"
  [1293] client=1  call=1773574937798ms return=1773574938009ms  get('k0') -> ('{"Id":5,"V":137}', '138', 'OK')
       GET key="k0" -> value="{\"Id\":5,\"V\":137}" version=138 err="OK"
  [1294] client=3  call=1773574937798ms return=1773574938009ms  put('k0', '{"Id":3,"V":136}', '136') -> ('ErrVersion')
       PUT key="k0" value="{\"Id\":3,\"V\":136}" version=136 -> err="ErrVersion"
  [1295] client=6  call=1773574937850ms return=1773574938020ms  get('k0') -> ('{"Id":5,"V":137}', '138', 'OK')
       GET key="k0" -> value="{\"Id\":5,\"V\":137}" version=138 err="OK"
  [1296] client=1  call=1773574938009ms return=1773574938030ms  put('k0', '{"Id":1,"V":138}', '138') -> ('OK')
       PUT key="k0" value="{\"Id\":1,\"V\":138}" version=138 -> err="OK"
  [1297] client=7  call=1773574937870ms return=1773574938040ms  put('k0', '{"Id":7,"V":138}', '138') -> ('ErrVersion')
       PUT key="k0" value="{\"Id\":7,\"V\":138}" version=138 -> err="ErrVersion"
  [1298] client=0  call=1773574937870ms return=1773574938040ms  put('k0', '{"Id":0,"V":138}', '138') -> ('ErrVersion')
       PUT key="k0" value="{\"Id\":0,\"V\":138}" version=138 -> err="ErrVersion"
  [1299] client=3  call=1773574938009ms return=1773574938040ms  get('k0') -> ('{"Id":1,"V":138}', '139', 'OK')
       GET key="k0" -> value="{\"Id\":1,\"V\":138}" version=139 err="OK"
  [1300] client=6  call=1773574938020ms return=1773574938070ms  put('k0', '{"Id":6,"V":138}', '138') -> ('ErrVersion')
       PUT key="k0" value="{\"Id\":6,\"V\":138}" version=138 -> err="ErrVersion"
  [1301] client=4  call=1773574937850ms return=1773574938070ms  put('k0', '{"Id":4,"V":137}', '137') -> ('ErrVersion')
       PUT key="k0" value="{\"Id\":4,\"V\":137}" version=137 -> err="ErrVersion"
  [1302] client=2  call=1773574937829ms return=1773574938070ms  put('k0', '{"Id":2,"V":137}', '137') -> ('ErrMaybe')
       PUT key="k0" value="{\"Id\":2,\"V\":137}" version=137 -> err="ErrMaybe"
  [1303] client=8  call=1773574937870ms return=1773574938100ms  get('k0') -> ('{"Id":1,"V":138}', '139', 'OK')
       GET key="k0" -> value="{\"Id\":1,\"V\":138}" version=139 err="OK"
  [1304] client=7  call=1773574938040ms return=1773574938100ms  get('k0') -> ('{"Id":1,"V":138}', '139', 'OK')
       GET key="k0" -> value="{\"Id\":1,\"V\":138}" version=139 err="OK"
  [1305] client=4  call=1773574938070ms return=1773574938120ms  get('k0') -> ('{"Id":1,"V":138}', '139', 'OK')
       GET key="k0" -> value="{\"Id\":1,\"V\":138}" version=139 err="OK"
  [1306] client=2  call=1773574938070ms return=1773574938130ms  get('k0') -> ('{"Id":1,"V":138}', '139', 'OK')
       GET key="k0" -> value="{\"Id\":1,\"V\":138}" version=139 err="OK"
  [1307] client=0  call=1773574938040ms return=1773574938130ms  get('k0') -> ('{"Id":1,"V":138}', '139', 'OK')
       GET key="k0" -> value="{\"Id\":1,\"V\":138}" version=139 err="OK"
  [1308] client=7  call=1773574938100ms return=1773574938130ms  put('k0', '{"Id":7,"V":139}', '139') -> ('OK')
       PUT key="k0" value="{\"Id\":7,\"V\":139}" version=139 -> err="OK"
  [1309] client=8  call=1773574938100ms return=1773574938130ms  put('k0', '{"Id":8,"V":139}', '139') -> ('ErrVersion')
       PUT key="k0" value="{\"Id\":8,\"V\":139}" version=139 -> err="ErrVersion"
  [1310] client=1  call=1773574938030ms return=1773574938140ms  get('k0') -> ('{"Id":7,"V":139}', '140', 'OK')
       GET key="k0" -> value="{\"Id\":7,\"V\":139}" version=140 err="OK"
  [1311] client=4  call=1773574938120ms return=1773574938171ms  put('k0', '{"Id":4,"V":139}', '139') -> ('ErrVersion')
       PUT key="k0" value="{\"Id\":4,\"V\":139}" version=139 -> err="ErrVersion"
  [1312] client=0  call=1773574938130ms return=1773574938171ms  put('k0', '{"Id":0,"V":139}', '139') -> ('ErrVersion')
       PUT key="k0" value="{\"Id\":0,\"V\":139}" version=139 -> err="ErrVersion"
  [1313] client=2  call=1773574938130ms return=1773574938181ms  put('k0', '{"Id":2,"V":139}', '139') -> ('ErrVersion')
       PUT key="k0" value="{\"Id\":2,\"V\":139}" version=139 -> err="ErrVersion"
  [1314] client=1  call=1773574938140ms return=1773574938191ms  put('k0', '{"Id":1,"V":140}', '140') -> ('OK')
       PUT key="k0" value="{\"Id\":1,\"V\":140}" version=140 -> err="OK"
  [1315] client=7  call=1773574938130ms return=1773574938191ms  get('k0') -> ('{"Id":7,"V":139}', '140', 'OK')
       GET key="k0" -> value="{\"Id\":7,\"V\":139}" version=140 err="OK"
  [1316] client=8  call=1773574938130ms return=1773574938191ms  get('k0') -> ('{"Id":7,"V":139}', '140', 'OK')
       GET key="k0" -> value="{\"Id\":7,\"V\":139}" version=140 err="OK"
  [1317] client=0  call=1773574938171ms return=1773574938231ms  get('k0') -> ('{"Id":1,"V":140}', '141', 'OK')
       GET key="k0" -> value="{\"Id\":1,\"V\":140}" version=141 err="OK"
  [1318] client=4  call=1773574938171ms return=1773574938231ms  get('k0') -> ('{"Id":1,"V":140}', '141', 'OK')
       GET key="k0" -> value="{\"Id\":1,\"V\":140}" version=141 err="OK"
  [1319] client=2  call=1773574938181ms return=1773574938231ms  get('k0') -> ('{"Id":1,"V":140}', '141', 'OK')
       GET key="k0" -> value="{\"Id\":1,\"V\":140}" version=141 err="OK"
  [1320] client=1  call=1773574938191ms return=1773574938241ms  get('k0') -> ('{"Id":1,"V":140}', '141', 'OK')
       GET key="k0" -> value="{\"Id\":1,\"V\":140}" version=141 err="OK"
  [1321] client=6  call=1773574938070ms return=1773574938261ms  get('k0') -> ('{"Id":1,"V":140}', '141', 'OK')
       GET key="k0" -> value="{\"Id\":1,\"V\":140}" version=141 err="OK"
  [1322] client=3  call=1773574938040ms return=1773574938261ms  put('k0', '{"Id":3,"V":139}', '139') -> ('ErrMaybe')
       PUT key="k0" value="{\"Id\":3,\"V\":139}" version=139 -> err="ErrMaybe"
  [1323] client=7  call=1773574938191ms return=1773574938262ms  put('k0', '{"Id":7,"V":140}', '140') -> ('ErrVersion')
       PUT key="k0" value="{\"Id\":7,\"V\":140}" version=140 -> err="ErrVersion"
  [1324] client=4  call=1773574938231ms return=1773574938302ms  put('k0', '{"Id":4,"V":141}', '141') -> ('OK')
       PUT key="k0" value="{\"Id\":4,\"V\":141}" version=141 -> err="OK"
  [1325] client=8  call=1773574938191ms return=1773574938302ms  put('k0', '{"Id":8,"V":140}', '140') -> ('ErrVersion')
       PUT key="k0" value="{\"Id\":8,\"V\":140}" version=140 -> err="ErrVersion"
  [1326] client=2  call=1773574938231ms return=1773574938302ms  put('k0', '{"Id":2,"V":141}', '141') -> ('ErrVersion')
       PUT key="k0" value="{\"Id\":2,\"V\":141}" version=141 -> err="ErrVersion"
  [1327] client=0  call=1773574938231ms return=1773574938302ms  put('k0', '{"Id":0,"V":141}', '141') -> ('ErrVersion')
       PUT key="k0" value="{\"Id\":0,\"V\":141}" version=141 -> err="ErrVersion"
  [1328] client=3  call=1773574938261ms return=1773574938302ms  get('k0') -> ('{"Id":4,"V":141}', '142', 'OK')
       GET key="k0" -> value="{\"Id\":4,\"V\":141}" version=142 err="OK"
  [1329] client=6  call=1773574938262ms return=1773574938312ms  put('k0', '{"Id":6,"V":141}', '141') -> ('ErrVersion')
       PUT key="k0" value="{\"Id\":6,\"V\":141}" version=141 -> err="ErrVersion"
  [1330] client=7  call=1773574938262ms return=1773574938342ms  get('k0') -> ('{"Id":3,"V":142}', '143', 'OK')
       GET key="k0" -> value="{\"Id\":3,\"V\":142}" version=143 err="OK"
  [1331] client=3  call=1773574938302ms return=1773574938342ms  put('k0', '{"Id":3,"V":142}', '142') -> ('OK')
       PUT key="k0" value="{\"Id\":3,\"V\":142}" version=142 -> err="OK"
  [1332] client=4  call=1773574938302ms return=1773574938342ms  get('k0') -> ('{"Id":3,"V":142}', '143', 'OK')
       GET key="k0" -> value="{\"Id\":3,\"V\":142}" version=143 err="OK"
  [1333] client=2  call=1773574938302ms return=1773574938342ms  get('k0') -> ('{"Id":3,"V":142}', '143', 'OK')
       GET key="k0" -> value="{\"Id\":3,\"V\":142}" version=143 err="OK"
  [1334] client=6  call=1773574938312ms return=1773574938342ms  get('k0') -> ('{"Id":3,"V":142}', '143', 'OK')
       GET key="k0" -> value="{\"Id\":3,\"V\":142}" version=143 err="OK"
  [1335] client=8  call=1773574938302ms return=1773574938362ms  get('k0') -> ('{"Id":3,"V":142}', '143', 'OK')
       GET key="k0" -> value="{\"Id\":3,\"V\":142}" version=143 err="OK"
  [1336] client=1  call=1773574938241ms return=1773574938362ms  put('k0', '{"Id":1,"V":141}', '141') -> ('ErrMaybe')
       PUT key="k0" value="{\"Id\":1,\"V\":141}" version=141 -> err="ErrMaybe"
  [1337] client=2  call=1773574938342ms return=1773574938372ms  put('k0', '{"Id":2,"V":143}', '143') -> ('OK')
       PUT key="k0" value="{\"Id\":2,\"V\":143}" version=143 -> err="OK"
  [1338] client=3  call=1773574938342ms return=1773574938372ms  get('k0') -> ('{"Id":2,"V":143}', '144', 'OK')
       GET key="k0" -> value="{\"Id\":2,\"V\":143}" version=144 err="OK"
  [1339] client=7  call=1773574938342ms return=1773574938373ms  put('k0', '{"Id":7,"V":143}', '143') -> ('ErrVersion')
       PUT key="k0" value="{\"Id\":7,\"V\":143}" version=143 -> err="ErrVersion"
  [1340] client=1  call=1773574938362ms return=1773574938392ms  get('k0') -> ('{"Id":2,"V":143}', '144', 'OK')
       GET key="k0" -> value="{\"Id\":2,\"V\":143}" version=144 err="OK"
  [1341] client=8  call=1773574938362ms return=1773574938393ms  put('k0', '{"Id":8,"V":143}', '143') -> ('ErrVersion')
       PUT key="k0" value="{\"Id\":8,\"V\":143}" version=143 -> err="ErrVersion"
  [1342] client=0  call=1773574938302ms return=1773574938393ms  get('k0') -> ('{"Id":2,"V":143}', '144', 'OK')
       GET key="k0" -> value="{\"Id\":2,\"V\":143}" version=144 err="OK"
  [1343] client=4  call=1773574938342ms return=1773574938393ms  put('k0', '{"Id":4,"V":143}', '143') -> ('ErrVersion')
       PUT key="k0" value="{\"Id\":4,\"V\":143}" version=143 -> err="ErrVersion"
  [1344] client=3  call=1773574938373ms return=1773574938403ms  put('k0', '{"Id":3,"V":144}', '144') -> ('OK')
       PUT key="k0" value="{\"Id\":3,\"V\":144}" version=144 -> err="OK"
  [1345] client=2  call=1773574938372ms return=1773574938403ms  get('k0') -> ('{"Id":2,"V":143}', '144', 'OK')
       GET key="k0" -> value="{\"Id\":2,\"V\":143}" version=144 err="OK"
  [1346] client=6  call=1773574938342ms return=1773574938423ms  put('k0', '{"Id":6,"V":143}', '143') -> ('ErrMaybe')
       PUT key="k0" value="{\"Id\":6,\"V\":143}" version=143 -> err="ErrMaybe"
  [1347] client=4  call=1773574938393ms return=1773574938443ms  get('k0') -> ('{"Id":3,"V":144}', '145', 'OK')
       GET key="k0" -> value="{\"Id\":3,\"V\":144}" version=145 err="OK"
  [1348] client=8  call=1773574938393ms return=1773574938463ms  get('k0') -> ('{"Id":3,"V":144}', '145', 'OK')
       GET key="k0" -> value="{\"Id\":3,\"V\":144}" version=145 err="OK"
  [1349] client=6  call=1773574938423ms return=1773574938463ms  get('k0') -> ('{"Id":3,"V":144}', '145', 'OK')
       GET key="k0" -> value="{\"Id\":3,\"V\":144}" version=145 err="OK"
  [1350] client=0  call=1773574938393ms return=1773574938463ms  put('k0', '{"Id":0,"V":144}', '144') -> ('ErrVersion')
       PUT key="k0" value="{\"Id\":0,\"V\":144}" version=144 -> err="ErrVersion"
  [1351] client=3  call=1773574938403ms return=1773574938473ms  get('k0') -> ('{"Id":3,"V":144}', '145', 'OK')
       GET key="k0" -> value="{\"Id\":3,\"V\":144}" version=145 err="OK"
  [1352] client=2  call=1773574938403ms return=1773574938473ms  put('k0', '{"Id":2,"V":144}', '144') -> ('ErrVersion')
       PUT key="k0" value="{\"Id\":2,\"V\":144}" version=144 -> err="ErrVersion"
  [1353] client=1  call=1773574938393ms return=1773574938473ms  put('k0', '{"Id":1,"V":144}', '144') -> ('ErrMaybe')
       PUT key="k0" value="{\"Id\":1,\"V\":144}" version=144 -> err="ErrMaybe"
  [1354] client=8  call=1773574938463ms return=1773574938493ms  put('k0', '{"Id":8,"V":145}', '145') -> ('OK')
       PUT key="k0" value="{\"Id\":8,\"V\":145}" version=145 -> err="OK"
  [1355] client=6  call=1773574938463ms return=1773574938504ms  put('k0', '{"Id":6,"V":145}', '145') -> ('ErrVersion')
       PUT key="k0" value="{\"Id\":6,\"V\":145}" version=145 -> err="ErrVersion"
  [1356] client=3  call=1773574938473ms return=1773574938504ms  put('k0', '{"Id":3,"V":145}', '145') -> ('ErrVersion')
       PUT key="k0" value="{\"Id\":3,\"V\":145}" version=145 -> err="ErrVersion"
  [1357] client=0  call=1773574938463ms return=1773574938524ms  get('k0') -> ('{"Id":8,"V":145}', '146', 'OK')
       GET key="k0" -> value="{\"Id\":8,\"V\":145}" version=146 err="OK"
  [1358] client=2  call=1773574938473ms return=1773574938524ms  get('k0') -> ('{"Id":8,"V":145}', '146', 'OK')
       GET key="k0" -> value="{\"Id\":8,\"V\":145}" version=146 err="OK"
  [1359] client=7  call=1773574938373ms return=1773574938544ms  get('k0') -> ('{"Id":8,"V":145}', '146', 'OK')
       GET key="k0" -> value="{\"Id\":8,\"V\":145}" version=146 err="OK"
  [1360] client=4  call=1773574938443ms return=1773574938564ms  put('k0', '{"Id":4,"V":145}', '145') -> ('ErrMaybe')
       PUT key="k0" value="{\"Id\":4,\"V\":145}" version=145 -> err="ErrMaybe"
  [1361] client=0  call=1773574938524ms return=1773574938574ms  put('k0', '{"Id":0,"V":146}', '146') -> ('OK')
       PUT key="k0" value="{\"Id\":0,\"V\":146}" version=146 -> err="OK"
  [1362] client=3  call=1773574938504ms return=1773574938574ms  get('k0') -> ('{"Id":8,"V":145}', '146', 'OK')
       GET key="k0" -> value="{\"Id\":8,\"V\":145}" version=146 err="OK"
  [1363] client=8  call=1773574938493ms return=1773574938574ms  get('k0') -> ('{"Id":0,"V":146}', '147', 'OK')
       GET key="k0" -> value="{\"Id\":0,\"V\":146}" version=147 err="OK"
  [1364] client=2  call=1773574938524ms return=1773574938574ms  put('k0', '{"Id":2,"V":146}', '146') -> ('ErrVersion')
       PUT key="k0" value="{\"Id\":2,\"V\":146}" version=146 -> err="ErrVersion"
  [1365] client=6  call=1773574938504ms return=1773574938574ms  get('k0') -> ('{"Id":0,"V":146}', '147', 'OK')
       GET key="k0" -> value="{\"Id\":0,\"V\":146}" version=147 err="OK"
  [1366] client=7  call=1773574938544ms return=1773574938594ms  put('k0', '{"Id":7,"V":146}', '146') -> ('ErrVersion')
       PUT key="k0" value="{\"Id\":7,\"V\":146}" version=146 -> err="ErrVersion"
  [1367] client=1  call=1773574938473ms return=1773574938604ms  get('k0') -> ('{"Id":0,"V":146}', '147', 'OK')
       GET key="k0" -> value="{\"Id\":0,\"V\":146}" version=147 err="OK"
  [1368] client=4  call=1773574938564ms return=1773574938624ms  get('k0') -> ('{"Id":0,"V":146}', '147', 'OK')
       GET key="k0" -> value="{\"Id\":0,\"V\":146}" version=147 err="OK"
  [1369] client=3  call=1773574938574ms return=1773574938624ms  put('k0', '{"Id":3,"V":146}', '146') -> ('ErrVersion')
       PUT key="k0" value="{\"Id\":3,\"V\":146}" version=146 -> err="ErrVersion"
  [1370] client=0  call=1773574938574ms return=1773574938624ms  get('k0') -> ('{"Id":0,"V":146}', '147', 'OK')
       GET key="k0" -> value="{\"Id\":0,\"V\":146}" version=147 err="OK"
  [1371] client=6  call=1773574938574ms return=1773574938634ms  put('k0', '{"Id":6,"V":147}', '147') -> ('OK')
       PUT key="k0" value="{\"Id\":6,\"V\":147}" version=147 -> err="OK"
  [1372] client=8  call=1773574938574ms return=1773574938644ms  put('k0', '{"Id":8,"V":147}', '147') -> ('ErrVersion')
       PUT key="k0" value="{\"Id\":8,\"V\":147}" version=147 -> err="ErrVersion"
  [1373] client=2  call=1773574938574ms return=1773574938644ms  get('k0') -> ('{"Id":6,"V":147}', '148', 'OK')
       GET key="k0" -> value="{\"Id\":6,\"V\":147}" version=148 err="OK"
  [1374] client=1  call=1773574938604ms return=1773574938665ms  put('k0', '{"Id":1,"V":147}', '147') -> ('ErrVersion')
       PUT key="k0" value="{\"Id\":1,\"V\":147}" version=147 -> err="ErrVersion"
  [1375] client=4  call=1773574938624ms return=1773574938675ms  put('k0', '{"Id":4,"V":147}', '147') -> ('ErrVersion')
       PUT key="k0" value="{\"Id\":4,\"V\":147}" version=147 -> err="ErrVersion"
  [1376] client=3  call=1773574938624ms return=1773574938675ms  get('k0') -> ('{"Id":6,"V":147}', '148', 'OK')
       GET key="k0" -> value="{\"Id\":6,\"V\":147}" version=148 err="OK"
  [1377] client=6  call=1773574938634ms return=1773574938675ms  get('k0') -> ('{"Id":6,"V":147}', '148', 'OK')
       GET key="k0" -> value="{\"Id\":6,\"V\":147}" version=148 err="OK"
  [1378] client=7  call=1773574938594ms return=1773574938675ms  get('k0') -> ('{"Id":6,"V":147}', '148', 'OK')
       GET key="k0" -> value="{\"Id\":6,\"V\":147}" version=148 err="OK"
  [1379] client=2  call=1773574938645ms return=1773574938705ms  put('k0', '{"Id":2,"V":148}', '148') -> ('OK')
       PUT key="k0" value="{\"Id\":2,\"V\":148}" version=148 -> err="OK"
  [1380] client=8  call=1773574938644ms return=1773574938705ms  get('k0') -> ('{"Id":2,"V":148}', '149', 'OK')
       GET key="k0" -> value="{\"Id\":2,\"V\":148}" version=149 err="OK"
  [1381] client=7  call=1773574938675ms return=1773574938715ms  put('k0', '{"Id":7,"V":148}', '148') -> ('ErrVersion')
       PUT key="k0" value="{\"Id\":7,\"V\":148}" version=148 -> err="ErrVersion"
  [1382] client=3  call=1773574938675ms return=1773574938735ms  put('k0', '{"Id":3,"V":148}', '148') -> ('ErrVersion')
       PUT key="k0" value="{\"Id\":3,\"V\":148}" version=148 -> err="ErrVersion"
  [1383] client=1  call=1773574938665ms return=1773574938735ms  get('k0') -> ('{"Id":2,"V":148}', '149', 'OK')
       GET key="k0" -> value="{\"Id\":2,\"V\":148}" version=149 err="OK"
  [1384] client=6  call=1773574938675ms return=1773574938755ms  put('k0', '{"Id":6,"V":148}', '148') -> ('ErrVersion')
       PUT key="k0" value="{\"Id\":6,\"V\":148}" version=148 -> err="ErrVersion"
  [1385] client=4  call=1773574938675ms return=1773574938755ms  get('k0') -> ('{"Id":2,"V":148}', '149', 'OK')
       GET key="k0" -> value="{\"Id\":2,\"V\":148}" version=149 err="OK"
  [1386] client=2  call=1773574938705ms return=1773574938755ms  get('k0') -> ('{"Id":2,"V":148}', '149', 'OK')
       GET key="k0" -> value="{\"Id\":2,\"V\":148}" version=149 err="OK"
  [1387] client=0  call=1773574938624ms return=1773574938755ms  put('k0', '{"Id":0,"V":147}', '147') -> ('ErrMaybe')
       PUT key="k0" value="{\"Id\":0,\"V\":147}" version=147 -> err="ErrMaybe"
  [1388] client=8  call=1773574938705ms return=1773574938776ms  put('k0', '{"Id":8,"V":149}', '149') -> ('OK')
       PUT key="k0" value="{\"Id\":8,\"V\":149}" version=149 -> err="OK"
  [1389] client=3  call=1773574938735ms return=1773574938776ms  get('k0') -> ('{"Id":8,"V":149}', '150', 'OK')
       GET key="k0" -> value="{\"Id\":8,\"V\":149}" version=150 err="OK"
  [1390] client=1  call=1773574938735ms return=1773574938786ms  put('k0', '{"Id":1,"V":149}', '149') -> ('ErrVersion')
       PUT key="k0" value="{\"Id\":1,\"V\":149}" version=149 -> err="ErrVersion"
  [1391] client=7  call=1773574938715ms return=1773574938786ms  get('k0') -> ('{"Id":8,"V":149}', '150', 'OK')
       GET key="k0" -> value="{\"Id\":8,\"V\":149}" version=150 err="OK"
  [1392] client=6  call=1773574938755ms return=1773574938826ms  get('k0') -> ('{"Id":8,"V":149}', '150', 'OK')
       GET key="k0" -> value="{\"Id\":8,\"V\":149}" version=150 err="OK"
  [1393] client=1  call=1773574938786ms return=1773574938826ms  get('k0') -> ('{"Id":8,"V":149}', '150', 'OK')
       GET key="k0" -> value="{\"Id\":8,\"V\":149}" version=150 err="OK"
  [1394] client=4  call=1773574938755ms return=1773574938826ms  put('k0', '{"Id":4,"V":149}', '149') -> ('ErrVersion')
       PUT key="k0" value="{\"Id\":4,\"V\":149}" version=149 -> err="ErrVersion"
  [1395] client=3  call=1773574938776ms return=1773574938826ms  put('k0', '{"Id":3,"V":150}', '150') -> ('OK')
       PUT key="k0" value="{\"Id\":3,\"V\":150}" version=150 -> err="OK"
  [1396] client=7  call=1773574938786ms return=1773574938846ms  put('k0', '{"Id":7,"V":150}', '150') -> ('ErrVersion')
       PUT key="k0" value="{\"Id\":7,\"V\":150}" version=150 -> err="ErrVersion"
  [1397] client=2  call=1773574938755ms return=1773574938866ms  put('k0', '{"Id":2,"V":149}', '149') -> ('ErrMaybe')
       PUT key="k0" value="{\"Id\":2,\"V\":149}" version=149 -> err="ErrMaybe"
  [1398] client=4  call=1773574938826ms return=1773574938866ms  get('k0') -> ('{"Id":3,"V":150}', '151', 'OK')
       GET key="k0" -> value="{\"Id\":3,\"V\":150}" version=151 err="OK"
  [1399] client=8  call=1773574938776ms return=1773574938866ms  get('k0') -> ('{"Id":3,"V":150}', '151', 'OK')
       GET key="k0" -> value="{\"Id\":3,\"V\":150}" version=151 err="OK"
  [1400] client=1  call=1773574938826ms return=1773574938876ms  put('k0', '{"Id":1,"V":150}', '150') -> ('ErrVersion')
       PUT key="k0" value="{\"Id\":1,\"V\":150}" version=150 -> err="ErrVersion"
  [1401] client=6  call=1773574938826ms return=1773574938896ms  put('k0', '{"Id":6,"V":150}', '150') -> ('ErrVersion')
       PUT key="k0" value="{\"Id\":6,\"V\":150}" version=150 -> err="ErrVersion"
  [1402] client=0  call=1773574938755ms return=1773574938896ms  get('k0') -> ('{"Id":3,"V":150}', '151', 'OK')
       GET key="k0" -> value="{\"Id\":3,\"V\":150}" version=151 err="OK"
  [1403] client=4  call=1773574938866ms return=1773574938929ms  put('k0', '{"Id":4,"V":151}', '151') -> ('OK')
       PUT key="k0" value="{\"Id\":4,\"V\":151}" version=151 -> err="OK"
  [1404] client=8  call=1773574938866ms return=1773574938929ms  put('k0', '{"Id":8,"V":151}', '151') -> ('ErrVersion')
       PUT key="k0" value="{\"Id\":8,\"V\":151}" version=151 -> err="ErrVersion"
  [1405] client=1  call=1773574938876ms return=1773574938929ms  get('k0') -> ('{"Id":4,"V":151}', '152', 'OK')
       GET key="k0" -> value="{\"Id\":4,\"V\":151}" version=152 err="OK"
  [1406] client=0  call=1773574938896ms return=1773574938929ms  put('k0', '{"Id":0,"V":151}', '151') -> ('ErrVersion')
       PUT key="k0" value="{\"Id\":0,\"V\":151}" version=151 -> err="ErrVersion"
  [1407] client=6  call=1773574938896ms return=1773574938949ms  get('k0') -> ('{"Id":4,"V":151}', '152', 'OK')
       GET key="k0" -> value="{\"Id\":4,\"V\":151}" version=152 err="OK"
  [1408] client=4  call=1773574938929ms return=1773574938969ms  get('k0') -> ('{"Id":4,"V":151}', '152', 'OK')
       GET key="k0" -> value="{\"Id\":4,\"V\":151}" version=152 err="OK"
  [1409] client=2  call=1773574938866ms return=1773574938969ms  get('k0') -> ('{"Id":4,"V":151}', '152', 'OK')
       GET key="k0" -> value="{\"Id\":4,\"V\":151}" version=152 err="OK"
  [1410] client=6  call=1773574938949ms return=1773574938999ms  put('k0', '{"Id":6,"V":152}', '152') -> ('OK')
       PUT key="k0" value="{\"Id\":6,\"V\":152}" version=152 -> err="OK"
  [1411] client=7  call=1773574938846ms return=1773574938999ms  get('k0') -> ('{"Id":6,"V":152}', '153', 'OK')
       GET key="k0" -> value="{\"Id\":6,\"V\":152}" version=153 err="OK"
  [1412] client=4  call=1773574938969ms return=1773574939009ms  put('k0', '{"Id":4,"V":152}', '152') -> ('ErrVersion')
       PUT key="k0" value="{\"Id\":4,\"V\":152}" version=152 -> err="ErrVersion"
  [1413] client=2  call=1773574938969ms return=1773574939020ms  put('k0', '{"Id":2,"V":152}', '152') -> ('ErrVersion')
       PUT key="k0" value="{\"Id\":2,\"V\":152}" version=152 -> err="ErrVersion"
  [1414] client=3  call=1773574938826ms return=1773574939020ms  get('k0') -> ('{"Id":6,"V":152}', '153', 'OK')
       GET key="k0" -> value="{\"Id\":6,\"V\":152}" version=153 err="OK"
  [1415] client=1  call=1773574938929ms return=1773574939030ms  put('k0', '{"Id":1,"V":152}', '152') -> ('ErrMaybe')
       PUT key="k0" value="{\"Id\":1,\"V\":152}" version=152 -> err="ErrMaybe"
  [1416] client=8  call=1773574938929ms return=1773574939050ms  get('k0') -> ('{"Id":6,"V":152}', '153', 'OK')
       GET key="k0" -> value="{\"Id\":6,\"V\":152}" version=153 err="OK"
  [1417] client=4  call=1773574939009ms return=1773574939050ms  get('k0') -> ('{"Id":6,"V":152}', '153', 'OK')
       GET key="k0" -> value="{\"Id\":6,\"V\":152}" version=153 err="OK"
  [1418] client=6  call=1773574938999ms return=1773574939050ms  get('k0') -> ('{"Id":6,"V":152}', '153', 'OK')
       GET key="k0" -> value="{\"Id\":6,\"V\":152}" version=153 err="OK"
  [1419] client=7  call=1773574938999ms return=1773574939050ms  put('k0', '{"Id":7,"V":153}', '153') -> ('OK')
       PUT key="k0" value="{\"Id\":7,\"V\":153}" version=153 -> err="OK"
  [1420] client=2  call=1773574939020ms return=1773574939060ms  get('k0') -> ('{"Id":7,"V":153}', '154', 'OK')
       GET key="k0" -> value="{\"Id\":7,\"V\":153}" version=154 err="OK"
  [1421] client=8  call=1773574939050ms return=1773574939080ms  put('k0', '{"Id":8,"V":153}', '153') -> ('ErrVersion')
       PUT key="k0" value="{\"Id\":8,\"V\":153}" version=153 -> err="ErrVersion"
  [1422] client=6  call=1773574939050ms return=1773574939100ms  put('k0', '{"Id":6,"V":153}', '153') -> ('ErrVersion')
       PUT key="k0" value="{\"Id\":6,\"V\":153}" version=153 -> err="ErrVersion"
  [1423] client=4  call=1773574939050ms return=1773574939100ms  put('k0', '{"Id":4,"V":153}', '153') -> ('ErrVersion')
       PUT key="k0" value="{\"Id\":4,\"V\":153}" version=153 -> err="ErrVersion"
  [1424] client=2  call=1773574939060ms return=1773574939100ms  put('k0', '{"Id":2,"V":154}', '154') -> ('OK')
       PUT key="k0" value="{\"Id\":2,\"V\":154}" version=154 -> err="OK"
  [1425] client=7  call=1773574939050ms return=1773574939120ms  get('k0') -> ('{"Id":2,"V":154}', '155', 'OK')
       GET key="k0" -> value="{\"Id\":2,\"V\":154}" version=155 err="OK"
  [1426] client=2  call=1773574939100ms return=1773574939131ms  get('k0') -> ('{"Id":2,"V":154}', '155', 'OK')
       GET key="k0" -> value="{\"Id\":2,\"V\":154}" version=155 err="OK"
  [1427] client=0  call=1773574938929ms return=1773574939131ms  get('k0') -> ('{"Id":2,"V":154}', '155', 'OK')
       GET key="k0" -> value="{\"Id\":2,\"V\":154}" version=155 err="OK"
  [1428] client=3  call=1773574939020ms return=1773574939141ms  put('k0', '{"Id":3,"V":153}', '153') -> ('ErrMaybe')
       PUT key="k0" value="{\"Id\":3,\"V\":153}" version=153 -> err="ErrMaybe"
  [1429] client=6  call=1773574939100ms return=1773574939171ms  get('k0') -> ('{"Id":2,"V":154}', '155', 'OK')
       GET key="k0" -> value="{\"Id\":2,\"V\":154}" version=155 err="OK"
  [1430] client=4  call=1773574939100ms return=1773574939171ms  get('k0') -> ('{"Id":2,"V":155}', '156', 'OK')
       GET key="k0" -> value="{\"Id\":2,\"V\":155}" version=156 err="OK"
  [1431] client=1  call=1773574939030ms return=1773574939171ms  get('k0') -> ('{"Id":2,"V":155}', '156', 'OK')
       GET key="k0" -> value="{\"Id\":2,\"V\":155}" version=156 err="OK"
  [1432] client=7  call=1773574939120ms return=1773574939171ms  put('k0', '{"Id":7,"V":155}', '155') -> ('ErrVersion')
       PUT key="k0" value="{\"Id\":7,\"V\":155}" version=155 -> err="ErrVersion"
  [1433] client=8  call=1773574939080ms return=1773574939191ms  get('k0') -> ('{"Id":2,"V":155}', '156', 'OK')
       GET key="k0" -> value="{\"Id\":2,\"V\":155}" version=156 err="OK"
  [1434] client=0  call=1773574939131ms return=1773574939191ms  put('k0', '{"Id":0,"V":155}', '155') -> ('ErrVersion')
       PUT key="k0" value="{\"Id\":0,\"V\":155}" version=155 -> err="ErrVersion"
  [1435] client=3  call=1773574939141ms return=1773574939211ms  get('k0') -> ('{"Id":2,"V":155}', '156', 'OK')
       GET key="k0" -> value="{\"Id\":2,\"V\":155}" version=156 err="OK"
  [1436] client=7  call=1773574939171ms return=1773574939211ms  get('k0') -> ('{"Id":2,"V":155}', '156', 'OK')
       GET key="k0" -> value="{\"Id\":2,\"V\":155}" version=156 err="OK"
  [1437] client=1  call=1773574939171ms return=1773574939211ms  put('k0', '{"Id":1,"V":156}', '156') -> ('OK')
       PUT key="k0" value="{\"Id\":1,\"V\":156}" version=156 -> err="OK"
  [1438] client=4  call=1773574939171ms return=1773574939231ms  put('k0', '{"Id":4,"V":156}', '156') -> ('ErrVersion')
       PUT key="k0" value="{\"Id\":4,\"V\":156}" version=156 -> err="ErrVersion"
  [1439] client=1  call=1773574939211ms return=1773574939241ms  get('k0') -> ('{"Id":1,"V":156}', '157', 'OK')
       GET key="k0" -> value="{\"Id\":1,\"V\":156}" version=157 err="OK"
  [1440] client=2  call=1773574939131ms return=1773574939241ms  put('k0', '{"Id":2,"V":155}', '155') -> ('ErrMaybe')
       PUT key="k0" value="{\"Id\":2,\"V\":155}" version=155 -> err="ErrMaybe"
  [1441] client=8  call=1773574939191ms return=1773574939241ms  put('k0', '{"Id":8,"V":156}', '156') -> ('ErrVersion')
       PUT key="k0" value="{\"Id\":8,\"V\":156}" version=156 -> err="ErrVersion"
  [1442] client=3  call=1773574939211ms return=1773574939251ms  put('k0', '{"Id":3,"V":156}', '156') -> ('ErrVersion')
       PUT key="k0" value="{\"Id\":3,\"V\":156}" version=156 -> err="ErrVersion"
  [1443] client=7  call=1773574939211ms return=1773574939251ms  put('k0', '{"Id":7,"V":156}', '156') -> ('ErrVersion')
       PUT key="k0" value="{\"Id\":7,\"V\":156}" version=156 -> err="ErrVersion"
  [1444] client=0  call=1773574939191ms return=1773574939251ms  get('k0') -> ('{"Id":1,"V":156}', '157', 'OK')
       GET key="k0" -> value="{\"Id\":1,\"V\":156}" version=157 err="OK"
  [1445] client=4  call=1773574939231ms return=1773574939251ms  get('k0') -> ('{"Id":1,"V":156}', '157', 'OK')
       GET key="k0" -> value="{\"Id\":1,\"V\":156}" version=157 err="OK"
  [1446] client=3  call=1773574939251ms return=1773574939281ms  get('k0') -> ('{"Id":1,"V":156}', '157', 'OK')
       GET key="k0" -> value="{\"Id\":1,\"V\":156}" version=157 err="OK"
  [1447] client=6  call=1773574939171ms return=1773574939281ms  put('k0', '{"Id":6,"V":155}', '155') -> ('ErrMaybe')
       PUT key="k0" value="{\"Id\":6,\"V\":155}" version=155 -> err="ErrMaybe"
  [1448] client=2  call=1773574939241ms return=1773574939301ms  get('k0') -> ('{"Id":1,"V":156}', '157', 'OK')
       GET key="k0" -> value="{\"Id\":1,\"V\":156}" version=157 err="OK"
  [1449] client=7  call=1773574939251ms return=1773574939301ms  get('k0') -> ('{"Id":4,"V":157}', '158', 'OK')
       GET key="k0" -> value="{\"Id\":4,\"V\":157}" version=158 err="OK"
  [1450] client=0  call=1773574939251ms return=1773574939312ms  put('k0', '{"Id":0,"V":157}', '157') -> ('ErrVersion')
       PUT key="k0" value="{\"Id\":0,\"V\":157}" version=157 -> err="ErrVersion"
  [1451] client=1  call=1773574939241ms return=1773574939312ms  put('k0', '{"Id":1,"V":157}', '157') -> ('ErrVersion')
       PUT key="k0" value="{\"Id\":1,\"V\":157}" version=157 -> err="ErrVersion"
  [1452] client=6  call=1773574939281ms return=1773574939332ms  get('k0') -> ('{"Id":4,"V":157}', '158', 'OK')
       GET key="k0" -> value="{\"Id\":4,\"V\":157}" version=158 err="OK"
  [1453] client=8  call=1773574939241ms return=1773574939342ms  get('k0') -> ('{"Id":4,"V":157}', '158', 'OK')
       GET key="k0" -> value="{\"Id\":4,\"V\":157}" version=158 err="OK"
  [1454] client=3  call=1773574939281ms return=1773574939342ms  put('k0', '{"Id":3,"V":157}', '157') -> ('ErrVersion')
       PUT key="k0" value="{\"Id\":3,\"V\":157}" version=157 -> err="ErrVersion"
  [1455] client=2  call=1773574939301ms return=1773574939382ms  put('k0', '{"Id":2,"V":157}', '157') -> ('ErrVersion')
       PUT key="k0" value="{\"Id\":2,\"V\":157}" version=157 -> err="ErrVersion"
  [1456] client=6  call=1773574939332ms return=1773574939382ms  put('k0', '{"Id":6,"V":158}', '158') -> ('ErrVersion')
       PUT key="k0" value="{\"Id\":6,\"V\":158}" version=158 -> err="ErrVersion"
  [1457] client=3  call=1773574939342ms return=1773574939382ms  get('k0') -> ('{"Id":7,"V":158}', '159', 'OK')
       GET key="k0" -> value="{\"Id\":7,\"V\":158}" version=159 err="OK"
  [1458] client=8  call=1773574939342ms return=1773574939382ms  put('k0', '{"Id":8,"V":158}', '158') -> ('ErrVersion')
       PUT key="k0" value="{\"Id\":8,\"V\":158}" version=158 -> err="ErrVersion"
  [1459] client=4  call=1773574939251ms return=1773574939382ms  put('k0', '{"Id":4,"V":157}', '157') -> ('ErrMaybe')
       PUT key="k0" value="{\"Id\":4,\"V\":157}" version=157 -> err="ErrMaybe"
  [1460] client=1  call=1773574939312ms return=1773574939382ms  get('k0') -> ('{"Id":7,"V":158}', '159', 'OK')
       GET key="k0" -> value="{\"Id\":7,\"V\":158}" version=159 err="OK"
  [1461] client=4  call=1773574939382ms return=1773574939442ms  get('k0') -> ('{"Id":7,"V":158}', '159', 'OK')
       GET key="k0" -> value="{\"Id\":7,\"V\":158}" version=159 err="OK"
  [1462] client=2  call=1773574939382ms return=1773574939442ms  get('k0') -> ('{"Id":7,"V":158}', '159', 'OK')
       GET key="k0" -> value="{\"Id\":7,\"V\":158}" version=159 err="OK"
  [1463] client=1  call=1773574939382ms return=1773574939442ms  put('k0', '{"Id":1,"V":159}', '159') -> ('OK')
       PUT key="k0" value="{\"Id\":1,\"V\":159}" version=159 -> err="OK"
  [1464] client=7  call=1773574939301ms return=1773574939442ms  put('k0', '{"Id":7,"V":158}', '158') -> ('ErrMaybe')
       PUT key="k0" value="{\"Id\":7,\"V\":158}" version=158 -> err="ErrMaybe"
  [1465] client=8  call=1773574939382ms return=1773574939463ms  get('k0') -> ('{"Id":1,"V":159}', '160', 'OK')
       GET key="k0" -> value="{\"Id\":1,\"V\":159}" version=160 err="OK"
  [1466] client=3  call=1773574939382ms return=1773574939463ms  put('k0', '{"Id":3,"V":159}', '159') -> ('ErrMaybe')
       PUT key="k0" value="{\"Id\":3,\"V\":159}" version=159 -> err="ErrMaybe"
  [1467] client=1  call=1773574939442ms return=1773574939473ms  get('k0') -> ('{"Id":1,"V":159}', '160', 'OK')
       GET key="k0" -> value="{\"Id\":1,\"V\":159}" version=160 err="OK"
  [1468] client=6  call=1773574939382ms return=1773574939493ms  get('k0') -> ('{"Id":1,"V":159}', '160', 'OK')
       GET key="k0" -> value="{\"Id\":1,\"V\":159}" version=160 err="OK"
  [1469] client=2  call=1773574939442ms return=1773574939513ms  put('k0', '{"Id":2,"V":159}', '159') -> ('ErrVersion')
       PUT key="k0" value="{\"Id\":2,\"V\":159}" version=159 -> err="ErrVersion"
  [1470] client=3  call=1773574939463ms return=1773574939513ms  get('k0') -> ('{"Id":8,"V":160}', '161', 'OK')
       GET key="k0" -> value="{\"Id\":8,\"V\":160}" version=161 err="OK"
  [1471] client=7  call=1773574939442ms return=1773574939513ms  get('k0') -> ('{"Id":8,"V":160}', '161', 'OK')
       GET key="k0" -> value="{\"Id\":8,\"V\":160}" version=161 err="OK"
  [1472] client=8  call=1773574939463ms return=1773574939513ms  put('k0', '{"Id":8,"V":160}', '160') -> ('OK')
       PUT key="k0" value="{\"Id\":8,\"V\":160}" version=160 -> err="OK"
  [1473] client=0  call=1773574939312ms return=1773574939533ms  get('k0') -> ('{"Id":8,"V":160}', '161', 'OK')
       GET key="k0" -> value="{\"Id\":8,\"V\":160}" version=161 err="OK"
  [1474] client=1  call=1773574939473ms return=1773574939533ms  put('k0', '{"Id":1,"V":160}', '160') -> ('ErrVersion')
       PUT key="k0" value="{\"Id\":1,\"V\":160}" version=160 -> err="ErrVersion"
  [1475] client=6  call=1773574939493ms return=1773574939533ms  put('k0', '{"Id":6,"V":160}', '160') -> ('ErrVersion')
       PUT key="k0" value="{\"Id\":6,\"V\":160}" version=160 -> err="ErrVersion"
  [1476] client=3  call=1773574939513ms return=1773574939553ms  put('k0', '{"Id":3,"V":161}', '161') -> ('OK')
       PUT key="k0" value="{\"Id\":3,\"V\":161}" version=161 -> err="OK"
  [1477] client=1  call=1773574939533ms return=1773574939573ms  get('k0') -> ('{"Id":3,"V":161}', '162', 'OK')
       GET key="k0" -> value="{\"Id\":3,\"V\":161}" version=162 err="OK"
  [1478] client=7  call=1773574939513ms return=1773574939573ms  put('k0', '{"Id":7,"V":161}', '161') -> ('ErrVersion')
       PUT key="k0" value="{\"Id\":7,\"V\":161}" version=161 -> err="ErrVersion"
  [1479] client=6  call=1773574939533ms return=1773574939613ms  get('k0') -> ('{"Id":3,"V":161}', '162', 'OK')
       GET key="k0" -> value="{\"Id\":3,\"V\":161}" version=162 err="OK"
  [1480] client=0  call=1773574939533ms return=1773574939613ms  put('k0', '{"Id":0,"V":161}', '161') -> ('ErrVersion')
       PUT key="k0" value="{\"Id\":0,\"V\":161}" version=161 -> err="ErrVersion"
  [1481] client=1  call=1773574939573ms return=1773574939613ms  put('k0', '{"Id":1,"V":162}', '162') -> ('OK')
       PUT key="k0" value="{\"Id\":1,\"V\":162}" version=162 -> err="OK"
  [1482] client=4  call=1773574939442ms return=1773574939613ms  put('k0', '{"Id":4,"V":159}', '159') -> ('ErrMaybe')
       PUT key="k0" value="{\"Id\":4,\"V\":159}" version=159 -> err="ErrMaybe"
  [1483] client=7  call=1773574939573ms return=1773574939613ms  get('k0') -> ('{"Id":3,"V":161}', '162', 'OK')
       GET key="k0" -> value="{\"Id\":3,\"V\":161}" version=162 err="OK"
  [1484] client=8  call=1773574939513ms return=1773574939644ms  get('k0') -> ('{"Id":1,"V":162}', '163', 'OK')
       GET key="k0" -> value="{\"Id\":1,\"V\":162}" version=163 err="OK"
  [1485] client=3  call=1773574939553ms return=1773574939644ms  get('k0') -> ('{"Id":1,"V":162}', '163', 'OK')
       GET key="k0" -> value="{\"Id\":1,\"V\":162}" version=163 err="OK"
  [1486] client=1  call=1773574939613ms return=1773574939654ms  get('k0') -> ('{"Id":1,"V":162}', '163', 'OK')
       GET key="k0" -> value="{\"Id\":1,\"V\":162}" version=163 err="OK"
  [1487] client=6  call=1773574939613ms return=1773574939654ms  put('k0', '{"Id":6,"V":162}', '162') -> ('ErrVersion')
       PUT key="k0" value="{\"Id\":6,\"V\":162}" version=162 -> err="ErrVersion"
  [1488] client=2  call=1773574939513ms return=1773574939654ms  get('k0') -> ('{"Id":1,"V":162}', '163', 'OK')
       GET key="k0" -> value="{\"Id\":1,\"V\":162}" version=163 err="OK"
  [1489] client=7  call=1773574939613ms return=1773574939654ms  put('k0', '{"Id":7,"V":162}', '162') -> ('ErrVersion')
       PUT key="k0" value="{\"Id\":7,\"V\":162}" version=162 -> err="ErrVersion"
  [1490] client=4  call=1773574939613ms return=1773574939664ms  get('k0') -> ('{"Id":1,"V":162}', '163', 'OK')
       GET key="k0" -> value="{\"Id\":1,\"V\":162}" version=163 err="OK"
  [1491] client=0  call=1773574939613ms return=1773574939684ms  get('k0') -> ('{"Id":1,"V":162}', '163', 'OK')
       GET key="k0" -> value="{\"Id\":1,\"V\":162}" version=163 err="OK"
  [1492] client=4  call=1773574939664ms return=1773574939684ms  put('k0', '{"Id":4,"V":163}', '163') -> ('ErrVersion')
       PUT key="k0" value="{\"Id\":4,\"V\":163}" version=163 -> err="ErrVersion"
  [1493] client=3  call=1773574939644ms return=1773574939684ms  put('k0', '{"Id":3,"V":163}', '163') -> ('ErrVersion')
       PUT key="k0" value="{\"Id\":3,\"V\":163}" version=163 -> err="ErrVersion"
  [1494] client=7  call=1773574939654ms return=1773574939704ms  get('k0') -> ('{"Id":1,"V":163}', '164', 'OK')
       GET key="k0" -> value="{\"Id\":1,\"V\":163}" version=164 err="OK"
  [1495] client=6  call=1773574939654ms return=1773574939704ms  get('k0') -> ('{"Id":1,"V":163}', '164', 'OK')
       GET key="k0" -> value="{\"Id\":1,\"V\":163}" version=164 err="OK"
  [1496] client=0  call=1773574939684ms return=1773574939704ms  put('k0', '{"Id":0,"V":163}', '163') -> ('ErrVersion')
       PUT key="k0" value="{\"Id\":0,\"V\":163}" version=163 -> err="ErrVersion"
  [1497] client=4  call=1773574939684ms return=1773574939744ms  get('k0') -> ('{"Id":1,"V":163}', '164', 'OK')
       GET key="k0" -> value="{\"Id\":1,\"V\":163}" version=164 err="OK"
  [1498] client=3  call=1773574939684ms return=1773574939744ms  get('k0') -> ('{"Id":1,"V":163}', '164', 'OK')
       GET key="k0" -> value="{\"Id\":1,\"V\":163}" version=164 err="OK"
  [1499] client=8  call=1773574939644ms return=1773574939744ms  put('k0', '{"Id":8,"V":163}', '163') -> ('ErrVersion')
       PUT key="k0" value="{\"Id\":8,\"V\":163}" version=163 -> err="ErrVersion"
  [1500] client=0  call=1773574939704ms return=1773574939744ms  get('k0') -> ('{"Id":1,"V":163}', '164', 'OK')
       GET key="k0" -> value="{\"Id\":1,\"V\":163}" version=164 err="OK"
  [1501] client=6  call=1773574939704ms return=1773574939764ms  put('k0', '{"Id":6,"V":164}', '164') -> ('OK')
       PUT key="k0" value="{\"Id\":6,\"V\":164}" version=164 -> err="OK"
  [1502] client=2  call=1773574939654ms return=1773574939764ms  put('k0', '{"Id":2,"V":163}', '163') -> ('ErrMaybe')
       PUT key="k0" value="{\"Id\":2,\"V\":163}" version=163 -> err="ErrMaybe"
  [1503] client=1  call=1773574939654ms return=1773574939764ms  put('k0', '{"Id":1,"V":163}', '163') -> ('ErrMaybe')
       PUT key="k0" value="{\"Id\":1,\"V\":163}" version=163 -> err="ErrMaybe"
  [1504] client=7  call=1773574939704ms return=1773574939764ms  put('k0', '{"Id":7,"V":164}', '164') -> ('ErrVersion')
       PUT key="k0" value="{\"Id\":7,\"V\":164}" version=164 -> err="ErrVersion"
  [1505] client=8  call=1773574939744ms return=1773574939805ms  get('k0') -> ('{"Id":6,"V":164}', '165', 'OK')
       GET key="k0" -> value="{\"Id\":6,\"V\":164}" version=165 err="OK"
  [1506] client=4  call=1773574939744ms return=1773574939805ms  put('k0', '{"Id":4,"V":164}', '164') -> ('ErrVersion')
       PUT key="k0" value="{\"Id\":4,\"V\":164}" version=164 -> err="ErrVersion"
  [1507] client=3  call=1773574939744ms return=1773574939805ms  put('k0', '{"Id":3,"V":164}', '164') -> ('ErrVersion')
       PUT key="k0" value="{\"Id\":3,\"V\":164}" version=164 -> err="ErrVersion"
  [1508] client=6  call=1773574939764ms return=1773574939815ms  get('k0') -> ('{"Id":6,"V":164}', '165', 'OK')
       GET key="k0" -> value="{\"Id\":6,\"V\":164}" version=165 err="OK"
  [1509] client=7  call=1773574939764ms return=1773574939835ms  get('k0') -> ('{"Id":6,"V":164}', '165', 'OK')
       GET key="k0" -> value="{\"Id\":6,\"V\":164}" version=165 err="OK"
  [1510] client=2  call=1773574939764ms return=1773574939835ms  get('k0') -> ('{"Id":6,"V":164}', '165', 'OK')
       GET key="k0" -> value="{\"Id\":6,\"V\":164}" version=165 err="OK"
  [1511] client=1  call=1773574939764ms return=1773574939835ms  get('k0') -> ('{"Id":6,"V":164}', '165', 'OK')
       GET key="k0" -> value="{\"Id\":6,\"V\":164}" version=165 err="OK"
  [1512] client=8  call=1773574939805ms return=1773574939835ms  put('k0', '{"Id":8,"V":165}', '165') -> ('OK')
       PUT key="k0" value="{\"Id\":8,\"V\":165}" version=165 -> err="OK"
  [1513] client=4  call=1773574939805ms return=1773574939835ms  get('k0') -> ('{"Id":6,"V":164}', '165', 'OK')
       GET key="k0" -> value="{\"Id\":6,\"V\":164}" version=165 err="OK"
  [1514] client=6  call=1773574939815ms return=1773574939865ms  put('k0', '{"Id":6,"V":165}', '165') -> ('ErrVersion')
       PUT key="k0" value="{\"Id\":6,\"V\":165}" version=165 -> err="ErrVersion"
  [1515] client=8  call=1773574939835ms return=1773574939865ms  get('k0') -> ('{"Id":8,"V":165}', '166', 'OK')
       GET key="k0" -> value="{\"Id\":8,\"V\":165}" version=166 err="OK"
  [1516] client=1  call=1773574939835ms return=1773574939865ms  put('k0', '{"Id":1,"V":165}', '165') -> ('ErrVersion')
       PUT key="k0" value="{\"Id\":1,\"V\":165}" version=165 -> err="ErrVersion"
  [1517] client=2  call=1773574939835ms return=1773574939865ms  put('k0', '{"Id":2,"V":165}', '165') -> ('ErrVersion')
       PUT key="k0" value="{\"Id\":2,\"V\":165}" version=165 -> err="ErrVersion"
  [1518] client=4  call=1773574939835ms return=1773574939905ms  put('k0', '{"Id":4,"V":165}', '165') -> ('ErrVersion')
       PUT key="k0" value="{\"Id\":4,\"V\":165}" version=165 -> err="ErrVersion"
  [1519] client=8  call=1773574939865ms return=1773574939915ms  put('k0', '{"Id":8,"V":166}', '166') -> ('OK')
       PUT key="k0" value="{\"Id\":8,\"V\":166}" version=166 -> err="OK"
  [1520] client=1  call=1773574939865ms return=1773574939915ms  get('k0') -> ('{"Id":8,"V":166}', '167', 'OK')
       GET key="k0" -> value="{\"Id\":8,\"V\":166}" version=167 err="OK"
  [1521] client=6  call=1773574939865ms return=1773574939915ms  get('k0') -> ('{"Id":8,"V":166}', '167', 'OK')
       GET key="k0" -> value="{\"Id\":8,\"V\":166}" version=167 err="OK"
  [1522] client=0  call=1773574939744ms return=1773574939916ms  put('k0', '{"Id":0,"V":164}', '164') -> ('ErrMaybe')
       PUT key="k0" value="{\"Id\":0,\"V\":164}" version=164 -> err="ErrMaybe"
  [1523] client=3  call=1773574939805ms return=1773574939916ms  get('k0') -> ('{"Id":8,"V":166}', '167', 'OK')
       GET key="k0" -> value="{\"Id\":8,\"V\":166}" version=167 err="OK"
  [1524] client=3  call=1773574939916ms return=1773574939946ms  put('k0', '{"Id":3,"V":167}', '167') -> ('OK')
       PUT key="k0" value="{\"Id\":3,\"V\":167}" version=167 -> err="OK"
  [1525] client=4  call=1773574939905ms return=1773574939956ms  get('k0') -> ('{"Id":3,"V":167}', '168', 'OK')
       GET key="k0" -> value="{\"Id\":3,\"V\":167}" version=168 err="OK"
  [1526] client=8  call=1773574939915ms return=1773574939976ms  get('k0') -> ('{"Id":3,"V":167}', '168', 'OK')
       GET key="k0" -> value="{\"Id\":3,\"V\":167}" version=168 err="OK"
  [1527] client=2  call=1773574939865ms return=1773574939986ms  get('k0') -> ('{"Id":3,"V":167}', '168', 'OK')
       GET key="k0" -> value="{\"Id\":3,\"V\":167}" version=168 err="OK"
  [1528] client=0  call=1773574939916ms return=1773574939986ms  get('k0') -> ('{"Id":3,"V":167}', '168', 'OK')
       GET key="k0" -> value="{\"Id\":3,\"V\":167}" version=168 err="OK"
  [1529] client=6  call=1773574939915ms return=1773574940016ms  put('k0', '{"Id":6,"V":167}', '167') -> ('ErrMaybe')
       PUT key="k0" value="{\"Id\":6,\"V\":167}" version=167 -> err="ErrMaybe"
  [1530] client=7  call=1773574939835ms return=1773574940016ms  put('k0', '{"Id":7,"V":165}', '165') -> ('ErrMaybe')
       PUT key="k0" value="{\"Id\":7,\"V\":165}" version=165 -> err="ErrMaybe"
  [1531] client=8  call=1773574939976ms return=1773574940026ms  put('k0', '{"Id":8,"V":168}', '168') -> ('ErrVersion')
       PUT key="k0" value="{\"Id\":8,\"V\":168}" version=168 -> err="ErrVersion"
  [1532] client=0  call=1773574939986ms return=1773574940026ms  put('k0', '{"Id":0,"V":168}', '168') -> ('ErrVersion')
       PUT key="k0" value="{\"Id\":0,\"V\":168}" version=168 -> err="ErrVersion"
  [1533] client=3  call=1773574939946ms return=1773574940036ms  get('k0') -> ('{"Id":4,"V":168}', '169', 'OK')
       GET key="k0" -> value="{\"Id\":4,\"V\":168}" version=169 err="OK"
  [1534] client=1  call=1773574939915ms return=1773574940046ms  put('k0', '{"Id":1,"V":167}', '167') -> ('ErrMaybe')
       PUT key="k0" value="{\"Id\":1,\"V\":167}" version=167 -> err="ErrMaybe"
  [1535] client=6  call=1773574940016ms return=1773574940066ms  get('k0') -> ('{"Id":4,"V":168}', '169', 'OK')
       GET key="k0" -> value="{\"Id\":4,\"V\":168}" version=169 err="OK"
  [1536] client=8  call=1773574940026ms return=1773574940066ms  get('k0') -> ('{"Id":4,"V":168}', '169', 'OK')
       GET key="k0" -> value="{\"Id\":4,\"V\":168}" version=169 err="OK"
  [1537] client=7  call=1773574940016ms return=1773574940086ms  get('k0') -> ('{"Id":4,"V":168}', '169', 'OK')
       GET key="k0" -> value="{\"Id\":4,\"V\":168}" version=169 err="OK"
  [1538] client=0  call=1773574940026ms return=1773574940106ms  get('k0') -> ('{"Id":3,"V":169}', '170', 'OK')
       GET key="k0" -> value="{\"Id\":3,\"V\":169}" version=170 err="OK"
  [1539] client=3  call=1773574940036ms return=1773574940106ms  put('k0', '{"Id":3,"V":169}', '169') -> ('OK')
       PUT key="k0" value="{\"Id\":3,\"V\":169}" version=169 -> err="OK"
  [1540] client=4  call=1773574939956ms return=1773574940106ms  put('k0', '{"Id":4,"V":168}', '168') -> ('ErrMaybe')
       PUT key="k0" value="{\"Id\":4,\"V\":168}" version=168 -> err="ErrMaybe"
  [1541] client=1  call=1773574940046ms return=1773574940116ms  get('k0') -> ('{"Id":3,"V":169}', '170', 'OK')
       GET key="k0" -> value="{\"Id\":3,\"V\":169}" version=170 err="OK"
  [1542] client=6  call=1773574940066ms return=1773574940116ms  put('k0', '{"Id":6,"V":169}', '169') -> ('ErrVersion')
       PUT key="k0" value="{\"Id\":6,\"V\":169}" version=169 -> err="ErrVersion"
  [1543] client=8  call=1773574940066ms return=1773574940137ms  put('k0', '{"Id":8,"V":169}', '169') -> ('ErrVersion')
       PUT key="k0" value="{\"Id\":8,\"V\":169}" version=169 -> err="ErrVersion"
  [1544] client=3  call=1773574940106ms return=1773574940147ms  get('k0') -> ('{"Id":3,"V":169}', '170', 'OK')
       GET key="k0" -> value="{\"Id\":3,\"V\":169}" version=170 err="OK"
  [1545] client=7  call=1773574940086ms return=1773574940147ms  put('k0', '{"Id":7,"V":169}', '169') -> ('ErrVersion')
       PUT key="k0" value="{\"Id\":7,\"V\":169}" version=169 -> err="ErrVersion"
  [1546] client=2  call=1773574939986ms return=1773574940167ms  put('k0', '{"Id":2,"V":168}', '168') -> ('ErrMaybe')
       PUT key="k0" value="{\"Id\":2,\"V\":168}" version=168 -> err="ErrMaybe"
  [1547] client=8  call=1773574940137ms return=1773574940167ms  get('k0') -> ('{"Id":3,"V":169}', '170', 'OK')
       GET key="k0" -> value="{\"Id\":3,\"V\":169}" version=170 err="OK"
  [1548] client=1  call=1773574940116ms return=1773574940177ms  put('k0', '{"Id":1,"V":170}', '170') -> ('OK')
       PUT key="k0" value="{\"Id\":1,\"V\":170}" version=170 -> err="OK"
  [1549] client=4  call=1773574940106ms return=1773574940177ms  get('k0') -> ('{"Id":3,"V":169}', '170', 'OK')
       GET key="k0" -> value="{\"Id\":3,\"V\":169}" version=170 err="OK"
  [1550] client=6  call=1773574940116ms return=1773574940177ms  get('k0') -> ('{"Id":1,"V":170}', '171', 'OK')
       GET key="k0" -> value="{\"Id\":1,\"V\":170}" version=171 err="OK"
  [1551] client=7  call=1773574940147ms return=1773574940207ms  get('k0') -> ('{"Id":1,"V":170}', '171', 'OK')
       GET key="k0" -> value="{\"Id\":1,\"V\":170}" version=171 err="OK"
  [1552] client=2  call=1773574940167ms return=1773574940207ms  get('k0') -> ('{"Id":1,"V":170}', '171', 'OK')
       GET key="k0" -> value="{\"Id\":1,\"V\":170}" version=171 err="OK"
  [1553] client=4  call=1773574940177ms return=1773574940217ms  put('k0', '{"Id":4,"V":170}', '170') -> ('ErrVersion')
       PUT key="k0" value="{\"Id\":4,\"V\":170}" version=170 -> err="ErrVersion"
  [1554] client=7  call=1773574940207ms return=1773574940227ms  put('k0', '{"Id":7,"V":171}', '171') -> ('OK')
       PUT key="k0" value="{\"Id\":7,\"V\":171}" version=171 -> err="OK"
  [1555] client=8  call=1773574940167ms return=1773574940227ms  put('k0', '{"Id":8,"V":170}', '170') -> ('ErrVersion')
       PUT key="k0" value="{\"Id\":8,\"V\":170}" version=170 -> err="ErrVersion"
  [1556] client=1  call=1773574940177ms return=1773574940237ms  get('k0') -> ('{"Id":7,"V":171}', '172', 'OK')
       GET key="k0" -> value="{\"Id\":7,\"V\":171}" version=172 err="OK"
  [1557] client=6  call=1773574940177ms return=1773574940237ms  put('k0', '{"Id":6,"V":171}', '171') -> ('ErrVersion')
       PUT key="k0" value="{\"Id\":6,\"V\":171}" version=171 -> err="ErrVersion"
  [1558] client=2  call=1773574940207ms return=1773574940237ms  put('k0', '{"Id":2,"V":171}', '171') -> ('ErrVersion')
       PUT key="k0" value="{\"Id\":2,\"V\":171}" version=171 -> err="ErrVersion"
  [1559] client=3  call=1773574940147ms return=1773574940237ms  put('k0', '{"Id":3,"V":170}', '170') -> ('ErrMaybe')
       PUT key="k0" value="{\"Id\":3,\"V\":170}" version=170 -> err="ErrMaybe"
  [1560] client=0  call=1773574940106ms return=1773574940247ms  put('k0', '{"Id":0,"V":170}', '170') -> ('ErrMaybe')
       PUT key="k0" value="{\"Id\":0,\"V\":170}" version=170 -> err="ErrMaybe"
  [1561] client=0  call=1773574940247ms return=1773574940288ms  get('k0') -> ('{"Id":7,"V":171}', '172', 'OK')
       GET key="k0" -> value="{\"Id\":7,\"V\":171}" version=172 err="OK"
  [1562] client=6  call=1773574940237ms return=1773574940288ms  get('k0') -> ('{"Id":7,"V":171}', '172', 'OK')
       GET key="k0" -> value="{\"Id\":7,\"V\":171}" version=172 err="OK"
  [1563] client=7  call=1773574940227ms return=1773574940288ms  get('k0') -> ('{"Id":7,"V":171}', '172', 'OK')
       GET key="k0" -> value="{\"Id\":7,\"V\":171}" version=172 err="OK"
  [1564] client=2  call=1773574940237ms return=1773574940288ms  get('k0') -> ('{"Id":7,"V":171}', '172', 'OK')
       GET key="k0" -> value="{\"Id\":7,\"V\":171}" version=172 err="OK"
  [1565] client=1  call=1773574940237ms return=1773574940288ms  put('k0', '{"Id":1,"V":172}', '172') -> ('OK')
       PUT key="k0" value="{\"Id\":1,\"V\":172}" version=172 -> err="OK"
  [1566] client=3  call=1773574940237ms return=1773574940318ms  get('k0') -> ('{"Id":1,"V":172}', '173', 'OK')
       GET key="k0" -> value="{\"Id\":1,\"V\":172}" version=173 err="OK"
  [1567] client=8  call=1773574940227ms return=1773574940328ms  get('k0') -> ('{"Id":1,"V":172}', '173', 'OK')
       GET key="k0" -> value="{\"Id\":1,\"V\":172}" version=173 err="OK"
  [1568] client=4  call=1773574940217ms return=1773574940328ms  get('k0') -> ('{"Id":1,"V":172}', '173', 'OK')
       GET key="k0" -> value="{\"Id\":1,\"V\":172}" version=173 err="OK"
  [1569] client=2  call=1773574940288ms return=1773574940338ms  put('k0', '{"Id":2,"V":172}', '172') -> ('ErrVersion')
       PUT key="k0" value="{\"Id\":2,\"V\":172}" version=172 -> err="ErrVersion"
  [1570] client=0  call=1773574940288ms return=1773574940348ms  put('k0', '{"Id":0,"V":172}', '172') -> ('ErrVersion')
       PUT key="k0" value="{\"Id\":0,\"V\":172}" version=172 -> err="ErrVersion"
  [1571] client=7  call=1773574940288ms return=1773574940358ms  put('k0', '{"Id":7,"V":172}', '172') -> ('ErrVersion')
       PUT key="k0" value="{\"Id\":7,\"V\":172}" version=172 -> err="ErrVersion"
  [1572] client=8  call=1773574940328ms return=1773574940378ms  put('k0', '{"Id":8,"V":173}', '173') -> ('OK')
       PUT key="k0" value="{\"Id\":8,\"V\":173}" version=173 -> err="OK"
  [1573] client=0  call=1773574940348ms return=1773574940388ms  get('k0') -> ('{"Id":8,"V":173}', '174', 'OK')
       GET key="k0" -> value="{\"Id\":8,\"V\":173}" version=174 err="OK"
  [1574] client=3  call=1773574940318ms return=1773574940388ms  put('k0', '{"Id":3,"V":173}', '173') -> ('ErrVersion')
       PUT key="k0" value="{\"Id\":3,\"V\":173}" version=173 -> err="ErrVersion"
  [1575] client=4  call=1773574940328ms return=1773574940388ms  put('k0', '{"Id":4,"V":173}', '173') -> ('ErrVersion')
       PUT key="k0" value="{\"Id\":4,\"V\":173}" version=173 -> err="ErrVersion"
  [1576] client=1  call=1773574940288ms return=1773574940388ms  get('k0') -> ('{"Id":8,"V":173}', '174', 'OK')
       GET key="k0" -> value="{\"Id\":8,\"V\":173}" version=174 err="OK"
  [1577] client=6  call=1773574940288ms return=1773574940388ms  put('k0', '{"Id":6,"V":172}', '172') -> ('ErrVersion')
       PUT key="k0" value="{\"Id\":6,\"V\":172}" version=172 -> err="ErrVersion"
  [1578] client=1  call=1773574940388ms return=1773574940429ms  put('k0', '{"Id":1,"V":174}', '174') -> ('OK')
       PUT key="k0" value="{\"Id\":1,\"V\":174}" version=174 -> err="OK"
  [1579] client=1  call=1773574940429ms return=1773574940601ms  get('k0') -> ('{"Id":1,"V":174}', '175', 'OK')
       GET key="k0" -> value="{\"Id\":1,\"V\":174}" version=175 err="OK"
  [1580] client=2  call=1773574940338ms return=1773574940631ms  get('k0') -> ('{"Id":1,"V":174}', '175', 'OK')
       GET key="k0" -> value="{\"Id\":1,\"V\":174}" version=175 err="OK"
  [1581] client=3  call=1773574940388ms return=1773574940641ms  get('k0') -> ('{"Id":1,"V":174}', '175', 'OK')
       GET key="k0" -> value="{\"Id\":1,\"V\":174}" version=175 err="OK"
  [1582] client=7  call=1773574940358ms return=1773574940662ms  get('k0') -> ('{"Id":1,"V":174}', '175', 'OK')
       GET key="k0" -> value="{\"Id\":1,\"V\":174}" version=175 err="OK"
  [1583] client=1  call=1773574940601ms return=1773574940672ms  put('k0', '{"Id":1,"V":175}', '175') -> ('OK')
       PUT key="k0" value="{\"Id\":1,\"V\":175}" version=175 -> err="OK"
  [1584] client=6  call=1773574940388ms return=1773574940672ms  get('k0') -> ('{"Id":1,"V":175}', '176', 'OK')
       GET key="k0" -> value="{\"Id\":1,\"V\":175}" version=176 err="OK"
  [1585] client=0  call=1773574940388ms return=1773574940682ms  put('k0', '{"Id":0,"V":174}', '174') -> ('ErrMaybe')
       PUT key="k0" value="{\"Id\":0,\"V\":174}" version=174 -> err="ErrMaybe"
  [1586] client=8  call=1773574940378ms return=1773574940723ms  get('k0') -> ('{"Id":1,"V":175}', '176', 'OK')
       GET key="k0" -> value="{\"Id\":1,\"V\":175}" version=176 err="OK"
  [1587] client=0  call=1773574940682ms return=1773574940733ms  get('k0') -> ('{"Id":1,"V":175}', '176', 'OK')
       GET key="k0" -> value="{\"Id\":1,\"V\":175}" version=176 err="OK"
  [1588] client=7  call=1773574940662ms return=1773574940733ms  put('k0', '{"Id":7,"V":175}', '175') -> ('ErrMaybe')
       PUT key="k0" value="{\"Id\":7,\"V\":175}" version=175 -> err="ErrMaybe"
  [1589] client=3  call=1773574940641ms return=1773574940743ms  put('k0', '{"Id":3,"V":175}', '175') -> ('ErrMaybe')
       PUT key="k0" value="{\"Id\":3,\"V\":175}" version=175 -> err="ErrMaybe"
  [1590] client=1  call=1773574940672ms return=1773574940743ms  get('k0') -> ('{"Id":1,"V":175}', '176', 'OK')
       GET key="k0" -> value="{\"Id\":1,\"V\":175}" version=176 err="OK"
  [1591] client=1  call=1773574940743ms return=1773574940814ms  put('k0', '{"Id":1,"V":176}', '176') -> ('ErrMaybe')
       PUT key="k0" value="{\"Id\":1,\"V\":176}" version=176 -> err="ErrMaybe"
  [1592] client=3  call=1773574940743ms return=1773574940814ms  get('k0') -> ('{"Id":6,"V":176}', '177', 'OK')
       GET key="k0" -> value="{\"Id\":6,\"V\":176}" version=177 err="OK"
  [1593] client=0  call=1773574940733ms return=1773574940814ms  put('k0', '{"Id":0,"V":176}', '176') -> ('ErrMaybe')
       PUT key="k0" value="{\"Id\":0,\"V\":176}" version=176 -> err="ErrMaybe"
  [1594] client=7  call=1773574940733ms return=1773574940814ms  get('k0') -> ('{"Id":6,"V":176}', '177', 'OK')
       GET key="k0" -> value="{\"Id\":6,\"V\":176}" version=177 err="OK"
  [1595] client=8  call=1773574940723ms return=1773574940855ms  put('k0', '{"Id":8,"V":176}', '176') -> ('ErrMaybe')
       PUT key="k0" value="{\"Id\":8,\"V\":176}" version=176 -> err="ErrMaybe"
  [1596] client=2  call=1773574940631ms return=1773574940855ms  put('k0', '{"Id":2,"V":175}', '175') -> ('ErrMaybe')
       PUT key="k0" value="{\"Id\":2,\"V\":175}" version=175 -> err="ErrMaybe"
  [1597] client=7  call=1773574940814ms return=1773574940865ms  put('k0', '{"Id":7,"V":177}', '177') -> ('OK')
       PUT key="k0" value="{\"Id\":7,\"V\":177}" version=177 -> err="OK"
  [1598] client=6  call=1773574940672ms return=1773574940885ms  put('k0', '{"Id":6,"V":176}', '176') -> ('ErrMaybe')
       PUT key="k0" value="{\"Id\":6,\"V\":176}" version=176 -> err="ErrMaybe"
  [1599] client=3  call=1773574940814ms return=1773574940885ms  put('k0', '{"Id":3,"V":177}', '177') -> ('ErrMaybe')
       PUT key="k0" value="{\"Id\":3,\"V\":177}" version=177 -> err="ErrMaybe"
  [1600] client=1  call=1773574940814ms return=1773574940915ms  get('k0') -> ('{"Id":7,"V":177}', '178', 'OK')
       GET key="k0" -> value="{\"Id\":7,\"V\":177}" version=178 err="OK"
  [1601] client=3  call=1773574940885ms return=1773574940936ms  get('k0') -> ('{"Id":7,"V":177}', '178', 'OK')
       GET key="k0" -> value="{\"Id\":7,\"V\":177}" version=178 err="OK"
  [1602] client=7  call=1773574940865ms return=1773574940936ms  get('k0') -> ('{"Id":7,"V":177}', '178', 'OK')
       GET key="k0" -> value="{\"Id\":7,\"V\":177}" version=178 err="OK"
  [1603] client=0  call=1773574940814ms return=1773574940946ms  get('k0') -> ('{"Id":7,"V":177}', '178', 'OK')
       GET key="k0" -> value="{\"Id\":7,\"V\":177}" version=178 err="OK"
  [1604] client=2  call=1773574940855ms return=1773574940966ms  get('k0') -> ('{"Id":7,"V":177}', '178', 'OK')
       GET key="k0" -> value="{\"Id\":7,\"V\":177}" version=178 err="OK"
  [1605] client=8  call=1773574940855ms return=1773574940986ms  get('k0') -> ('{"Id":7,"V":177}', '178', 'OK')
       GET key="k0" -> value="{\"Id\":7,\"V\":177}" version=178 err="OK"
  [1606] client=7  call=1773574940936ms return=1773574940997ms  put('k0', '{"Id":7,"V":178}', '178') -> ('OK')
       PUT key="k0" value="{\"Id\":7,\"V\":178}" version=178 -> err="OK"
  [1607] client=3  call=1773574940936ms return=1773574941017ms  put('k0', '{"Id":3,"V":178}', '178') -> ('ErrMaybe')
       PUT key="k0" value="{\"Id\":3,\"V\":178}" version=178 -> err="ErrMaybe"
  [1608] client=2  call=1773574940966ms return=1773574941017ms  put('k0', '{"Id":2,"V":178}', '178') -> ('ErrMaybe')
       PUT key="k0" value="{\"Id\":2,\"V\":178}" version=178 -> err="ErrMaybe"
  [1609] client=6  call=1773574940885ms return=1773574941047ms  get('k0') -> ('{"Id":7,"V":178}', '179', 'OK')
       GET key="k0" -> value="{\"Id\":7,\"V\":178}" version=179 err="OK"
  [1610] client=1  call=1773574940915ms return=1773574941067ms  put('k0', '{"Id":1,"V":178}', '178') -> ('ErrMaybe')
       PUT key="k0" value="{\"Id\":1,\"V\":178}" version=178 -> err="ErrMaybe"
  [1611] client=0  call=1773574940946ms return=1773574941077ms  put('k0', '{"Id":0,"V":178}', '178') -> ('ErrMaybe')
       PUT key="k0" value="{\"Id\":0,\"V\":178}" version=178 -> err="ErrMaybe"
  [1612] client=2  call=1773574941017ms return=1773574941104ms  get('k0') -> ('{"Id":7,"V":178}', '179', 'OK')
       GET key="k0" -> value="{\"Id\":7,\"V\":178}" version=179 err="OK"
  [1613] client=7  call=1773574940997ms return=1773574941104ms  get('k0') -> ('{"Id":7,"V":178}', '179', 'OK')
       GET key="k0" -> value="{\"Id\":7,\"V\":178}" version=179 err="OK"
  [1614] client=8  call=1773574940986ms return=1773574941114ms  put('k0', '{"Id":8,"V":178}', '178') -> ('ErrMaybe')
       PUT key="k0" value="{\"Id\":8,\"V\":178}" version=178 -> err="ErrMaybe"
  [1615] client=1  call=1773574941067ms return=1773574941124ms  get('k0') -> ('{"Id":7,"V":178}', '179', 'OK')
       GET key="k0" -> value="{\"Id\":7,\"V\":178}" version=179 err="OK"
  [1616] client=3  call=1773574941017ms return=1773574941144ms  get('k0') -> ('{"Id":6,"V":179}', '180', 'OK')
       GET key="k0" -> value="{\"Id\":6,\"V\":179}" version=180 err="OK"
  [1617] client=6  call=1773574941047ms return=1773574941144ms  put('k0', '{"Id":6,"V":179}', '179') -> ('OK')
       PUT key="k0" value="{\"Id\":6,\"V\":179}" version=179 -> err="OK"
  [1618] client=0  call=1773574941077ms return=1773574941165ms  get('k0') -> ('{"Id":6,"V":179}', '180', 'OK')
       GET key="k0" -> value="{\"Id\":6,\"V\":179}" version=180 err="OK"
  [1619] client=2  call=1773574941104ms return=1773574941185ms  put('k0', '{"Id":2,"V":179}', '179') -> ('ErrMaybe')
       PUT key="k0" value="{\"Id\":2,\"V\":179}" version=179 -> err="ErrMaybe"
  [1620] client=1  call=1773574941124ms return=1773574941196ms  put('k0', '{"Id":1,"V":179}', '179') -> ('ErrMaybe')
       PUT key="k0" value="{\"Id\":1,\"V\":179}" version=179 -> err="ErrMaybe"
  [1621] client=8  call=1773574941114ms return=1773574941206ms  get('k0') -> ('{"Id":6,"V":179}', '180', 'OK')
       GET key="k0" -> value="{\"Id\":6,\"V\":179}" version=180 err="OK"
  [1622] client=0  call=1773574941165ms return=1773574941256ms  put('k0', '{"Id":0,"V":180}', '180') -> ('ErrMaybe')
       PUT key="k0" value="{\"Id\":0,\"V\":180}" version=180 -> err="ErrMaybe"
  [1623] client=2  call=1773574941185ms return=1773574941266ms  get('k0') -> ('{"Id":3,"V":180}', '181', 'OK')
       GET key="k0" -> value="{\"Id\":3,\"V\":180}" version=181 err="OK"
  [1624] client=1  call=1773574941196ms return=1773574941266ms  get('k0') -> ('{"Id":3,"V":180}', '181', 'OK')
       GET key="k0" -> value="{\"Id\":3,\"V\":180}" version=181 err="OK"
  [1625] client=7  call=1773574941104ms return=1773574941266ms  put('k0', '{"Id":7,"V":179}', '179') -> ('ErrMaybe')
       PUT key="k0" value="{\"Id\":7,\"V\":179}" version=179 -> err="ErrMaybe"
  [1626] client=6  call=1773574941144ms return=1773574941266ms  get('k0') -> ('{"Id":3,"V":180}', '181', 'OK')
       GET key="k0" -> value="{\"Id\":3,\"V\":180}" version=181 err="OK"
  [1627] client=8  call=1773574941206ms return=1773574941317ms  put('k0', '{"Id":8,"V":180}', '180') -> ('ErrMaybe')
       PUT key="k0" value="{\"Id\":8,\"V\":180}" version=180 -> err="ErrMaybe"
  [1628] client=2  call=1773574941266ms return=1773574941327ms  put('k0', '{"Id":2,"V":181}', '181') -> ('OK')
       PUT key="k0" value="{\"Id\":2,\"V\":181}" version=181 -> err="OK"
  [1629] client=0  call=1773574941256ms return=1773574941327ms  get('k0') -> ('{"Id":3,"V":180}', '181', 'OK')
       GET key="k0" -> value="{\"Id\":3,\"V\":180}" version=181 err="OK"
  [1630] client=7  call=1773574941266ms return=1773574941327ms  get('k0') -> ('{"Id":2,"V":181}', '182', 'OK')
       GET key="k0" -> value="{\"Id\":2,\"V\":181}" version=182 err="OK"
  [1631] client=3  call=1773574941144ms return=1773574941327ms  put('k0', '{"Id":3,"V":180}', '180') -> ('ErrMaybe')
       PUT key="k0" value="{\"Id\":3,\"V\":180}" version=180 -> err="ErrMaybe"
  [1632] client=6  call=1773574941266ms return=1773574941337ms  put('k0', '{"Id":6,"V":181}', '181') -> ('ErrMaybe')
       PUT key="k0" value="{\"Id\":6,\"V\":181}" version=181 -> err="ErrMaybe"
  [1633] client=8  call=1773574941317ms return=1773574941407ms  get('k0') -> ('{"Id":2,"V":181}', '182', 'OK')
       GET key="k0" -> value="{\"Id\":2,\"V\":181}" version=182 err="OK"
  [1634] client=7  call=1773574941327ms return=1773574941407ms  put('k0', '{"Id":7,"V":182}', '182') -> ('OK')
       PUT key="k0" value="{\"Id\":7,\"V\":182}" version=182 -> err="OK"
  [1635] client=1  call=1773574941266ms return=1773574941417ms  put('k0', '{"Id":1,"V":181}', '181') -> ('ErrMaybe')
       PUT key="k0" value="{\"Id\":1,\"V\":181}" version=181 -> err="ErrMaybe"
  [1636] client=2  call=1773574941327ms return=1773574941417ms  get('k0') -> ('{"Id":7,"V":182}', '183', 'OK')
       GET key="k0" -> value="{\"Id\":7,\"V\":182}" version=183 err="OK"
  [1637] client=6  call=1773574941337ms return=1773574941437ms  get('k0') -> ('{"Id":7,"V":182}', '183', 'OK')
       GET key="k0" -> value="{\"Id\":7,\"V\":182}" version=183 err="OK"
  [1638] client=2  call=1773574941417ms return=1773574941468ms  put('k0', '{"Id":2,"V":183}', '183') -> ('OK')
       PUT key="k0" value="{\"Id\":2,\"V\":183}" version=183 -> err="OK"
  [1639] client=8  call=1773574941407ms return=1773574941488ms  put('k0', '{"Id":8,"V":182}', '182') -> ('ErrMaybe')
       PUT key="k0" value="{\"Id\":8,\"V\":182}" version=182 -> err="ErrMaybe"
  [1640] client=0  call=1773574941327ms return=1773574941488ms  put('k0', '{"Id":0,"V":181}', '181') -> ('ErrMaybe')
       PUT key="k0" value="{\"Id\":0,\"V\":181}" version=181 -> err="ErrMaybe"
  [1641] client=7  call=1773574941407ms return=1773574941489ms  get('k0') -> ('{"Id":2,"V":183}', '184', 'OK')
       GET key="k0" -> value="{\"Id\":2,\"V\":183}" version=184 err="OK"
  [1642] client=3  call=1773574941327ms return=1773574941519ms  get('k0') -> ('{"Id":2,"V":183}', '184', 'OK')
       GET key="k0" -> value="{\"Id\":2,\"V\":183}" version=184 err="OK"
  [1643] client=1  call=1773574941417ms return=1773574941519ms  get('k0') -> ('{"Id":2,"V":183}', '184', 'OK')
       GET key="k0" -> value="{\"Id\":2,\"V\":183}" version=184 err="OK"
  [1644] client=2  call=1773574941468ms return=1773574941519ms  get('k0') -> ('{"Id":2,"V":183}', '184', 'OK')
       GET key="k0" -> value="{\"Id\":2,\"V\":183}" version=184 err="OK"
  [1645] client=8  call=1773574941488ms return=1773574941549ms  get('k0') -> ('{"Id":2,"V":183}', '184', 'OK')
       GET key="k0" -> value="{\"Id\":2,\"V\":183}" version=184 err="OK"
  [1646] client=6  call=1773574941437ms return=1773574941549ms  put('k0', '{"Id":6,"V":183}', '183') -> ('ErrMaybe')
       PUT key="k0" value="{\"Id\":6,\"V\":183}" version=183 -> err="ErrMaybe"
  [1647] client=1  call=1773574941519ms return=1773574941579ms  put('k0', '{"Id":1,"V":184}', '184') -> ('ErrMaybe')
       PUT key="k0" value="{\"Id\":1,\"V\":184}" version=184 -> err="ErrMaybe"
  [1648] client=7  call=1773574941489ms return=1773574941579ms  put('k0', '{"Id":7,"V":184}', '184') -> ('OK')
       PUT key="k0" value="{\"Id\":7,\"V\":184}" version=184 -> err="OK"
  [1649] client=2  call=1773574941519ms return=1773574941590ms  put('k0', '{"Id":2,"V":184}', '184') -> ('ErrMaybe')
       PUT key="k0" value="{\"Id\":2,\"V\":184}" version=184 -> err="ErrMaybe"
  [1650] client=3  call=1773574941519ms return=1773574941610ms  put('k0', '{"Id":3,"V":184}', '184') -> ('ErrMaybe')
       PUT key="k0" value="{\"Id\":3,\"V\":184}" version=184 -> err="ErrMaybe"
  [1651] client=8  call=1773574941549ms return=1773574941610ms  put('k0', '{"Id":8,"V":184}', '184') -> ('ErrMaybe')
       PUT key="k0" value="{\"Id\":8,\"V\":184}" version=184 -> err="ErrMaybe"
  [1652] client=6  call=1773574941549ms return=1773574941640ms  get('k0') -> ('{"Id":7,"V":184}', '185', 'OK')
       GET key="k0" -> value="{\"Id\":7,\"V\":184}" version=185 err="OK"
  [1653] client=0  call=1773574941488ms return=1773574941640ms  get('k0') -> ('{"Id":7,"V":184}', '185', 'OK')
       GET key="k0" -> value="{\"Id\":7,\"V\":184}" version=185 err="OK"
  [1654] client=1  call=1773574941579ms return=1773574941660ms  get('k0') -> ('{"Id":7,"V":184}', '185', 'OK')
       GET key="k0" -> value="{\"Id\":7,\"V\":184}" version=185 err="OK"
  [1655] client=8  call=1773574941610ms return=1773574941700ms  get('k0') -> ('{"Id":7,"V":184}', '185', 'OK')
       GET key="k0" -> value="{\"Id\":7,\"V\":184}" version=185 err="OK"
  [1656] client=2  call=1773574941590ms return=1773574941700ms  get('k0') -> ('{"Id":7,"V":184}', '185', 'OK')
       GET key="k0" -> value="{\"Id\":7,\"V\":184}" version=185 err="OK"
  [1657] client=7  call=1773574941579ms return=1773574941700ms  get('k0') -> ('{"Id":7,"V":184}', '185', 'OK')
       GET key="k0" -> value="{\"Id\":7,\"V\":184}" version=185 err="OK"
  [1658] client=3  call=1773574941610ms return=1773574941710ms  get('k0') -> ('{"Id":7,"V":184}', '185', 'OK')
       GET key="k0" -> value="{\"Id\":7,\"V\":184}" version=185 err="OK"
  [1659] client=1  call=1773574941660ms return=1773574941751ms  put('k0', '{"Id":1,"V":185}', '185') -> ('OK')
       PUT key="k0" value="{\"Id\":1,\"V\":185}" version=185 -> err="OK"
  [1660] client=2  call=1773574941700ms return=1773574941771ms  put('k0', '{"Id":2,"V":185}', '185') -> ('ErrMaybe')
       PUT key="k0" value="{\"Id\":2,\"V\":185}" version=185 -> err="ErrMaybe"
  [1661] client=7  call=1773574941700ms return=1773574941771ms  put('k0', '{"Id":7,"V":185}', '185') -> ('ErrMaybe')
       PUT key="k0" value="{\"Id\":7,\"V\":185}" version=185 -> err="ErrMaybe"
  [1662] client=6  call=1773574941640ms return=1773574941771ms  put('k0', '{"Id":6,"V":185}', '185') -> ('ErrMaybe')
       PUT key="k0" value="{\"Id\":6,\"V\":185}" version=185 -> err="ErrMaybe"
  [1663] client=3  call=1773574941711ms return=1773574941781ms  put('k0', '{"Id":3,"V":185}', '185') -> ('ErrMaybe')
       PUT key="k0" value="{\"Id\":3,\"V\":185}" version=185 -> err="ErrMaybe"
  [1664] client=0  call=1773574941640ms return=1773574941801ms  put('k0', '{"Id":0,"V":185}', '185') -> ('ErrMaybe')
       PUT key="k0" value="{\"Id\":0,\"V\":185}" version=185 -> err="ErrMaybe"
  [1665] client=1  call=1773574941751ms return=1773574941841ms  get('k0') -> ('{"Id":1,"V":185}', '186', 'OK')
       GET key="k0" -> value="{\"Id\":1,\"V\":185}" version=186 err="OK"
  [1666] client=8  call=1773574941700ms return=1773574941842ms  put('k0', '{"Id":8,"V":185}', '185') -> ('ErrMaybe')
       PUT key="k0" value="{\"Id\":8,\"V\":185}" version=185 -> err="ErrMaybe"
  [1667] client=3  call=1773574941781ms return=1773574941872ms  get('k0') -> ('{"Id":1,"V":185}', '186', 'OK')
       GET key="k0" -> value="{\"Id\":1,\"V\":185}" version=186 err="OK"
  [1668] client=7  call=1773574941771ms return=1773574941872ms  get('k0') -> ('{"Id":1,"V":185}', '186', 'OK')
       GET key="k0" -> value="{\"Id\":1,\"V\":185}" version=186 err="OK"
  [1669] client=6  call=1773574941771ms return=1773574941872ms  get('k0') -> ('{"Id":1,"V":185}', '186', 'OK')
       GET key="k0" -> value="{\"Id\":1,\"V\":185}" version=186 err="OK"
  [1670] client=0  call=1773574941801ms return=1773574941892ms  get('k0') -> ('{"Id":1,"V":185}', '186', 'OK')
       GET key="k0" -> value="{\"Id\":1,\"V\":185}" version=186 err="OK"
  [1671] client=3  call=1773574941872ms return=1773574941932ms  put('k0', '{"Id":3,"V":186}', '186') -> ('OK')
       PUT key="k0" value="{\"Id\":3,\"V\":186}" version=186 -> err="OK"
  [1672] client=2  call=1773574941771ms return=1773574941932ms  get('k0') -> ('{"Id":1,"V":185}', '186', 'OK')
       GET key="k0" -> value="{\"Id\":1,\"V\":185}" version=186 err="OK"
  [1673] client=8  call=1773574941842ms return=1773574941962ms  get('k0') -> ('{"Id":3,"V":186}', '187', 'OK')
       GET key="k0" -> value="{\"Id\":3,\"V\":186}" version=187 err="OK"
  [1674] client=6  call=1773574941872ms return=1773574941962ms  put('k0', '{"Id":6,"V":186}', '186') -> ('ErrMaybe')
       PUT key="k0" value="{\"Id\":6,\"V\":186}" version=186 -> err="ErrMaybe"
  [1675] client=1  call=1773574941842ms return=1773574942003ms  put('k0', '{"Id":1,"V":186}', '186') -> ('ErrMaybe')
       PUT key="k0" value="{\"Id\":1,\"V\":186}" version=186 -> err="ErrMaybe"
  [1676] client=2  call=1773574941932ms return=1773574942003ms  put('k0', '{"Id":2,"V":186}', '186') -> ('ErrMaybe')
       PUT key="k0" value="{\"Id\":2,\"V\":186}" version=186 -> err="ErrMaybe"
  [1677] client=0  call=1773574941892ms return=1773574942023ms  put('k0', '{"Id":0,"V":186}', '186') -> ('ErrMaybe')
       PUT key="k0" value="{\"Id\":0,\"V\":186}" version=186 -> err="ErrMaybe"
  [1678] client=3  call=1773574941932ms return=1773574942023ms  get('k0') -> ('{"Id":8,"V":187}', '188', 'OK')
       GET key="k0" -> value="{\"Id\":8,\"V\":187}" version=188 err="OK"
  [1679] client=8  call=1773574941962ms return=1773574942023ms  put('k0', '{"Id":8,"V":187}', '187') -> ('OK')
       PUT key="k0" value="{\"Id\":8,\"V\":187}" version=187 -> err="OK"
  [1680] client=7  call=1773574941872ms return=1773574942043ms  put('k0', '{"Id":7,"V":186}', '186') -> ('ErrMaybe')
       PUT key="k0" value="{\"Id\":7,\"V\":186}" version=186 -> err="ErrMaybe"
  [1681] client=6  call=1773574941962ms return=1773574942053ms  get('k0') -> ('{"Id":8,"V":187}', '188', 'OK')
       GET key="k0" -> value="{\"Id\":8,\"V\":187}" version=188 err="OK"
  [1682] client=2  call=1773574942003ms return=1773574942073ms  get('k0') -> ('{"Id":8,"V":187}', '188', 'OK')
       GET key="k0" -> value="{\"Id\":8,\"V\":187}" version=188 err="OK"
  [1683] client=1  call=1773574942003ms return=1773574942104ms  get('k0') -> ('{"Id":8,"V":187}', '188', 'OK')
       GET key="k0" -> value="{\"Id\":8,\"V\":187}" version=188 err="OK"
  [1684] client=7  call=1773574942043ms return=1773574942114ms  get('k0') -> ('{"Id":3,"V":188}', '189', 'OK')
       GET key="k0" -> value="{\"Id\":3,\"V\":188}" version=189 err="OK"
  [1685] client=3  call=1773574942024ms return=1773574942114ms  put('k0', '{"Id":3,"V":188}', '188') -> ('OK')
       PUT key="k0" value="{\"Id\":3,\"V\":188}" version=188 -> err="OK"
  [1686] client=2  call=1773574942073ms return=1773574942124ms  put('k0', '{"Id":2,"V":188}', '188') -> ('ErrMaybe')
       PUT key="k0" value="{\"Id\":2,\"V\":188}" version=188 -> err="ErrMaybe"
  [1687] client=6  call=1773574942054ms return=1773574942124ms  put('k0', '{"Id":6,"V":188}', '188') -> ('ErrMaybe')
       PUT key="k0" value="{\"Id\":6,\"V\":188}" version=188 -> err="ErrMaybe"
  [1688] client=8  call=1773574942023ms return=1773574942124ms  get('k0') -> ('{"Id":3,"V":188}', '189', 'OK')
       GET key="k0" -> value="{\"Id\":3,\"V\":188}" version=189 err="OK"
  [1689] client=0  call=1773574942023ms return=1773574942144ms  get('k0') -> ('{"Id":3,"V":188}', '189', 'OK')
       GET key="k0" -> value="{\"Id\":3,\"V\":188}" version=189 err="OK"
  [1690] client=3  call=1773574942114ms return=1773574942194ms  get('k0') -> ('{"Id":3,"V":188}', '189', 'OK')
       GET key="k0" -> value="{\"Id\":3,\"V\":188}" version=189 err="OK"
  [1691] client=1  call=1773574942104ms return=1773574942195ms  put('k0', '{"Id":1,"V":188}', '188') -> ('ErrMaybe')
       PUT key="k0" value="{\"Id\":1,\"V\":188}" version=188 -> err="ErrMaybe"
  [1692] client=8  call=1773574942124ms return=1773574942204ms  put('k0', '{"Id":8,"V":189}', '189') -> ('OK')
       PUT key="k0" value="{\"Id\":8,\"V\":189}" version=189 -> err="OK"
  [1693] client=6  call=1773574942124ms return=1773574942204ms  get('k0') -> ('{"Id":8,"V":189}', '190', 'OK')
       GET key="k0" -> value="{\"Id\":8,\"V\":189}" version=190 err="OK"
  [1694] client=2  call=1773574942124ms return=1773574942204ms  get('k0') -> ('{"Id":8,"V":189}', '190', 'OK')
       GET key="k0" -> value="{\"Id\":8,\"V\":189}" version=190 err="OK"
  [1695] client=7  call=1773574942114ms return=1773574942215ms  put('k0', '{"Id":7,"V":189}', '189') -> ('ErrMaybe')
       PUT key="k0" value="{\"Id\":7,\"V\":189}" version=189 -> err="ErrMaybe"
  [1696] client=0  call=1773574942144ms return=1773574942245ms  put('k0', '{"Id":0,"V":189}', '189') -> ('ErrMaybe')
       PUT key="k0" value="{\"Id\":0,\"V\":189}" version=189 -> err="ErrMaybe"
  [1697] client=7  call=1773574942215ms return=1773574942265ms  get('k0') -> ('{"Id":8,"V":189}', '190', 'OK')
       GET key="k0" -> value="{\"Id\":8,\"V\":189}" version=190 err="OK"
  [1698] client=2  call=1773574942204ms return=1773574942265ms  put('k0', '{"Id":2,"V":190}', '190') -> ('OK')
       PUT key="k0" value="{\"Id\":2,\"V\":190}" version=190 -> err="OK"
  [1699] client=1  call=1773574942195ms return=1773574942275ms  get('k0') -> ('{"Id":2,"V":190}', '191', 'OK')
       GET key="k0" -> value="{\"Id\":2,\"V\":190}" version=191 err="OK"
  [1700] client=6  call=1773574942204ms return=1773574942296ms  put('k0', '{"Id":6,"V":190}', '190') -> ('ErrMaybe')
       PUT key="k0" value="{\"Id\":6,\"V\":190}" version=190 -> err="ErrMaybe"
  [1701] client=2  call=1773574942265ms return=1773574942306ms  get('k0') -> ('{"Id":2,"V":190}', '191', 'OK')
       GET key="k0" -> value="{\"Id\":2,\"V\":190}" version=191 err="OK"
  [1702] client=8  call=1773574942204ms return=1773574942306ms  get('k0') -> ('{"Id":2,"V":190}', '191', 'OK')
       GET key="k0" -> value="{\"Id\":2,\"V\":190}" version=191 err="OK"
  [1703] client=3  call=1773574942195ms return=1773574942306ms  put('k0', '{"Id":3,"V":189}', '189') -> ('ErrMaybe')
       PUT key="k0" value="{\"Id\":3,\"V\":189}" version=189 -> err="ErrMaybe"
  [1704] client=0  call=1773574942245ms return=1773574942326ms  get('k0') -> ('{"Id":2,"V":190}', '191', 'OK')
       GET key="k0" -> value="{\"Id\":2,\"V\":190}" version=191 err="OK"
  [1705] client=7  call=1773574942265ms return=1773574942326ms  put('k0', '{"Id":7,"V":190}', '190') -> ('ErrMaybe')
       PUT key="k0" value="{\"Id\":7,\"V\":190}" version=190 -> err="ErrMaybe"
  [1706] client=1  call=1773574942275ms return=1773574942356ms  put('k0', '{"Id":1,"V":191}', '191') -> ('OK')
       PUT key="k0" value="{\"Id\":1,\"V\":191}" version=191 -> err="OK"
  [1707] client=8  call=1773574942306ms return=1773574942356ms  put('k0', '{"Id":8,"V":191}', '191') -> ('ErrMaybe')
       PUT key="k0" value="{\"Id\":8,\"V\":191}" version=191 -> err="ErrMaybe"
  [1708] client=2  call=1773574942306ms return=1773574942356ms  put('k0', '{"Id":2,"V":191}', '191') -> ('ErrMaybe')
       PUT key="k0" value="{\"Id\":2,\"V\":191}" version=191 -> err="ErrMaybe"
  [1709] client=7  call=1773574942326ms return=1773574942406ms  get('k0') -> ('{"Id":1,"V":191}', '192', 'OK')
       GET key="k0" -> value="{\"Id\":1,\"V\":191}" version=192 err="OK"
  [1710] client=3  call=1773574942306ms return=1773574942416ms  get('k0') -> ('{"Id":1,"V":191}', '192', 'OK')
       GET key="k0" -> value="{\"Id\":1,\"V\":191}" version=192 err="OK"
  [1711] client=1  call=1773574942356ms return=1773574942416ms  get('k0') -> ('{"Id":1,"V":191}', '192', 'OK')
       GET key="k0" -> value="{\"Id\":1,\"V\":191}" version=192 err="OK"
  [1712] client=2  call=1773574942356ms return=1773574942436ms  get('k0') -> ('{"Id":1,"V":191}', '192', 'OK')
       GET key="k0" -> value="{\"Id\":1,\"V\":191}" version=192 err="OK"
  [1713] client=8  call=1773574942356ms return=1773574942437ms  get('k0') -> ('{"Id":1,"V":191}', '192', 'OK')
       GET key="k0" -> value="{\"Id\":1,\"V\":191}" version=192 err="OK"
  [1714] client=0  call=1773574942326ms return=1773574942437ms  put('k0', '{"Id":0,"V":191}', '191') -> ('ErrMaybe')
       PUT key="k0" value="{\"Id\":0,\"V\":191}" version=191 -> err="ErrMaybe"
  [1715] client=6  call=1773574942296ms return=1773574942477ms  get('k0') -> ('{"Id":1,"V":191}', '192', 'OK')
       GET key="k0" -> value="{\"Id\":1,\"V\":191}" version=192 err="OK"
  [1716] client=2  call=1773574942437ms return=1773574942487ms  put('k0', '{"Id":2,"V":192}', '192') -> ('OK')
       PUT key="k0" value="{\"Id\":2,\"V\":192}" version=192 -> err="OK"
  [1717] client=1  call=1773574942416ms return=1773574942507ms  put('k0', '{"Id":1,"V":192}', '192') -> ('ErrMaybe')
       PUT key="k0" value="{\"Id\":1,\"V\":192}" version=192 -> err="ErrMaybe"
  [1718] client=0  call=1773574942437ms return=1773574942507ms  get('k0') -> ('{"Id":2,"V":192}', '193', 'OK')
       GET key="k0" -> value="{\"Id\":2,\"V\":192}" version=193 err="OK"
  [1719] client=3  call=1773574942416ms return=1773574942517ms  put('k0', '{"Id":3,"V":192}', '192') -> ('ErrMaybe')
       PUT key="k0" value="{\"Id\":3,\"V\":192}" version=192 -> err="ErrMaybe"
  [1720] client=8  call=1773574942437ms return=1773574942517ms  put('k0', '{"Id":8,"V":192}', '192') -> ('ErrMaybe')
       PUT key="k0" value="{\"Id\":8,\"V\":192}" version=192 -> err="ErrMaybe"
  [1721] client=6  call=1773574942477ms return=1773574942548ms  put('k0', '{"Id":6,"V":192}', '192') -> ('ErrMaybe')
       PUT key="k0" value="{\"Id\":6,\"V\":192}" version=192 -> err="ErrMaybe"
  [1722] client=2  call=1773574942487ms return=1773574942568ms  get('k0') -> ('{"Id":2,"V":192}', '193', 'OK')
       GET key="k0" -> value="{\"Id\":2,\"V\":192}" version=193 err="OK"
  [1723] client=7  call=1773574942406ms return=1773574942609ms  put('k0', '{"Id":7,"V":192}', '192') -> ('ErrMaybe')
       PUT key="k0" value="{\"Id\":7,\"V\":192}" version=192 -> err="ErrMaybe"
  [1724] client=8  call=1773574942517ms return=1773574942609ms  get('k0') -> ('{"Id":2,"V":192}', '193', 'OK')
       GET key="k0" -> value="{\"Id\":2,\"V\":192}" version=193 err="OK"
  [1725] client=2  call=1773574942568ms return=1773574942639ms  put('k0', '{"Id":2,"V":193}', '193') -> ('OK')
       PUT key="k0" value="{\"Id\":2,\"V\":193}" version=193 -> err="OK"
  [1726] client=0  call=1773574942507ms return=1773574942639ms  put('k0', '{"Id":0,"V":193}', '193') -> ('ErrMaybe')
       PUT key="k0" value="{\"Id\":0,\"V\":193}" version=193 -> err="ErrMaybe"
  [1727] client=6  call=1773574942548ms return=1773574942639ms  get('k0') -> ('{"Id":2,"V":193}', '194', 'OK')
       GET key="k0" -> value="{\"Id\":2,\"V\":193}" version=194 err="OK"
  [1728] client=7  call=1773574942609ms return=1773574942679ms  get('k0') -> ('{"Id":2,"V":193}', '194', 'OK')
       GET key="k0" -> value="{\"Id\":2,\"V\":193}" version=194 err="OK"
  [1729] client=3  call=1773574942517ms return=1773574942679ms  get('k0') -> ('{"Id":2,"V":193}', '194', 'OK')
       GET key="k0" -> value="{\"Id\":2,\"V\":193}" version=194 err="OK"
  [1730] client=8  call=1773574942609ms return=1773574942679ms  put('k0', '{"Id":8,"V":193}', '193') -> ('ErrMaybe')
       PUT key="k0" value="{\"Id\":8,\"V\":193}" version=193 -> err="ErrMaybe"
  [1731] client=1  call=1773574942507ms return=1773574942709ms  get('k0') -> ('{"Id":6,"V":194}', '195', 'OK')
       GET key="k0" -> value="{\"Id\":6,\"V\":194}" version=195 err="OK"
  [1732] client=6  call=1773574942639ms return=1773574942709ms  put('k0', '{"Id":6,"V":194}', '194') -> ('OK')
       PUT key="k0" value="{\"Id\":6,\"V\":194}" version=194 -> err="OK"
  [1733] client=0  call=1773574942639ms return=1773574942730ms  get('k0') -> ('{"Id":6,"V":194}', '195', 'OK')
       GET key="k0" -> value="{\"Id\":6,\"V\":194}" version=195 err="OK"
  [1734] client=8  call=1773574942679ms return=1773574942750ms  get('k0') -> ('{"Id":6,"V":194}', '195', 'OK')
       GET key="k0" -> value="{\"Id\":6,\"V\":194}" version=195 err="OK"
  [1735] client=7  call=1773574942679ms return=1773574942750ms  put('k0', '{"Id":7,"V":194}', '194') -> ('ErrMaybe')
       PUT key="k0" value="{\"Id\":7,\"V\":194}" version=194 -> err="ErrMaybe"
  [1736] client=2  call=1773574942639ms return=1773574942780ms  get('k0') -> ('{"Id":1,"V":195}', '196', 'OK')
       GET key="k0" -> value="{\"Id\":1,\"V\":195}" version=196 err="OK"
  [1737] client=1  call=1773574942709ms return=1773574942780ms  put('k0', '{"Id":1,"V":195}', '195') -> ('OK')
       PUT key="k0" value="{\"Id\":1,\"V\":195}" version=195 -> err="OK"
  [1738] client=3  call=1773574942679ms return=1773574942780ms  put('k0', '{"Id":3,"V":194}', '194') -> ('ErrMaybe')
       PUT key="k0" value="{\"Id\":3,\"V\":194}" version=194 -> err="ErrMaybe"
  [1739] client=6  call=1773574942709ms return=1773574942810ms  get('k0') -> ('{"Id":1,"V":195}', '196', 'OK')
       GET key="k0" -> value="{\"Id\":1,\"V\":195}" version=196 err="OK"
  [1740] client=0  call=1773574942730ms return=1773574942820ms  put('k0', '{"Id":0,"V":195}', '195') -> ('ErrMaybe')
       PUT key="k0" value="{\"Id\":0,\"V\":195}" version=195 -> err="ErrMaybe"
  [1741] client=2  call=1773574942780ms return=1773574942850ms  put('k0', '{"Id":2,"V":196}', '196') -> ('OK')
       PUT key="k0" value="{\"Id\":2,\"V\":196}" version=196 -> err="OK"
  [1742] client=3  call=1773574942780ms return=1773574942860ms  get('k0') -> ('{"Id":2,"V":196}', '197', 'OK')
       GET key="k0" -> value="{\"Id\":2,\"V\":196}" version=197 err="OK"
  [1743] client=1  call=1773574942780ms return=1773574942870ms  get('k0') -> ('{"Id":2,"V":196}', '197', 'OK')
       GET key="k0" -> value="{\"Id\":2,\"V\":196}" version=197 err="OK"
  [1744] client=0  call=1773574942820ms return=1773574942911ms  get('k0') -> ('{"Id":2,"V":196}', '197', 'OK')
       GET key="k0" -> value="{\"Id\":2,\"V\":196}" version=197 err="OK"
  [1745] client=2  call=1773574942850ms return=1773574942931ms  get('k0') -> ('{"Id":3,"V":197}', '198', 'OK')
       GET key="k0" -> value="{\"Id\":3,\"V\":197}" version=198 err="OK"
  [1746] client=7  call=1773574942750ms return=1773574942931ms  get('k0') -> ('{"Id":2,"V":196}', '197', 'OK')
       GET key="k0" -> value="{\"Id\":2,\"V\":196}" version=197 err="OK"
  [1747] client=8  call=1773574942750ms return=1773574942931ms  put('k0', '{"Id":8,"V":195}', '195') -> ('ErrMaybe')
       PUT key="k0" value="{\"Id\":8,\"V\":195}" version=195 -> err="ErrMaybe"
  [1748] client=3  call=1773574942860ms return=1773574942931ms  put('k0', '{"Id":3,"V":197}', '197') -> ('OK')
       PUT key="k0" value="{\"Id\":3,\"V\":197}" version=197 -> err="OK"
  [1749] client=0  call=1773574942911ms return=1773574942982ms  put('k0', '{"Id":0,"V":197}', '197') -> ('ErrMaybe')
       PUT key="k0" value="{\"Id\":0,\"V\":197}" version=197 -> err="ErrMaybe"
  [1750] client=1  call=1773574942870ms return=1773574942992ms  put('k0', '{"Id":1,"V":197}', '197') -> ('ErrMaybe')
       PUT key="k0" value="{\"Id\":1,\"V\":197}" version=197 -> err="ErrMaybe"
  [1751] client=2  call=1773574942931ms return=1773574942992ms  put('k0', '{"Id":2,"V":198}', '198') -> ('OK')
       PUT key="k0" value="{\"Id\":2,\"V\":198}" version=198 -> err="OK"
  [1752] client=3  call=1773574942931ms return=1773574942992ms  get('k0') -> ('{"Id":3,"V":197}', '198', 'OK')
       GET key="k0" -> value="{\"Id\":3,\"V\":197}" version=198 err="OK"
  [1753] client=8  call=1773574942931ms return=1773574942992ms  get('k0') -> ('{"Id":2,"V":198}', '199', 'OK')
       GET key="k0" -> value="{\"Id\":2,\"V\":198}" version=199 err="OK"
  [1754] client=6  call=1773574942810ms return=1773574942992ms  put('k0', '{"Id":6,"V":196}', '196') -> ('ErrMaybe')
       PUT key="k0" value="{\"Id\":6,\"V\":196}" version=196 -> err="ErrMaybe"
  [1755] client=6  call=1773574942992ms return=1773574943043ms  get('k0') -> ('{"Id":2,"V":198}', '199', 'OK')
       GET key="k0" -> value="{\"Id\":2,\"V\":198}" version=199 err="OK"
  [1756] client=1  call=1773574942992ms return=1773574943053ms  get('k0') -> ('{"Id":2,"V":198}', '199', 'OK')
       GET key="k0" -> value="{\"Id\":2,\"V\":198}" version=199 err="OK"
  [1757] client=2  call=1773574942992ms return=1773574943053ms  get('k0') -> ('{"Id":2,"V":198}', '199', 'OK')
       GET key="k0" -> value="{\"Id\":2,\"V\":198}" version=199 err="OK"
  [1758] client=8  call=1773574942992ms return=1773574943063ms  put('k0', '{"Id":8,"V":199}', '199') -> ('OK')
       PUT key="k0" value="{\"Id\":8,\"V\":199}" version=199 -> err="OK"
  [1759] client=1  call=1773574943053ms return=1773574943103ms  put('k0', '{"Id":1,"V":199}', '199') -> ('ErrMaybe')
       PUT key="k0" value="{\"Id\":1,\"V\":199}" version=199 -> err="ErrMaybe"
  [1760] client=0  call=1773574942982ms return=1773574943103ms  get('k0') -> ('{"Id":8,"V":199}', '200', 'OK')
       GET key="k0" -> value="{\"Id\":8,\"V\":199}" version=200 err="OK"
  [1761] client=3  call=1773574942992ms return=1773574943113ms  put('k0', '{"Id":3,"V":198}', '198') -> ('ErrMaybe')
       PUT key="k0" value="{\"Id\":3,\"V\":198}" version=198 -> err="ErrMaybe"
  [1762] client=8  call=1773574943063ms return=1773574943143ms  get('k0') -> ('{"Id":8,"V":199}', '200', 'OK')
       GET key="k0" -> value="{\"Id\":8,\"V\":199}" version=200 err="OK"
  [1763] client=2  call=1773574943053ms return=1773574943195ms  put('k0', '{"Id":2,"V":199}', '199') -> ('ErrMaybe')
       PUT key="k0" value="{\"Id\":2,\"V\":199}" version=199 -> err="ErrMaybe"
  [1764] client=6  call=1773574943043ms return=1773574943195ms  put('k0', '{"Id":6,"V":199}', '199') -> ('ErrMaybe')
       PUT key="k0" value="{\"Id\":6,\"V\":199}" version=199 -> err="ErrMaybe"
  [1765] client=7  call=1773574942931ms return=1773574943216ms  put('k0', '{"Id":7,"V":197}', '197') -> ('ErrMaybe')
       PUT key="k0" value="{\"Id\":7,\"V\":197}" version=197 -> err="ErrMaybe"
  [1766] client=8  call=1773574943143ms return=1773574943226ms  put('k0', '{"Id":8,"V":200}', '200') -> ('OK')
       PUT key="k0" value="{\"Id\":8,\"V\":200}" version=200 -> err="OK"
  [1767] client=3  call=1773574943113ms return=1773574943247ms  get('k0') -> ('{"Id":8,"V":200}', '201', 'OK')
       GET key="k0" -> value="{\"Id\":8,\"V\":200}" version=201 err="OK"
  [1768] client=0  call=1773574943103ms return=1773574943247ms  put('k0', '{"Id":0,"V":200}', '200') -> ('ErrMaybe')
       PUT key="k0" value="{\"Id\":0,\"V\":200}" version=200 -> err="ErrMaybe"
  [1769] client=7  call=1773574943216ms return=1773574943277ms  get('k0') -> ('{"Id":8,"V":200}', '201', 'OK')
       GET key="k0" -> value="{\"Id\":8,\"V\":200}" version=201 err="OK"
  [1770] client=8  call=1773574943226ms return=1773574943277ms  get('k0') -> ('{"Id":8,"V":200}', '201', 'OK')
       GET key="k0" -> value="{\"Id\":8,\"V\":200}" version=201 err="OK"
  [1771] client=6  call=1773574943195ms return=1773574943287ms  get('k0') -> ('{"Id":8,"V":200}', '201', 'OK')
       GET key="k0" -> value="{\"Id\":8,\"V\":200}" version=201 err="OK"
  [1772] client=2  call=1773574943195ms return=1773574943317ms  get('k0') -> ('{"Id":8,"V":200}', '201', 'OK')
       GET key="k0" -> value="{\"Id\":8,\"V\":200}" version=201 err="OK"
  [1773] client=0  call=1773574943247ms return=1773574943317ms  get('k0') -> ('{"Id":8,"V":200}', '201', 'OK')
       GET key="k0" -> value="{\"Id\":8,\"V\":200}" version=201 err="OK"
  [1774] client=7  call=1773574943277ms return=1773574943317ms  put('k0', '{"Id":7,"V":201}', '201') -> ('OK')
       PUT key="k0" value="{\"Id\":7,\"V\":201}" version=201 -> err="OK"
  [1775] client=3  call=1773574943247ms return=1773574943347ms  put('k0', '{"Id":3,"V":201}', '201') -> ('ErrMaybe')
       PUT key="k0" value="{\"Id\":3,\"V\":201}" version=201 -> err="ErrMaybe"
  [1776] client=6  call=1773574943287ms return=1773574943347ms  put('k0', '{"Id":6,"V":201}', '201') -> ('ErrMaybe')
       PUT key="k0" value="{\"Id\":6,\"V\":201}" version=201 -> err="ErrMaybe"
  [1777] client=8  call=1773574943277ms return=1773574943378ms  put('k0', '{"Id":8,"V":201}', '201') -> ('ErrMaybe')
       PUT key="k0" value="{\"Id\":8,\"V\":201}" version=201 -> err="ErrMaybe"
  [1778] client=1  call=1773574943103ms return=1773574943388ms  get('k0') -> ('{"Id":7,"V":201}', '202', 'OK')
       GET key="k0" -> value="{\"Id\":7,\"V\":201}" version=202 err="OK"
  [1779] client=7  call=1773574943317ms return=1773574943388ms  get('k0') -> ('{"Id":7,"V":201}', '202', 'OK')
       GET key="k0" -> value="{\"Id\":7,\"V\":201}" version=202 err="OK"
  [1780] client=2  call=1773574943317ms return=1773574943418ms  put('k0', '{"Id":2,"V":201}', '201') -> ('ErrMaybe')
       PUT key="k0" value="{\"Id\":2,\"V\":201}" version=201 -> err="ErrMaybe"
  [1781] client=3  call=1773574943347ms return=1773574943438ms  get('k0') -> ('{"Id":7,"V":201}', '202', 'OK')
       GET key="k0" -> value="{\"Id\":7,\"V\":201}" version=202 err="OK"
  [1782] client=8  call=1773574943378ms return=1773574943469ms  get('k0') -> ('{"Id":7,"V":201}', '202', 'OK')
       GET key="k0" -> value="{\"Id\":7,\"V\":201}" version=202 err="OK"
  [1783] client=1  call=1773574943388ms return=1773574943469ms  put('k0', '{"Id":1,"V":202}', '202') -> ('OK')
       PUT key="k0" value="{\"Id\":1,\"V\":202}" version=202 -> err="OK"
  [1784] client=6  call=1773574943347ms return=1773574943469ms  get('k0') -> ('{"Id":1,"V":202}', '203', 'OK')
       GET key="k0" -> value="{\"Id\":1,\"V\":202}" version=203 err="OK"
  [1785] client=0  call=1773574943317ms return=1773574943469ms  put('k0', '{"Id":0,"V":201}', '201') -> ('ErrMaybe')
       PUT key="k0" value="{\"Id\":0,\"V\":201}" version=201 -> err="ErrMaybe"
  [1786] client=7  call=1773574943388ms return=1773574943469ms  put('k0', '{"Id":7,"V":202}', '202') -> ('ErrMaybe')
       PUT key="k0" value="{\"Id\":7,\"V\":202}" version=202 -> err="ErrMaybe"
  [1787] client=3  call=1773574943438ms return=1773574943540ms  put('k0', '{"Id":3,"V":202}', '202') -> ('ErrMaybe')
       PUT key="k0" value="{\"Id\":3,\"V\":202}" version=202 -> err="ErrMaybe"
  [1788] client=0  call=1773574943469ms return=1773574943540ms  get('k0') -> ('{"Id":1,"V":202}', '203', 'OK')
       GET key="k0" -> value="{\"Id\":1,\"V\":202}" version=203 err="OK"
  [1789] client=1  call=1773574943469ms return=1773574943540ms  get('k0') -> ('{"Id":1,"V":202}', '203', 'OK')
       GET key="k0" -> value="{\"Id\":1,\"V\":202}" version=203 err="OK"
  [1790] client=8  call=1773574943469ms return=1773574943540ms  put('k0', '{"Id":8,"V":202}', '202') -> ('ErrMaybe')
       PUT key="k0" value="{\"Id\":8,\"V\":202}" version=202 -> err="ErrMaybe"
  [1791] client=2  call=1773574943418ms return=1773574943550ms  get('k0') -> ('{"Id":1,"V":202}', '203', 'OK')
       GET key="k0" -> value="{\"Id\":1,\"V\":202}" version=203 err="OK"
  [1792] client=6  call=1773574943469ms return=1773574943550ms  put('k0', '{"Id":6,"V":203}', '203') -> ('OK')
       PUT key="k0" value="{\"Id\":6,\"V\":203}" version=203 -> err="OK"
  [1793] client=1  call=1773574943540ms return=1773574943600ms  put('k0', '{"Id":1,"V":203}', '203') -> ('ErrMaybe')
       PUT key="k0" value="{\"Id\":1,\"V\":203}" version=203 -> err="ErrMaybe"
  [1794] client=7  call=1773574943469ms return=1773574943620ms  get('k0') -> ('{"Id":6,"V":203}', '204', 'OK')
       GET key="k0" -> value="{\"Id\":6,\"V\":203}" version=204 err="OK"
  [1795] client=8  call=1773574943540ms return=1773574943620ms  get('k0') -> ('{"Id":6,"V":203}', '204', 'OK')
       GET key="k0" -> value="{\"Id\":6,\"V\":203}" version=204 err="OK"
  [1796] client=0  call=1773574943540ms return=1773574943620ms  put('k0', '{"Id":0,"V":203}', '203') -> ('ErrMaybe')
       PUT key="k0" value="{\"Id\":0,\"V\":203}" version=203 -> err="ErrMaybe"
  [1797] client=3  call=1773574943540ms return=1773574943620ms  get('k0') -> ('{"Id":6,"V":203}', '204', 'OK')
       GET key="k0" -> value="{\"Id\":6,\"V\":203}" version=204 err="OK"
  [1798] client=6  call=1773574943550ms return=1773574943640ms  get('k0') -> ('{"Id":6,"V":203}', '204', 'OK')
       GET key="k0" -> value="{\"Id\":6,\"V\":203}" version=204 err="OK"
  [1799] client=2  call=1773574943550ms return=1773574943671ms  put('k0', '{"Id":2,"V":203}', '203') -> ('ErrMaybe')
       PUT key="k0" value="{\"Id\":2,\"V\":203}" version=203 -> err="ErrMaybe"
  [1800] client=1  call=1773574943600ms return=1773574943691ms  get('k0') -> ('{"Id":8,"V":204}', '205', 'OK')
       GET key="k0" -> value="{\"Id\":8,\"V\":204}" version=205 err="OK"
  [1801] client=8  call=1773574943620ms return=1773574943691ms  put('k0', '{"Id":8,"V":204}', '204') -> ('OK')
       PUT key="k0" value="{\"Id\":8,\"V\":204}" version=204 -> err="OK"
  [1802] client=3  call=1773574943620ms return=1773574943701ms  put('k0', '{"Id":3,"V":204}', '204') -> ('ErrMaybe')
       PUT key="k0" value="{\"Id\":3,\"V\":204}" version=204 -> err="ErrMaybe"
  [1803] client=0  call=1773574943620ms return=1773574943701ms  get('k0') -> ('{"Id":8,"V":204}', '205', 'OK')
       GET key="k0" -> value="{\"Id\":8,\"V\":204}" version=205 err="OK"
  [1804] client=8  call=1773574943691ms return=1773574943741ms  get('k0') -> ('{"Id":8,"V":204}', '205', 'OK')
       GET key="k0" -> value="{\"Id\":8,\"V\":204}" version=205 err="OK"
  [1805] client=7  call=1773574943620ms return=1773574943741ms  put('k0', '{"Id":7,"V":204}', '204') -> ('ErrMaybe')
       PUT key="k0" value="{\"Id\":7,\"V\":204}" version=204 -> err="ErrMaybe"
  [1806] client=1  call=1773574943691ms return=1773574943751ms  put('k0', '{"Id":1,"V":205}', '205') -> ('OK')
       PUT key="k0" value="{\"Id\":1,\"V\":205}" version=205 -> err="OK"
  [1807] client=2  call=1773574943671ms return=1773574943751ms  get('k0') -> ('{"Id":8,"V":204}', '205', 'OK')
       GET key="k0" -> value="{\"Id\":8,\"V\":204}" version=205 err="OK"
  [1808] client=6  call=1773574943640ms return=1773574943751ms  put('k0', '{"Id":6,"V":204}', '204') -> ('ErrMaybe')
       PUT key="k0" value="{\"Id\":6,\"V\":204}" version=204 -> err="ErrMaybe"
  [1809] client=3  call=1773574943701ms return=1773574943782ms  get('k0') -> ('{"Id":1,"V":205}', '206', 'OK')
       GET key="k0" -> value="{\"Id\":1,\"V\":205}" version=206 err="OK"
  [1810] client=0  call=1773574943701ms return=1773574943782ms  put('k0', '{"Id":0,"V":205}', '205') -> ('ErrMaybe')
       PUT key="k0" value="{\"Id\":0,\"V\":205}" version=205 -> err="ErrMaybe"
  [1811] client=2  call=1773574943751ms return=1773574943812ms  put('k0', '{"Id":2,"V":205}', '205') -> ('ErrMaybe')
       PUT key="k0" value="{\"Id\":2,\"V\":205}" version=205 -> err="ErrMaybe"
  [1812] client=8  call=1773574943741ms return=1773574943812ms  put('k0', '{"Id":8,"V":205}', '205') -> ('ErrMaybe')
       PUT key="k0" value="{\"Id\":8,\"V\":205}" version=205 -> err="ErrMaybe"
  [1813] client=1  call=1773574943751ms return=1773574943812ms  get('k0') -> ('{"Id":1,"V":205}', '206', 'OK')
       GET key="k0" -> value="{\"Id\":1,\"V\":205}" version=206 err="OK"
  [1814] client=6  call=1773574943751ms return=1773574943852ms  get('k0') -> ('{"Id":1,"V":205}', '206', 'OK')
       GET key="k0" -> value="{\"Id\":1,\"V\":205}" version=206 err="OK"
  [1815] client=0  call=1773574943782ms return=1773574943863ms  get('k0') -> ('{"Id":1,"V":205}', '206', 'OK')
       GET key="k0" -> value="{\"Id\":1,\"V\":205}" version=206 err="OK"
  [1816] client=1  call=1773574943812ms return=1773574943893ms  put('k0', '{"Id":1,"V":206}', '206') -> ('ErrMaybe')
       PUT key="k0" value="{\"Id\":1,\"V\":206}" version=206 -> err="ErrMaybe"
  [1817] client=8  call=1773574943812ms return=1773574943894ms  get('k0') -> ('{"Id":3,"V":206}', '207', 'OK')
       GET key="k0" -> value="{\"Id\":3,\"V\":206}" version=207 err="OK"
  [1818] client=6  call=1773574943852ms return=1773574943904ms  put('k0', '{"Id":6,"V":206}', '206') -> ('ErrMaybe')
       PUT key="k0" value="{\"Id\":6,\"V\":206}" version=206 -> err="ErrMaybe"
  [1819] client=3  call=1773574943782ms return=1773574943904ms  put('k0', '{"Id":3,"V":206}', '206') -> ('ErrMaybe')
       PUT key="k0" value="{\"Id\":3,\"V\":206}" version=206 -> err="ErrMaybe"
  [1820] client=7  call=1773574943741ms return=1773574943934ms  get('k0') -> ('{"Id":3,"V":206}', '207', 'OK')
       GET key="k0" -> value="{\"Id\":3,\"V\":206}" version=207 err="OK"
  [1821] client=0  call=1773574943863ms return=1773574943944ms  put('k0', '{"Id":0,"V":206}', '206') -> ('ErrMaybe')
       PUT key="k0" value="{\"Id\":0,\"V\":206}" version=206 -> err="ErrMaybe"
  [1822] client=8  call=1773574943894ms return=1773574943976ms  put('k0', '{"Id":8,"V":207}', '207') -> ('OK')
       PUT key="k0" value="{\"Id\":8,\"V\":207}" version=207 -> err="OK"
  [1823] client=6  call=1773574943904ms return=1773574943976ms  get('k0') -> ('{"Id":3,"V":206}', '207', 'OK')
       GET key="k0" -> value="{\"Id\":3,\"V\":206}" version=207 err="OK"
  [1824] client=2  call=1773574943812ms return=1773574943976ms  get('k0') -> ('{"Id":8,"V":207}', '208', 'OK')
       GET key="k0" -> value="{\"Id\":8,\"V\":207}" version=208 err="OK"
  [1825] client=3  call=1773574943904ms return=1773574944016ms  get('k0') -> ('{"Id":8,"V":207}', '208', 'OK')
       GET key="k0" -> value="{\"Id\":8,\"V\":207}" version=208 err="OK"
  [1826] client=0  call=1773574943944ms return=1773574944046ms  get('k0') -> ('{"Id":8,"V":207}', '208', 'OK')
       GET key="k0" -> value="{\"Id\":8,\"V\":207}" version=208 err="OK"
  [1827] client=6  call=1773574943976ms return=1773574944046ms  put('k0', '{"Id":6,"V":207}', '207') -> ('ErrMaybe')
       PUT key="k0" value="{\"Id\":6,\"V\":207}" version=207 -> err="ErrMaybe"
  [1828] client=2  call=1773574943976ms return=1773574944046ms  put('k0', '{"Id":2,"V":208}', '208') -> ('OK')
       PUT key="k0" value="{\"Id\":2,\"V\":208}" version=208 -> err="OK"
  [1829] client=1  call=1773574943893ms return=1773574944066ms  get('k0') -> ('{"Id":2,"V":208}', '209', 'OK')
       GET key="k0" -> value="{\"Id\":2,\"V\":208}" version=209 err="OK"
  [1830] client=2  call=1773574944046ms return=1773574944127ms  get('k0') -> ('{"Id":2,"V":208}', '209', 'OK')
       GET key="k0" -> value="{\"Id\":2,\"V\":208}" version=209 err="OK"
  [1831] client=0  call=1773574944046ms return=1773574944127ms  put('k0', '{"Id":0,"V":208}', '208') -> ('ErrMaybe')
       PUT key="k0" value="{\"Id\":0,\"V\":208}" version=208 -> err="ErrMaybe"
  [1832] client=8  call=1773574943976ms return=1773574944127ms  get('k0') -> ('{"Id":2,"V":208}', '209', 'OK')
       GET key="k0" -> value="{\"Id\":2,\"V\":208}" version=209 err="OK"
  [1833] client=7  call=1773574943934ms return=1773574944148ms  put('k0', '{"Id":7,"V":207}', '207') -> ('ErrMaybe')
       PUT key="k0" value="{\"Id\":7,\"V\":207}" version=207 -> err="ErrMaybe"
  [1834] client=3  call=1773574944016ms return=1773574944148ms  put('k0', '{"Id":3,"V":208}', '208') -> ('ErrMaybe')
       PUT key="k0" value="{\"Id\":3,\"V\":208}" version=208 -> err="ErrMaybe"
  [1835] client=1  call=1773574944066ms return=1773574944158ms  put('k0', '{"Id":1,"V":209}', '209') -> ('OK')
       PUT key="k0" value="{\"Id\":1,\"V\":209}" version=209 -> err="OK"
  [1836] client=2  call=1773574944127ms return=1773574944210ms  put('k0', '{"Id":2,"V":209}', '209') -> ('ErrMaybe')
       PUT key="k0" value="{\"Id\":2,\"V\":209}" version=209 -> err="ErrMaybe"
  [1837] client=3  call=1773574944148ms return=1773574944210ms  get('k0') -> ('{"Id":1,"V":209}', '210', 'OK')
       GET key="k0" -> value="{\"Id\":1,\"V\":209}" version=210 err="OK"
  [1838] client=8  call=1773574944127ms return=1773574944220ms  put('k0', '{"Id":8,"V":209}', '209') -> ('ErrMaybe')
       PUT key="k0" value="{\"Id\":8,\"V\":209}" version=209 -> err="ErrMaybe"
  [1839] client=6  call=1773574944046ms return=1773574944220ms  get('k0') -> ('{"Id":1,"V":209}', '210', 'OK')
       GET key="k0" -> value="{\"Id\":1,\"V\":209}" version=210 err="OK"
  [1840] client=1  call=1773574944158ms return=1773574944240ms  get('k0') -> ('{"Id":1,"V":209}', '210', 'OK')
       GET key="k0" -> value="{\"Id\":1,\"V\":209}" version=210 err="OK"
  [1841] client=7  call=1773574944148ms return=1773574944240ms  get('k0') -> ('{"Id":1,"V":209}', '210', 'OK')
       GET key="k0" -> value="{\"Id\":1,\"V\":209}" version=210 err="OK"
  [1842] client=2  call=1773574944210ms return=1773574944290ms  get('k0') -> ('{"Id":1,"V":209}', '210', 'OK')
       GET key="k0" -> value="{\"Id\":1,\"V\":209}" version=210 err="OK"
  [1843] client=0  call=1773574944127ms return=1773574944311ms  get('k0') -> ('{"Id":1,"V":209}', '210', 'OK')
       GET key="k0" -> value="{\"Id\":1,\"V\":209}" version=210 err="OK"
  [1844] client=3  call=1773574944210ms return=1773574944321ms  put('k0', '{"Id":3,"V":210}', '210') -> ('OK')
       PUT key="k0" value="{\"Id\":3,\"V\":210}" version=210 -> err="OK"
  [1845] client=1  call=1773574944240ms return=1773574944331ms  put('k0', '{"Id":1,"V":210}', '210') -> ('ErrMaybe')
       PUT key="k0" value="{\"Id\":1,\"V\":210}" version=210 -> err="ErrMaybe"
  [1846] client=7  call=1773574944240ms return=1773574944341ms  put('k0', '{"Id":7,"V":210}', '210') -> ('ErrMaybe')
       PUT key="k0" value="{\"Id\":7,\"V\":210}" version=210 -> err="ErrMaybe"
  [1847] client=0  call=1773574944311ms return=1773574944381ms  put('k0', '{"Id":0,"V":210}', '210') -> ('ErrMaybe')
       PUT key="k0" value="{\"Id\":0,\"V\":210}" version=210 -> err="ErrMaybe"
  [1848] client=3  call=1773574944321ms return=1773574944412ms  get('k0') -> ('{"Id":3,"V":210}', '211', 'OK')
       GET key="k0" -> value="{\"Id\":3,\"V\":210}" version=211 err="OK"
  [1849] client=6  call=1773574944220ms return=1773574944412ms  put('k0', '{"Id":6,"V":210}', '210') -> ('ErrMaybe')
       PUT key="k0" value="{\"Id\":6,\"V\":210}" version=210 -> err="ErrMaybe"
  [1850] client=7  call=1773574944341ms return=1773574944412ms  get('k0') -> ('{"Id":3,"V":210}', '211', 'OK')
       GET key="k0" -> value="{\"Id\":3,\"V\":210}" version=211 err="OK"
  [1851] client=1  call=1773574944331ms return=1773574944433ms  get('k0') -> ('{"Id":3,"V":210}', '211', 'OK')
       GET key="k0" -> value="{\"Id\":3,\"V\":210}" version=211 err="OK"
  [1852] client=2  call=1773574944290ms return=1773574944433ms  put('k0', '{"Id":2,"V":210}', '210') -> ('ErrMaybe')
       PUT key="k0" value="{\"Id\":2,\"V\":210}" version=210 -> err="ErrMaybe"
  [1853] client=0  call=1773574944381ms return=1773574944463ms  get('k0') -> ('{"Id":3,"V":210}', '211', 'OK')
       GET key="k0" -> value="{\"Id\":3,\"V\":210}" version=211 err="OK"
  [1854] client=8  call=1773574944220ms return=1773574944483ms  get('k0') -> ('{"Id":3,"V":210}', '211', 'OK')
       GET key="k0" -> value="{\"Id\":3,\"V\":210}" version=211 err="OK"
  [1855] client=3  call=1773574944413ms return=1773574944493ms  put('k0', '{"Id":3,"V":211}', '211') -> ('OK')
       PUT key="k0" value="{\"Id\":3,\"V\":211}" version=211 -> err="OK"
  [1856] client=6  call=1773574944412ms return=1773574944523ms  get('k0') -> ('{"Id":3,"V":211}', '212', 'OK')
       GET key="k0" -> value="{\"Id\":3,\"V\":211}" version=212 err="OK"
  [1857] client=0  call=1773574944463ms return=1773574944523ms  put('k0', '{"Id":0,"V":211}', '211') -> ('ErrMaybe')
       PUT key="k0" value="{\"Id\":0,\"V\":211}" version=211 -> err="ErrMaybe"
  [1858] client=7  call=1773574944413ms return=1773574944523ms  put('k0', '{"Id":7,"V":211}', '211') -> ('ErrMaybe')
       PUT key="k0" value="{\"Id\":7,\"V\":211}" version=211 -> err="ErrMaybe"
  [1859] client=3  call=1773574944493ms return=1773574944574ms  get('k0') -> ('{"Id":3,"V":211}', '212', 'OK')
       GET key="k0" -> value="{\"Id\":3,\"V\":211}" version=212 err="OK"
  [1860] client=7  call=1773574944523ms return=1773574944584ms  get('k0') -> ('{"Id":3,"V":211}', '212', 'OK')
       GET key="k0" -> value="{\"Id\":3,\"V\":211}" version=212 err="OK"
  [1861] client=1  call=1773574944433ms return=1773574944584ms  put('k0', '{"Id":1,"V":211}', '211') -> ('ErrMaybe')
       PUT key="k0" value="{\"Id\":1,\"V\":211}" version=211 -> err="ErrMaybe"
  [1862] client=6  call=1773574944523ms return=1773574944584ms  put('k0', '{"Id":6,"V":212}', '212') -> ('OK')
       PUT key="k0" value="{\"Id\":6,\"V\":212}" version=212 -> err="OK"
  [1863] client=8  call=1773574944483ms return=1773574944604ms  put('k0', '{"Id":8,"V":211}', '211') -> ('ErrMaybe')
       PUT key="k0" value="{\"Id\":8,\"V\":211}" version=211 -> err="ErrMaybe"
  [1864] client=2  call=1773574944433ms return=1773574944614ms  get('k0') -> ('{"Id":6,"V":212}', '213', 'OK')
       GET key="k0" -> value="{\"Id\":6,\"V\":212}" version=213 err="OK"
  [1865] client=7  call=1773574944584ms return=1773574944655ms  put('k0', '{"Id":7,"V":212}', '212') -> ('ErrMaybe')
       PUT key="k0" value="{\"Id\":7,\"V\":212}" version=212 -> err="ErrMaybe"
  [1866] client=6  call=1773574944584ms return=1773574944655ms  get('k0') -> ('{"Id":6,"V":212}', '213', 'OK')
       GET key="k0" -> value="{\"Id\":6,\"V\":212}" version=213 err="OK"
  [1867] client=1  call=1773574944584ms return=1773574944655ms  get('k0') -> ('{"Id":6,"V":212}', '213', 'OK')
       GET key="k0" -> value="{\"Id\":6,\"V\":212}" version=213 err="OK"
  [1868] client=8  call=1773574944604ms return=1773574944655ms  get('k0') -> ('{"Id":6,"V":212}', '213', 'OK')
       GET key="k0" -> value="{\"Id\":6,\"V\":212}" version=213 err="OK"
  [1869] client=2  call=1773574944614ms return=1773574944685ms  put('k0', '{"Id":2,"V":213}', '213') -> ('OK')
       PUT key="k0" value="{\"Id\":2,\"V\":213}" version=213 -> err="OK"
  [1870] client=0  call=1773574944523ms return=1773574944685ms  get('k0') -> ('{"Id":6,"V":212}', '213', 'OK')
       GET key="k0" -> value="{\"Id\":6,\"V\":212}" version=213 err="OK"
  [1871] client=7  call=1773574944655ms return=1773574944745ms  get('k0') -> ('{"Id":2,"V":213}', '214', 'OK')
       GET key="k0" -> value="{\"Id\":2,\"V\":213}" version=214 err="OK"
  [1872] client=1  call=1773574944655ms return=1773574944745ms  put('k0', '{"Id":1,"V":213}', '213') -> ('ErrMaybe')
       PUT key="k0" value="{\"Id\":1,\"V\":213}" version=213 -> err="ErrMaybe"
  [1873] client=8  call=1773574944655ms return=1773574944745ms  put('k0', '{"Id":8,"V":213}', '213') -> ('ErrMaybe')
       PUT key="k0" value="{\"Id\":8,\"V\":213}" version=213 -> err="ErrMaybe"
  [1874] client=6  call=1773574944655ms return=1773574944756ms  put('k0', '{"Id":6,"V":213}', '213') -> ('ErrMaybe')
       PUT key="k0" value="{\"Id\":6,\"V\":213}" version=213 -> err="ErrMaybe"
  [1875] client=2  call=1773574944685ms return=1773574944766ms  get('k0') -> ('{"Id":2,"V":213}', '214', 'OK')
       GET key="k0" -> value="{\"Id\":2,\"V\":213}" version=214 err="OK"
  [1876] client=0  call=1773574944685ms return=1773574944806ms  put('k0', '{"Id":0,"V":213}', '213') -> ('ErrMaybe')
       PUT key="k0" value="{\"Id\":0,\"V\":213}" version=213 -> err="ErrMaybe"
  [1877] client=2  call=1773574944766ms return=1773574944837ms  put('k0', '{"Id":2,"V":214}', '214') -> ('OK')
       PUT key="k0" value="{\"Id\":2,\"V\":214}" version=214 -> err="OK"
  [1878] client=8  call=1773574944745ms return=1773574944847ms  get('k0') -> ('{"Id":2,"V":214}', '215', 'OK')
       GET key="k0" -> value="{\"Id\":2,\"V\":214}" version=215 err="OK"
  [1879] client=6  call=1773574944756ms return=1773574944847ms  get('k0') -> ('{"Id":2,"V":214}', '215', 'OK')
       GET key="k0" -> value="{\"Id\":2,\"V\":214}" version=215 err="OK"
  [1880] client=7  call=1773574944746ms return=1773574944847ms  put('k0', '{"Id":7,"V":214}', '214') -> ('ErrMaybe')
       PUT key="k0" value="{\"Id\":7,\"V\":214}" version=214 -> err="ErrMaybe"
  [1881] client=1  call=1773574944745ms return=1773574944847ms  get('k0') -> ('{"Id":2,"V":214}', '215', 'OK')
       GET key="k0" -> value="{\"Id\":2,\"V\":214}" version=215 err="OK"
  [1882] client=3  call=1773574944574ms return=1773574944847ms  put('k0', '{"Id":3,"V":212}', '212') -> ('ErrMaybe')
       PUT key="k0" value="{\"Id\":3,\"V\":212}" version=212 -> err="ErrMaybe"
  [1883] client=0  call=1773574944806ms return=1773574944877ms  get('k0') -> ('{"Id":2,"V":214}', '215', 'OK')
       GET key="k0" -> value="{\"Id\":2,\"V\":214}" version=215 err="OK"
  [1884] client=1  call=1773574944847ms return=1773574944919ms  put('k0', '{"Id":1,"V":215}', '215') -> ('OK')
       PUT key="k0" value="{\"Id\":1,\"V\":215}" version=215 -> err="OK"
  [1885] client=6  call=1773574944847ms return=1773574944919ms  put('k0', '{"Id":6,"V":215}', '215') -> ('ErrMaybe')
       PUT key="k0" value="{\"Id\":6,\"V\":215}" version=215 -> err="ErrMaybe"
  [1886] client=8  call=1773574944847ms return=1773574944939ms  put('k0', '{"Id":8,"V":215}', '215') -> ('ErrMaybe')
       PUT key="k0" value="{\"Id\":8,\"V\":215}" version=215 -> err="ErrMaybe"
  [1887] client=2  call=1773574944837ms return=1773574944979ms  get('k0') -> ('{"Id":1,"V":215}', '216', 'OK')
       GET key="k0" -> value="{\"Id\":1,\"V\":215}" version=216 err="OK"
  [1888] client=0  call=1773574944877ms return=1773574944979ms  put('k0', '{"Id":0,"V":215}', '215') -> ('ErrMaybe')
       PUT key="k0" value="{\"Id\":0,\"V\":215}" version=215 -> err="ErrMaybe"
  [1889] client=6  call=1773574944919ms return=1773574945010ms  get('k0') -> ('{"Id":1,"V":215}', '216', 'OK')
       GET key="k0" -> value="{\"Id\":1,\"V\":215}" version=216 err="OK"
  [1890] client=8  call=1773574944939ms return=1773574945010ms  get('k0') -> ('{"Id":1,"V":215}', '216', 'OK')
       GET key="k0" -> value="{\"Id\":1,\"V\":215}" version=216 err="OK"
  [1891] client=7  call=1773574944847ms return=1773574945010ms  get('k0') -> ('{"Id":1,"V":215}', '216', 'OK')
       GET key="k0" -> value="{\"Id\":1,\"V\":215}" version=216 err="OK"
  [1892] client=3  call=1773574944847ms return=1773574945010ms  get('k0') -> ('{"Id":1,"V":215}', '216', 'OK')
       GET key="k0" -> value="{\"Id\":1,\"V\":215}" version=216 err="OK"
  [1893] client=1  call=1773574944919ms return=1773574945030ms  get('k0') -> ('{"Id":1,"V":215}', '216', 'OK')
       GET key="k0" -> value="{\"Id\":1,\"V\":215}" version=216 err="OK"
  [1894] client=0  call=1773574944979ms return=1773574945050ms  get('k0') -> ('{"Id":1,"V":215}', '216', 'OK')
       GET key="k0" -> value="{\"Id\":1,\"V\":215}" version=216 err="OK"
  [1895] client=1  call=1773574945030ms return=1773574945071ms  put('k0', '{"Id":1,"V":216}', '216') -> ('ErrMaybe')
       PUT key="k0" value="{\"Id\":1,\"V\":216}" version=216 -> err="ErrMaybe"
  [1896] client=2  call=1773574944979ms return=1773574945071ms  put('k0', '{"Id":2,"V":216}', '216') -> ('ErrMaybe')
       PUT key="k0" value="{\"Id\":2,\"V\":216}" version=216 -> err="ErrMaybe"
  [1897] client=3  call=1773574945010ms return=1773574945091ms  put('k0', '{"Id":3,"V":216}', '216') -> ('ErrMaybe')
       PUT key="k0" value="{\"Id\":3,\"V\":216}" version=216 -> err="ErrMaybe"
  [1898] client=8  call=1773574945010ms return=1773574945132ms  put('k0', '{"Id":8,"V":216}', '216') -> ('ErrMaybe')
       PUT key="k0" value="{\"Id\":8,\"V\":216}" version=216 -> err="ErrMaybe"
  [1899] client=0  call=1773574945050ms return=1773574945132ms  put('k0', '{"Id":0,"V":216}', '216') -> ('ErrMaybe')
       PUT key="k0" value="{\"Id\":0,\"V\":216}" version=216 -> err="ErrMaybe"
  [1900] client=1  call=1773574945071ms return=1773574945173ms  get('k0') -> ('{"Id":7,"V":216}', '217', 'OK')
       GET key="k0" -> value="{\"Id\":7,\"V\":216}" version=217 err="OK"
  [1901] client=7  call=1773574945010ms return=1773574945173ms  put('k0', '{"Id":7,"V":216}', '216') -> ('ErrMaybe')
       PUT key="k0" value="{\"Id\":7,\"V\":216}" version=216 -> err="ErrMaybe"
  [1902] client=2  call=1773574945071ms return=1773574945173ms  get('k0') -> ('{"Id":7,"V":216}', '217', 'OK')
       GET key="k0" -> value="{\"Id\":7,\"V\":216}" version=217 err="OK"
  [1903] client=0  call=1773574945132ms return=1773574945193ms  get('k0') -> ('{"Id":7,"V":216}', '217', 'OK')
       GET key="k0" -> value="{\"Id\":7,\"V\":216}" version=217 err="OK"
  [1904] client=3  call=1773574945091ms return=1773574945193ms  get('k0') -> ('{"Id":7,"V":216}', '217', 'OK')
       GET key="k0" -> value="{\"Id\":7,\"V\":216}" version=217 err="OK"
  [1905] client=6  call=1773574945010ms return=1773574945193ms  put('k0', '{"Id":6,"V":216}', '216') -> ('ErrMaybe')
       PUT key="k0" value="{\"Id\":6,\"V\":216}" version=216 -> err="ErrMaybe"
  [1906] client=8  call=1773574945132ms return=1773574945213ms  get('k0') -> ('{"Id":7,"V":216}', '217', 'OK')
       GET key="k0" -> value="{\"Id\":7,\"V\":216}" version=217 err="OK"
  [1907] client=7  call=1773574945173ms return=1773574945233ms  get('k0') -> ('{"Id":7,"V":216}', '217', 'OK')
       GET key="k0" -> value="{\"Id\":7,\"V\":216}" version=217 err="OK"
  [1908] client=1  call=1773574945173ms return=1773574945254ms  put('k0', '{"Id":1,"V":217}', '217') -> ('ErrMaybe')
       PUT key="k0" value="{\"Id\":1,\"V\":217}" version=217 -> err="ErrMaybe"
  [1909] client=8  call=1773574945213ms return=1773574945275ms  put('k0', '{"Id":8,"V":217}', '217') -> ('ErrMaybe')
       PUT key="k0" value="{\"Id\":8,\"V\":217}" version=217 -> err="ErrMaybe"
  [1910] client=3  call=1773574945194ms return=1773574945275ms  put('k0', '{"Id":3,"V":217}', '217') -> ('ErrMaybe')
       PUT key="k0" value="{\"Id\":3,\"V\":217}" version=217 -> err="ErrMaybe"
  [1911] client=0  call=1773574945193ms return=1773574945275ms  put('k0', '{"Id":0,"V":217}', '217') -> ('ErrMaybe')
       PUT key="k0" value="{\"Id\":0,\"V\":217}" version=217 -> err="ErrMaybe"
  [1912] client=6  call=1773574945193ms return=1773574945295ms  get('k0') -> ('{"Id":2,"V":217}', '218', 'OK')
       GET key="k0" -> value="{\"Id\":2,\"V\":217}" version=218 err="OK"
  [1913] client=7  call=1773574945233ms return=1773574945305ms  put('k0', '{"Id":7,"V":217}', '217') -> ('ErrMaybe')
       PUT key="k0" value="{\"Id\":7,\"V\":217}" version=217 -> err="ErrMaybe"
  [1914] client=1  call=1773574945254ms return=1773574945305ms  get('k0') -> ('{"Id":2,"V":217}', '218', 'OK')
       GET key="k0" -> value="{\"Id\":2,\"V\":217}" version=218 err="OK"
  [1915] client=2  call=1773574945173ms return=1773574945305ms  put('k0', '{"Id":2,"V":217}', '217') -> ('ErrMaybe')
       PUT key="k0" value="{\"Id\":2,\"V\":217}" version=217 -> err="ErrMaybe"
  [1916] client=6  call=1773574945295ms return=1773574945345ms  put('k0', '{"Id":6,"V":218}', '218') -> ('OK')
       PUT key="k0" value="{\"Id\":6,\"V\":218}" version=218 -> err="OK"
  [1917] client=3  call=1773574945275ms return=1773574945356ms  get('k0') -> ('{"Id":6,"V":218}', '219', 'OK')
       GET key="k0" -> value="{\"Id\":6,\"V\":218}" version=219 err="OK"
  [1918] client=0  call=1773574945275ms return=1773574945387ms  get('k0') -> ('{"Id":6,"V":218}', '219', 'OK')
       GET key="k0" -> value="{\"Id\":6,\"V\":218}" version=219 err="OK"
  [1919] client=8  call=1773574945275ms return=1773574945387ms  get('k0') -> ('{"Id":6,"V":218}', '219', 'OK')
       GET key="k0" -> value="{\"Id\":6,\"V\":218}" version=219 err="OK"
  [1920] client=3  call=1773574945356ms return=1773574945387ms  put('k0', '{"Id":3,"V":219}', '219') -> ('OK')
       PUT key="k0" value="{\"Id\":3,\"V\":219}" version=219 -> err="OK"
  [1921] client=1  call=1773574945305ms return=1773574945397ms  put('k0', '{"Id":1,"V":218}', '218') -> ('ErrMaybe')
       PUT key="k0" value="{\"Id\":1,\"V\":218}" version=218 -> err="ErrMaybe"
  [1922] client=7  call=1773574945305ms return=1773574945397ms  get('k0') -> ('{"Id":3,"V":219}', '220', 'OK')
       GET key="k0" -> value="{\"Id\":3,\"V\":219}" version=220 err="OK"
  [1923] client=6  call=1773574945345ms return=1773574945428ms  get('k0') -> ('{"Id":3,"V":219}', '220', 'OK')
       GET key="k0" -> value="{\"Id\":3,\"V\":219}" version=220 err="OK"
  [1924] client=3  call=1773574945387ms return=1773574945468ms  get('k0') -> ('{"Id":3,"V":219}', '220', 'OK')
       GET key="k0" -> value="{\"Id\":3,\"V\":219}" version=220 err="OK"
  [1925] client=8  call=1773574945387ms return=1773574945468ms  put('k0', '{"Id":8,"V":219}', '219') -> ('ErrMaybe')
       PUT key="k0" value="{\"Id\":8,\"V\":219}" version=219 -> err="ErrMaybe"
  [1926] client=7  call=1773574945397ms return=1773574945468ms  put('k0', '{"Id":7,"V":220}', '220') -> ('OK')
       PUT key="k0" value="{\"Id\":7,\"V\":220}" version=220 -> err="OK"
  [1927] client=0  call=1773574945387ms return=1773574945469ms  put('k0', '{"Id":0,"V":219}', '219') -> ('ErrMaybe')
       PUT key="k0" value="{\"Id\":0,\"V\":219}" version=219 -> err="ErrMaybe"
  [1928] client=2  call=1773574945305ms return=1773574945499ms  get('k0') -> ('{"Id":7,"V":220}', '221', 'OK')
       GET key="k0" -> value="{\"Id\":7,\"V\":220}" version=221 err="OK"
  [1929] client=1  call=1773574945397ms return=1773574945499ms  get('k0') -> ('{"Id":7,"V":220}', '221', 'OK')
       GET key="k0" -> value="{\"Id\":7,\"V\":220}" version=221 err="OK"
  [1930] client=6  call=1773574945428ms return=1773574945509ms  put('k0', '{"Id":6,"V":220}', '220') -> ('ErrMaybe')
       PUT key="k0" value="{\"Id\":6,\"V\":220}" version=220 -> err="ErrMaybe"
  [1931] client=3  call=1773574945468ms return=1773574945559ms  put('k0', '{"Id":3,"V":220}', '220') -> ('ErrMaybe')
       PUT key="k0" value="{\"Id\":3,\"V\":220}" version=220 -> err="ErrMaybe"
  [1932] client=8  call=1773574945468ms return=1773574945559ms  get('k0') -> ('{"Id":7,"V":220}', '221', 'OK')
       GET key="k0" -> value="{\"Id\":7,\"V\":220}" version=221 err="OK"
  [1933] client=1  call=1773574945499ms return=1773574945580ms  put('k0', '{"Id":1,"V":221}', '221') -> ('OK')
       PUT key="k0" value="{\"Id\":1,\"V\":221}" version=221 -> err="OK"
  [1934] client=0  call=1773574945469ms return=1773574945580ms  get('k0') -> ('{"Id":1,"V":221}', '222', 'OK')
       GET key="k0" -> value="{\"Id\":1,\"V\":221}" version=222 err="OK"
  [1935] client=6  call=1773574945509ms return=1773574945600ms  get('k0') -> ('{"Id":1,"V":221}', '222', 'OK')
       GET key="k0" -> value="{\"Id\":1,\"V\":221}" version=222 err="OK"
  [1936] client=3  call=1773574945559ms return=1773574945610ms  get('k0') -> ('{"Id":1,"V":221}', '222', 'OK')
       GET key="k0" -> value="{\"Id\":1,\"V\":221}" version=222 err="OK"
  [1937] client=8  call=1773574945559ms return=1773574945610ms  put('k0', '{"Id":8,"V":221}', '221') -> ('ErrMaybe')
       PUT key="k0" value="{\"Id\":8,\"V\":221}" version=221 -> err="ErrMaybe"
  [1938] client=7  call=1773574945468ms return=1773574945610ms  get('k0') -> ('{"Id":1,"V":221}', '222', 'OK')
       GET key="k0" -> value="{\"Id\":1,\"V\":221}" version=222 err="OK"
  [1939] client=2  call=1773574945499ms return=1773574945650ms  put('k0', '{"Id":2,"V":221}', '221') -> ('ErrMaybe')
       PUT key="k0" value="{\"Id\":2,\"V\":221}" version=221 -> err="ErrMaybe"
  [1940] client=0  call=1773574945580ms return=1773574945660ms  put('k0', '{"Id":0,"V":222}', '222') -> ('OK')
       PUT key="k0" value="{\"Id\":0,\"V\":222}" version=222 -> err="OK"
  [1941] client=1  call=1773574945580ms return=1773574945660ms  get('k0') -> ('{"Id":0,"V":222}', '223', 'OK')
       GET key="k0" -> value="{\"Id\":0,\"V\":222}" version=223 err="OK"
  [1942] client=3  call=1773574945610ms return=1773574945680ms  put('k0', '{"Id":3,"V":222}', '222') -> ('ErrMaybe')
       PUT key="k0" value="{\"Id\":3,\"V\":222}" version=222 -> err="ErrMaybe"
  [1943] client=6  call=1773574945600ms return=1773574945721ms  put('k0', '{"Id":6,"V":222}', '222') -> ('ErrMaybe')
       PUT key="k0" value="{\"Id\":6,\"V\":222}" version=222 -> err="ErrMaybe"
  [1944] client=0  call=1773574945660ms return=1773574945721ms  get('k0') -> ('{"Id":0,"V":222}', '223', 'OK')
       GET key="k0" -> value="{\"Id\":0,\"V\":222}" version=223 err="OK"
  [1945] client=7  call=1773574945610ms return=1773574945721ms  put('k0', '{"Id":7,"V":222}', '222') -> ('ErrMaybe')
       PUT key="k0" value="{\"Id\":7,\"V\":222}" version=222 -> err="ErrMaybe"
  [1946] client=2  call=1773574945650ms return=1773574945721ms  get('k0') -> ('{"Id":0,"V":222}', '223', 'OK')
       GET key="k0" -> value="{\"Id\":0,\"V\":222}" version=223 err="OK"
  [1947] client=8  call=1773574945610ms return=1773574945761ms  get('k0') -> ('{"Id":0,"V":222}', '223', 'OK')
       GET key="k0" -> value="{\"Id\":0,\"V\":222}" version=223 err="OK"
  [1948] client=1  call=1773574945660ms return=1773574945761ms  put('k0', '{"Id":1,"V":223}', '223') -> ('OK')
       PUT key="k0" value="{\"Id\":1,\"V\":223}" version=223 -> err="OK"
  [1949] client=6  call=1773574945721ms return=1773574945802ms  get('k0') -> ('{"Id":1,"V":223}', '224', 'OK')
       GET key="k0" -> value="{\"Id\":1,\"V\":223}" version=224 err="OK"
  [1950] client=2  call=1773574945721ms return=1773574945802ms  put('k0', '{"Id":2,"V":223}', '223') -> ('ErrMaybe')
       PUT key="k0" value="{\"Id\":2,\"V\":223}" version=223 -> err="ErrMaybe"
  [1951] client=8  call=1773574945762ms return=1773574945843ms  put('k0', '{"Id":8,"V":223}', '223') -> ('ErrMaybe')
       PUT key="k0" value="{\"Id\":8,\"V\":223}" version=223 -> err="ErrMaybe"
  [1952] client=6  call=1773574945802ms return=1773574945843ms  put('k0', '{"Id":6,"V":224}', '224') -> ('OK')
       PUT key="k0" value="{\"Id\":6,\"V\":224}" version=224 -> err="OK"
  [1953] client=3  call=1773574945680ms return=1773574945843ms  get('k0') -> ('{"Id":6,"V":224}', '225', 'OK')
       GET key="k0" -> value="{\"Id\":6,\"V\":224}" version=225 err="OK"
  [1954] client=7  call=1773574945721ms return=1773574945843ms  get('k0') -> ('{"Id":6,"V":224}', '225', 'OK')
       GET key="k0" -> value="{\"Id\":6,\"V\":224}" version=225 err="OK"
  [1955] client=1  call=1773574945761ms return=1773574945843ms  get('k0') -> ('{"Id":6,"V":224}', '225', 'OK')
       GET key="k0" -> value="{\"Id\":6,\"V\":224}" version=225 err="OK"
  [1956] client=0  call=1773574945721ms return=1773574945843ms  put('k0', '{"Id":0,"V":223}', '223') -> ('ErrMaybe')
       PUT key="k0" value="{\"Id\":0,\"V\":223}" version=223 -> err="ErrMaybe"
  [1957] client=8  call=1773574945843ms return=1773574945903ms  get('k0') -> ('{"Id":6,"V":224}', '225', 'OK')
       GET key="k0" -> value="{\"Id\":6,\"V\":224}" version=225 err="OK"
  [1958] client=1  call=1773574945843ms return=1773574945923ms  put('k0', '{"Id":1,"V":225}', '225') -> ('OK')
       PUT key="k0" value="{\"Id\":1,\"V\":225}" version=225 -> err="OK"
  [1959] client=6  call=1773574945843ms return=1773574945944ms  get('k0') -> ('{"Id":1,"V":225}', '226', 'OK')
       GET key="k0" -> value="{\"Id\":1,\"V\":225}" version=226 err="OK"
  [1960] client=0  call=1773574945843ms return=1773574945944ms  get('k0') -> ('{"Id":1,"V":225}', '226', 'OK')
       GET key="k0" -> value="{\"Id\":1,\"V\":225}" version=226 err="OK"
  [1961] client=3  call=1773574945843ms return=1773574945944ms  put('k0', '{"Id":3,"V":225}', '225') -> ('ErrMaybe')
       PUT key="k0" value="{\"Id\":3,\"V\":225}" version=225 -> err="ErrMaybe"
  [1962] client=7  call=1773574945843ms return=1773574945954ms  put('k0', '{"Id":7,"V":225}', '225') -> ('ErrMaybe')
       PUT key="k0" value="{\"Id\":7,\"V\":225}" version=225 -> err="ErrMaybe"
  [1963] client=8  call=1773574945903ms return=1773574945974ms  put('k0', '{"Id":8,"V":225}', '225') -> ('ErrMaybe')
       PUT key="k0" value="{\"Id\":8,\"V\":225}" version=225 -> err="ErrMaybe"
  [1964] client=2  call=1773574945802ms return=1773574945974ms  get('k0') -> ('{"Id":1,"V":225}', '226', 'OK')
       GET key="k0" -> value="{\"Id\":1,\"V\":225}" version=226 err="OK"
  [1965] client=3  call=1773574945944ms return=1773574946014ms  get('k0') -> ('{"Id":1,"V":225}', '226', 'OK')
       GET key="k0" -> value="{\"Id\":1,\"V\":225}" version=226 err="OK"
  [1966] client=6  call=1773574945944ms return=1773574946034ms  put('k0', '{"Id":6,"V":226}', '226') -> ('OK')
       PUT key="k0" value="{\"Id\":6,\"V\":226}" version=226 -> err="OK"
  [1967] client=1  call=1773574945923ms return=1773574946034ms  get('k0') -> ('{"Id":6,"V":226}', '227', 'OK')
       GET key="k0" -> value="{\"Id\":6,\"V\":226}" version=227 err="OK"
  [1968] client=0  call=1773574945944ms return=1773574946034ms  put('k0', '{"Id":0,"V":226}', '226') -> ('ErrMaybe')
       PUT key="k0" value="{\"Id\":0,\"V\":226}" version=226 -> err="ErrMaybe"
  [1969] client=2  call=1773574945974ms return=1773574946074ms  put('k0', '{"Id":2,"V":226}', '226') -> ('ErrMaybe')
       PUT key="k0" value="{\"Id\":2,\"V\":226}" version=226 -> err="ErrMaybe"
  [1970] client=7  call=1773574945954ms return=1773574946074ms  get('k0') -> ('{"Id":6,"V":226}', '227', 'OK')
       GET key="k0" -> value="{\"Id\":6,\"V\":226}" version=227 err="OK"
  [1971] client=8  call=1773574945974ms return=1773574946074ms  get('k0') -> ('{"Id":6,"V":226}', '227', 'OK')
       GET key="k0" -> value="{\"Id\":6,\"V\":226}" version=227 err="OK"
  [1972] client=6  call=1773574946034ms return=1773574946125ms  get('k0') -> ('{"Id":6,"V":226}', '227', 'OK')
       GET key="k0" -> value="{\"Id\":6,\"V\":226}" version=227 err="OK"
  [1973] client=1  call=1773574946034ms return=1773574946135ms  put('k0', '{"Id":1,"V":227}', '227') -> ('ErrMaybe')
       PUT key="k0" value="{\"Id\":1,\"V\":227}" version=227 -> err="ErrMaybe"
  [1974] client=7  call=1773574946074ms return=1773574946135ms  put('k0', '{"Id":7,"V":227}', '227') -> ('OK')
       PUT key="k0" value="{\"Id\":7,\"V\":227}" version=227 -> err="OK"
  [1975] client=8  call=1773574946074ms return=1773574946155ms  put('k0', '{"Id":8,"V":227}', '227') -> ('ErrMaybe')
       PUT key="k0" value="{\"Id\":8,\"V\":227}" version=227 -> err="ErrMaybe"
  [1976] client=2  call=1773574946074ms return=1773574946155ms  get('k0') -> ('{"Id":7,"V":227}', '228', 'OK')
       GET key="k0" -> value="{\"Id\":7,\"V\":227}" version=228 err="OK"
  [1977] client=3  call=1773574946014ms return=1773574946175ms  put('k0', '{"Id":3,"V":226}', '226') -> ('ErrMaybe')
       PUT key="k0" value="{\"Id\":3,\"V\":226}" version=226 -> err="ErrMaybe"
  [1978] client=0  call=1773574946034ms return=1773574946175ms  get('k0') -> ('{"Id":7,"V":227}', '228', 'OK')
       GET key="k0" -> value="{\"Id\":7,\"V\":227}" version=228 err="OK"
  [1979] client=7  call=1773574946135ms return=1773574946205ms  get('k0') -> ('{"Id":7,"V":227}', '228', 'OK')
       GET key="k0" -> value="{\"Id\":7,\"V\":227}" version=228 err="OK"
  [1980] client=6  call=1773574946125ms return=1773574946216ms  put('k0', '{"Id":6,"V":227}', '227') -> ('ErrMaybe')
       PUT key="k0" value="{\"Id\":6,\"V\":227}" version=227 -> err="ErrMaybe"
  [1981] client=8  call=1773574946155ms return=1773574946226ms  get('k0') -> ('{"Id":7,"V":227}', '228', 'OK')
       GET key="k0" -> value="{\"Id\":7,\"V\":227}" version=228 err="OK"
  [1982] client=3  call=1773574946175ms return=1773574946236ms  get('k0') -> ('{"Id":2,"V":228}', '229', 'OK')
       GET key="k0" -> value="{\"Id\":2,\"V\":228}" version=229 err="OK"
  [1983] client=2  call=1773574946155ms return=1773574946236ms  put('k0', '{"Id":2,"V":228}', '228') -> ('OK')
       PUT key="k0" value="{\"Id\":2,\"V\":228}" version=228 -> err="OK"
  [1984] client=1  call=1773574946135ms return=1773574946266ms  get('k0') -> ('{"Id":2,"V":228}', '229', 'OK')
       GET key="k0" -> value="{\"Id\":2,\"V\":228}" version=229 err="OK"
  [1985] client=0  call=1773574946175ms return=1773574946266ms  put('k0', '{"Id":0,"V":228}', '228') -> ('ErrMaybe')
       PUT key="k0" value="{\"Id\":0,\"V\":228}" version=228 -> err="ErrMaybe"
  [1986] client=6  call=1773574946216ms return=1773574946287ms  get('k0') -> ('{"Id":2,"V":228}', '229', 'OK')
       GET key="k0" -> value="{\"Id\":2,\"V\":228}" version=229 err="OK"
  [1987] client=2  call=1773574946236ms return=1773574946297ms  get('k0') -> ('{"Id":2,"V":228}', '229', 'OK')
       GET key="k0" -> value="{\"Id\":2,\"V\":228}" version=229 err="OK"
  [1988] client=0  call=1773574946266ms return=1773574946308ms  get('k0') -> ('{"Id":2,"V":228}', '229', 'OK')
       GET key="k0" -> value="{\"Id\":2,\"V\":228}" version=229 err="OK"
  [1989] client=8  call=1773574946226ms return=1773574946318ms  put('k0', '{"Id":8,"V":228}', '228') -> ('ErrMaybe')
       PUT key="k0" value="{\"Id\":8,\"V\":228}" version=228 -> err="ErrMaybe"
  [1990] client=1  call=1773574946266ms return=1773574946318ms  put('k0', '{"Id":1,"V":229}', '229') -> ('ErrMaybe')
       PUT key="k0" value="{\"Id\":1,\"V\":229}" version=229 -> err="ErrMaybe"
  [1991] client=6  call=1773574946287ms return=1773574946339ms  put('k0', '{"Id":6,"V":229}', '229') -> ('ErrMaybe')
       PUT key="k0" value="{\"Id\":6,\"V\":229}" version=229 -> err="ErrMaybe"
  [1992] client=7  call=1773574946205ms return=1773574946369ms  put('k0', '{"Id":7,"V":228}', '228') -> ('ErrMaybe')
       PUT key="k0" value="{\"Id\":7,\"V\":228}" version=228 -> err="ErrMaybe"
  [1993] client=1  call=1773574946318ms return=1773574946389ms  get('k0') -> ('{"Id":3,"V":229}', '230', 'OK')
       GET key="k0" -> value="{\"Id\":3,\"V\":229}" version=230 err="OK"
  [1994] client=2  call=1773574946297ms return=1773574946389ms  put('k0', '{"Id":2,"V":229}', '229') -> ('ErrMaybe')
       PUT key="k0" value="{\"Id\":2,\"V\":229}" version=229 -> err="ErrMaybe"
  [1995] client=8  call=1773574946318ms return=1773574946389ms  get('k0') -> ('{"Id":3,"V":229}', '230', 'OK')
       GET key="k0" -> value="{\"Id\":3,\"V\":229}" version=230 err="OK"
  [1996] client=3  call=1773574946236ms return=1773574946399ms  put('k0', '{"Id":3,"V":229}', '229') -> ('ErrMaybe')
       PUT key="k0" value="{\"Id\":3,\"V\":229}" version=229 -> err="ErrMaybe"
  [1997] client=0  call=1773574946308ms return=1773574946409ms  put('k0', '{"Id":0,"V":229}', '229') -> ('ErrMaybe')
       PUT key="k0" value="{\"Id\":0,\"V\":229}" version=229 -> err="ErrMaybe"
  [1998] client=7  call=1773574946369ms return=1773574946429ms  get('k0') -> ('{"Id":3,"V":229}', '230', 'OK')
       GET key="k0" -> value="{\"Id\":3,\"V\":229}" version=230 err="OK"
  [1999] client=2  call=1773574946389ms return=1773574946460ms  get('k0') -> ('{"Id":3,"V":229}', '230', 'OK')
       GET key="k0" -> value="{\"Id\":3,\"V\":229}" version=230 err="OK"
  [2000] client=0  call=1773574946409ms return=1773574946480ms  get('k0') -> ('{"Id":1,"V":230}', '231', 'OK')
       GET key="k0" -> value="{\"Id\":1,\"V\":230}" version=231 err="OK"
  [2001] client=1  call=1773574946389ms return=1773574946480ms  put('k0', '{"Id":1,"V":230}', '230') -> ('OK')
       PUT key="k0" value="{\"Id\":1,\"V\":230}" version=230 -> err="OK"
  [2002] client=6  call=1773574946339ms return=1773574946500ms  get('k0') -> ('{"Id":1,"V":230}', '231', 'OK')
       GET key="k0" -> value="{\"Id\":1,\"V\":230}" version=231 err="OK"
  [2003] client=7  call=1773574946429ms return=1773574946500ms  put('k0', '{"Id":7,"V":230}', '230') -> ('ErrMaybe')
       PUT key="k0" value="{\"Id\":7,\"V\":230}" version=230 -> err="ErrMaybe"
  [2004] client=8  call=1773574946389ms return=1773574946520ms  put('k0', '{"Id":8,"V":230}', '230') -> ('ErrMaybe')
       PUT key="k0" value="{\"Id\":8,\"V\":230}" version=230 -> err="ErrMaybe"
  [2005] client=2  call=1773574946460ms return=1773574946570ms  put('k0', '{"Id":2,"V":230}', '230') -> ('ErrMaybe')
       PUT key="k0" value="{\"Id\":2,\"V\":230}" version=230 -> err="ErrMaybe"
  [2006] client=1  call=1773574946480ms return=1773574946570ms  get('k0') -> ('{"Id":1,"V":230}', '231', 'OK')
       GET key="k0" -> value="{\"Id\":1,\"V\":230}" version=231 err="OK"
  [2007] client=6  call=1773574946500ms return=1773574946581ms  put('k0', '{"Id":6,"V":231}', '231') -> ('OK')
       PUT key="k0" value="{\"Id\":6,\"V\":231}" version=231 -> err="OK"
  [2008] client=3  call=1773574946399ms return=1773574946611ms  get('k0') -> ('{"Id":6,"V":231}', '232', 'OK')
       GET key="k0" -> value="{\"Id\":6,\"V\":231}" version=232 err="OK"
  [2009] client=8  call=1773574946520ms return=1773574946611ms  get('k0') -> ('{"Id":6,"V":231}', '232', 'OK')
       GET key="k0" -> value="{\"Id\":6,\"V\":231}" version=232 err="OK"
  [2010] client=0  call=1773574946480ms return=1773574946621ms  put('k0', '{"Id":0,"V":231}', '231') -> ('ErrMaybe')
       PUT key="k0" value="{\"Id\":0,\"V\":231}" version=231 -> err="ErrMaybe"
  [2011] client=6  call=1773574946581ms return=1773574946652ms  get('k0') -> ('{"Id":6,"V":231}', '232', 'OK')
       GET key="k0" -> value="{\"Id\":6,\"V\":231}" version=232 err="OK"
  [2012] client=7  call=1773574946500ms return=1773574946683ms  get('k0') -> ('{"Id":8,"V":232}', '233', 'OK')
       GET key="k0" -> value="{\"Id\":8,\"V\":232}" version=233 err="OK"
  [2013] client=2  call=1773574946570ms return=1773574946683ms  get('k0') -> ('{"Id":8,"V":232}', '233', 'OK')
       GET key="k0" -> value="{\"Id\":8,\"V\":232}" version=233 err="OK"
  [2014] client=8  call=1773574946611ms return=1773574946683ms  put('k0', '{"Id":8,"V":232}', '232') -> ('OK')
       PUT key="k0" value="{\"Id\":8,\"V\":232}" version=232 -> err="OK"
  [2015] client=1  call=1773574946571ms return=1773574946683ms  put('k0', '{"Id":1,"V":231}', '231') -> ('ErrMaybe')
       PUT key="k0" value="{\"Id\":1,\"V\":231}" version=231 -> err="ErrMaybe"
  [2016] client=6  call=1773574946652ms return=1773574946723ms  put('k0', '{"Id":6,"V":232}', '232') -> ('ErrMaybe')
       PUT key="k0" value="{\"Id\":6,\"V\":232}" version=232 -> err="ErrMaybe"
  [2017] client=3  call=1773574946611ms return=1773574946743ms  put('k0', '{"Id":3,"V":232}', '232') -> ('ErrMaybe')
       PUT key="k0" value="{\"Id\":3,\"V\":232}" version=232 -> err="ErrMaybe"
  [2018] client=8  call=1773574946683ms return=1773574946753ms  get('k0') -> ('{"Id":7,"V":233}', '234', 'OK')
       GET key="k0" -> value="{\"Id\":7,\"V\":233}" version=234 err="OK"
  [2019] client=7  call=1773574946683ms return=1773574946753ms  put('k0', '{"Id":7,"V":233}', '233') -> ('OK')
       PUT key="k0" value="{\"Id\":7,\"V\":233}" version=233 -> err="OK"
  [2020] client=1  call=1773574946683ms return=1773574946753ms  get('k0') -> ('{"Id":7,"V":233}', '234', 'OK')
       GET key="k0" -> value="{\"Id\":7,\"V\":233}" version=234 err="OK"
  [2021] client=0  call=1773574946621ms return=1773574946764ms  get('k0') -> ('{"Id":7,"V":233}', '234', 'OK')
       GET key="k0" -> value="{\"Id\":7,\"V\":233}" version=234 err="OK"
  [2022] client=2  call=1773574946683ms return=1773574946794ms  put('k0', '{"Id":2,"V":233}', '233') -> ('ErrMaybe')
       PUT key="k0" value="{\"Id\":2,\"V\":233}" version=233 -> err="ErrMaybe"
  [2023] client=3  call=1773574946743ms return=1773574946825ms  get('k0') -> ('{"Id":8,"V":234}', '235', 'OK')
       GET key="k0" -> value="{\"Id\":8,\"V\":234}" version=235 err="OK"
  [2024] client=8  call=1773574946753ms return=1773574946825ms  put('k0', '{"Id":8,"V":234}', '234') -> ('OK')
       PUT key="k0" value="{\"Id\":8,\"V\":234}" version=234 -> err="OK"
  [2025] client=0  call=1773574946764ms return=1773574946845ms  put('k0', '{"Id":0,"V":234}', '234') -> ('ErrMaybe')
       PUT key="k0" value="{\"Id\":0,\"V\":234}" version=234 -> err="ErrMaybe"
  [2026] client=7  call=1773574946753ms return=1773574946845ms  get('k0') -> ('{"Id":8,"V":234}', '235', 'OK')
       GET key="k0" -> value="{\"Id\":8,\"V\":234}" version=235 err="OK"
  [2027] client=1  call=1773574946753ms return=1773574946845ms  put('k0', '{"Id":1,"V":234}', '234') -> ('ErrMaybe')
       PUT key="k0" value="{\"Id\":1,\"V\":234}" version=234 -> err="ErrMaybe"
  [2028] client=2  call=1773574946794ms return=1773574946855ms  get('k0') -> ('{"Id":8,"V":234}', '235', 'OK')
       GET key="k0" -> value="{\"Id\":8,\"V\":234}" version=235 err="OK"
  [2029] client=2  call=1773574946855ms return=1773574946906ms  put('k0', '{"Id":2,"V":235}', '235') -> ('ErrMaybe')
       PUT key="k0" value="{\"Id\":2,\"V\":235}" version=235 -> err="ErrMaybe"
  [2030] client=3  call=1773574946825ms return=1773574946906ms  put('k0', '{"Id":3,"V":235}', '235') -> ('OK')
       PUT key="k0" value="{\"Id\":3,\"V\":235}" version=235 -> err="OK"
  [2031] client=0  call=1773574946845ms return=1773574946917ms  get('k0') -> ('{"Id":3,"V":235}', '236', 'OK')
       GET key="k0" -> value="{\"Id\":3,\"V\":235}" version=236 err="OK"
  [2032] client=7  call=1773574946845ms return=1773574946927ms  put('k0', '{"Id":7,"V":235}', '235') -> ('ErrMaybe')
       PUT key="k0" value="{\"Id\":7,\"V\":235}" version=235 -> err="ErrMaybe"
  [2033] client=6  call=1773574946723ms return=1773574946927ms  get('k0') -> ('{"Id":3,"V":235}', '236', 'OK')
       GET key="k0" -> value="{\"Id\":3,\"V\":235}" version=236 err="OK"
  [2034] client=2  call=1773574946906ms return=1773574946977ms  get('k0') -> ('{"Id":3,"V":235}', '236', 'OK')
       GET key="k0" -> value="{\"Id\":3,\"V\":235}" version=236 err="OK"
  [2035] client=1  call=1773574946845ms return=1773574946978ms  get('k0') -> ('{"Id":6,"V":236}', '237', 'OK')
       GET key="k0" -> value="{\"Id\":6,\"V\":236}" version=237 err="OK"
  [2036] client=0  call=1773574946917ms return=1773574947018ms  put('k0', '{"Id":0,"V":236}', '236') -> ('ErrMaybe')
       PUT key="k0" value="{\"Id\":0,\"V\":236}" version=236 -> err="ErrMaybe"
  [2037] client=7  call=1773574946927ms return=1773574947018ms  get('k0') -> ('{"Id":6,"V":236}', '237', 'OK')
       GET key="k0" -> value="{\"Id\":6,\"V\":236}" version=237 err="OK"
  [2038] client=2  call=1773574946978ms return=1773574947048ms  put('k0', '{"Id":2,"V":236}', '236') -> ('ErrMaybe')
       PUT key="k0" value="{\"Id\":2,\"V\":236}" version=236 -> err="ErrMaybe"
  [2039] client=1  call=1773574946978ms return=1773574947058ms  put('k0', '{"Id":1,"V":237}', '237') -> ('OK')
       PUT key="k0" value="{\"Id\":1,\"V\":237}" version=237 -> err="OK"
  [2040] client=3  call=1773574946906ms return=1773574947058ms  get('k0') -> ('{"Id":6,"V":236}', '237', 'OK')
       GET key="k0" -> value="{\"Id\":6,\"V\":236}" version=237 err="OK"
  [2041] client=0  call=1773574947018ms return=1773574947068ms  get('k0') -> ('{"Id":1,"V":237}', '238', 'OK')
       GET key="k0" -> value="{\"Id\":1,\"V\":237}" version=238 err="OK"
  [2042] client=6  call=1773574946927ms return=1773574947068ms  put('k0', '{"Id":6,"V":236}', '236') -> ('ErrMaybe')
       PUT key="k0" value="{\"Id\":6,\"V\":236}" version=236 -> err="ErrMaybe"
  [2043] client=7  call=1773574947018ms return=1773574947078ms  put('k0', '{"Id":7,"V":237}', '237') -> ('ErrMaybe')
       PUT key="k0" value="{\"Id\":7,\"V\":237}" version=237 -> err="ErrMaybe"
  [2044] client=3  call=1773574947058ms return=1773574947140ms  put('k0', '{"Id":3,"V":237}', '237') -> ('ErrMaybe')
       PUT key="k0" value="{\"Id\":3,\"V\":237}" version=237 -> err="ErrMaybe"
  [2045] client=0  call=1773574947068ms return=1773574947140ms  put('k0', '{"Id":0,"V":238}', '238') -> ('OK')
       PUT key="k0" value="{\"Id\":0,\"V\":238}" version=238 -> err="OK"
  [2046] client=1  call=1773574947058ms return=1773574947140ms  get('k0') -> ('{"Id":0,"V":238}', '239', 'OK')
       GET key="k0" -> value="{\"Id\":0,\"V\":238}" version=239 err="OK"
  [2047] client=6  call=1773574947068ms return=1773574947160ms  get('k0') -> ('{"Id":0,"V":238}', '239', 'OK')
       GET key="k0" -> value="{\"Id\":0,\"V\":238}" version=239 err="OK"
  [2048] client=8  call=1773574946825ms return=1773574947180ms  get('k0') -> ('{"Id":0,"V":238}', '239', 'OK')
       GET key="k0" -> value="{\"Id\":0,\"V\":238}" version=239 err="OK"
  [2049] client=7  call=1773574947078ms return=1773574947180ms  get('k0') -> ('{"Id":0,"V":238}', '239', 'OK')
       GET key="k0" -> value="{\"Id\":0,\"V\":238}" version=239 err="OK"
  [2050] client=2  call=1773574947048ms return=1773574947201ms  get('k0') -> ('{"Id":0,"V":238}', '239', 'OK')
       GET key="k0" -> value="{\"Id\":0,\"V\":238}" version=239 err="OK"
  [2051] client=0  call=1773574947140ms return=1773574947211ms  get('k0') -> ('{"Id":0,"V":238}', '239', 'OK')
       GET key="k0" -> value="{\"Id\":0,\"V\":238}" version=239 err="OK"
  [2052] client=8  call=1773574947180ms return=1773574947221ms  put('k0', '{"Id":8,"V":239}', '239') -> ('OK')
       PUT key="k0" value="{\"Id\":8,\"V\":239}" version=239 -> err="OK"
  [2053] client=1  call=1773574947140ms return=1773574947231ms  put('k0', '{"Id":1,"V":239}', '239') -> ('ErrMaybe')
       PUT key="k0" value="{\"Id\":1,\"V\":239}" version=239 -> err="ErrMaybe"
  [2054] client=2  call=1773574947201ms return=1773574947261ms  put('k0', '{"Id":2,"V":239}', '239') -> ('ErrMaybe')
       PUT key="k0" value="{\"Id\":2,\"V\":239}" version=239 -> err="ErrMaybe"
  [2055] client=3  call=1773574947140ms return=1773574947261ms  get('k0') -> ('{"Id":8,"V":239}', '240', 'OK')
       GET key="k0" -> value="{\"Id\":8,\"V\":239}" version=240 err="OK"
  [2056] client=7  call=1773574947180ms return=1773574947271ms  put('k0', '{"Id":7,"V":239}', '239') -> ('ErrMaybe')
       PUT key="k0" value="{\"Id\":7,\"V\":239}" version=239 -> err="ErrMaybe"
  [2057] client=8  call=1773574947221ms return=1773574947271ms  get('k0') -> ('{"Id":8,"V":239}', '240', 'OK')
       GET key="k0" -> value="{\"Id\":8,\"V\":239}" version=240 err="OK"
  [2058] client=0  call=1773574947211ms return=1773574947292ms  put('k0', '{"Id":0,"V":239}', '239') -> ('ErrMaybe')
       PUT key="k0" value="{\"Id\":0,\"V\":239}" version=239 -> err="ErrMaybe"
  [2059] client=7  call=1773574947271ms return=1773574947342ms  get('k0') -> ('{"Id":8,"V":239}', '240', 'OK')
       GET key="k0" -> value="{\"Id\":8,\"V\":239}" version=240 err="OK"
  [2060] client=6  call=1773574947160ms return=1773574947352ms  put('k0', '{"Id":6,"V":239}', '239') -> ('ErrMaybe')
       PUT key="k0" value="{\"Id\":6,\"V\":239}" version=239 -> err="ErrMaybe"
  [2061] client=1  call=1773574947231ms return=1773574947372ms  get('k0') -> ('{"Id":8,"V":239}', '240', 'OK')
       GET key="k0" -> value="{\"Id\":8,\"V\":239}" version=240 err="OK"
  [2062] client=2  call=1773574947261ms return=1773574947403ms  get('k0') -> ('{"Id":8,"V":239}', '240', 'OK')
       GET key="k0" -> value="{\"Id\":8,\"V\":239}" version=240 err="OK"
  [2063] client=6  call=1773574947352ms return=1773574947433ms  get('k0') -> ('{"Id":8,"V":239}', '240', 'OK')
       GET key="k0" -> value="{\"Id\":8,\"V\":239}" version=240 err="OK"
  [2064] client=0  call=1773574947292ms return=1773574947454ms  get('k0') -> ('{"Id":8,"V":239}', '240', 'OK')
       GET key="k0" -> value="{\"Id\":8,\"V\":239}" version=240 err="OK"
=== end operation history ===
